,rock_name,long,lat,SiO2n,TiO2n,Al2O3n,FeOn,MnOn,MgOn,CaOn,Na2On,K2On,P2O5n
0,Basalt,-122.585,46.23,47.77,1.33,15.38,9.59,0.17,10.76,11.28,2.69,0.62,0.41
1,Basalt,-122.5806,46.2436,47.94,1.28,15.22,9.6,0.18,10.87,11.39,2.17,0.96,0.38
2,Basalt,-122.5925,46.2036,51.5,1.12,16.04,8.77,0.15,9.49,9.8,2.64,0.33,0.16
3,Basalt,-122.5797,46.2144,45.66,1.6,14.87,9.9,0.17,9.81,13.09,3.09,0.96,0.84
4,Basalt,-122.5839,46.21,48.24,1.34,15.91,10.16,0.17,10.06,10.78,2.51,0.56,0.26
5,Basalt,-122.5814,46.2222,45.42,1.57,14.97,10.13,0.19,9.94,13.01,3.3,0.76,0.7
6,Basaltic andesite,-122.5789,46.2078,52.54,1.26,16.45,8.38,0.14,8.16,9.2,3.06,0.57,0.22
7,Basalt,-122.5842,46.2172,48.32,1.4,15.83,10.46,0.19,9.98,10.59,2.48,0.49,0.26
8,Basalt,-122.5731,46.2275,50.59,1.55,16.53,9.76,0.16,8.14,9.64,2.94,0.43,0.26
9,Basalt,-122.62,46.2433,50.38,1.51,16.08,9.62,0.16,7.9,10.18,2.94,0.87,0.37
10,Basalt,-122.6092,46.18,50.61,1.43,16.8,9.46,0.18,7.76,10.51,2.66,0.38,0.21
11,Basaltic andesite,-122.535,46.25,52.9,1.37,16.95,8.47,0.14,6.74,9.56,3.06,0.56,0.25
12,Basalt,-122.6022,46.1967,51.7,1.28,16.96,8.83,0.15,7.54,9.98,2.88,0.46,0.22
13,Basalt,-122.5658,46.2369,50.5,1.53,16.53,9.8,0.15,8.29,9.57,2.95,0.44,0.25
14,Basalt,-122.6175,46.1761,50.3,1.5,16.73,9.88,0.16,7.76,10.27,2.75,0.41,0.24
15,Basalt,-122.5703,46.2167,50.92,1.52,16.6,9.65,0.15,8.1,9.32,3.01,0.47,0.26
16,Basalt,-122.3458,46.2033,48.01,1.53,16.45,10.9,0.19,8.68,10.97,2.49,0.51,0.27
17,Basalt,-122.6106,46.2331,51.82,1.48,17.04,9.08,0.14,7.11,9.08,3.35,0.61,0.3
18,Basaltic andesite,-122.5858,46.2025,53.25,1.31,16.93,8.48,0.14,6.62,9.24,3.18,0.6,0.25
19,Basaltic andesite,-122.5756,46.1403,52.12,1.44,17.13,9.02,0.15,6.55,9.46,3.28,0.51,0.34
20,Basaltic andesite,-122.5642,46.2008,52.98,1.38,17.63,8.76,0.15,5.89,9.21,3.16,0.6,0.24
21,Basaltic andesite,-122.5767,46.2106,52.12,1.37,17.34,8.85,0.18,6.4,9.81,3.08,0.6,0.26
22,Basaltic andesite,-122.5617,46.2403,52.07,1.66,16.53,9.67,0.15,6.65,9.25,3.18,0.54,0.3
23,Basaltic andesite,-122.5708,46.2469,52.6,1.61,16.68,9.26,0.16,6.22,9.39,3.18,0.52,0.38
24,Basaltic andesite,-122.5628,46.2489,52.3,1.64,16.78,9.46,0.18,6.21,9.55,3.19,0.32,0.37
25,Basaltic andesite,-122.62,46.1517,53.31,1.46,17.53,8.72,0.14,5.65,9.08,3.24,0.59,0.28
26,Andesite,-122.5314,46.2453,59.09,0.96,17.42,6.29,0.12,4.03,6.95,3.98,0.88,0.28
27,Basaltic andesite,-122.6147,46.1961,53.64,1.42,17.23,8.73,0.14,5.54,9.15,3.25,0.64,0.27
28,Basalt,-122.6611,46.2947,47.18,0.97,13.79,8.88,0.15,14.91,10.93,1.79,1.03,0.39
29,Basalt,-122.7364,46.2872,47.94,1.15,15.33,8.92,0.17,11.11,11.52,2.06,1.19,0.61
30,Basalt,-122.6281,46.3631,49.09,1.33,14.16,8.67,0.14,10.75,11.37,2.05,1.78,0.67
31,Basalt,-122.6347,46.3686,49.18,1.35,14.36,8.79,0.15,10.75,10.95,2.11,1.7,0.65
32,Basalt,-122.7411,46.2736,48.48,1.26,15.27,9.17,0.17,10.93,11.24,2.27,0.75,0.45
33,Basaltic andesite,-122.7139,46.2792,52.69,1.08,16.38,8.0,0.14,9.04,9.07,2.89,0.51,0.2
34,Basalt,-122.7492,46.2742,49.5,1.29,15.82,9.37,0.16,10.04,10.61,2.46,0.47,0.29
35,Basaltic andesite,-122.7189,46.2836,52.77,1.14,16.98,8.12,0.13,8.28,8.69,3.12,0.55,0.22
36,Basalt,-122.7436,46.2822,48.92,1.31,15.41,9.34,0.16,10.23,11.2,2.33,0.69,0.41
37,Basalt,-122.6453,46.3614,51.03,1.26,15.6,9.21,0.15,8.77,10.43,2.61,0.66,0.27
38,Basaltic andesite,-122.6981,46.2786,52.83,1.24,16.76,8.24,0.14,7.54,9.34,3.04,0.62,0.25
39,Basaltic andesite,-122.7075,46.3067,55.16,1.0,16.45,7.87,0.14,6.99,8.12,3.18,0.76,0.34
40,Basalt,-122.7481,46.2583,50.51,1.49,16.32,9.67,0.15,8.42,9.91,2.72,0.41,0.4
41,Basalt,-122.6342,46.26,51.72,1.33,16.87,9.05,0.15,7.23,9.71,3.04,0.55,0.35
42,Basalt,-122.5953,46.3014,50.69,0.87,14.77,8.83,0.15,11.49,10.67,2.08,0.26,0.18
43,Basalt,-122.6189,46.3125,50.74,0.94,15.11,8.83,0.15,10.82,10.41,2.37,0.44,0.19
44,Basalt,-122.5803,46.2514,48.2,1.27,15.38,9.47,0.18,10.94,11.04,2.2,0.95,0.37
45,Basalt,-122.5942,46.3064,48.6,1.22,16.23,8.45,0.15,9.61,12.33,2.22,0.89,0.3
46,Basalt,-122.5147,46.2525,50.58,1.19,16.38,9.14,0.15,9.69,9.61,2.58,0.48,0.2
47,Basalt,-122.5072,46.2603,49.15,1.62,15.49,9.79,0.16,9.14,10.67,2.69,0.89,0.39
48,Basalt,-122.53,46.2647,51.39,1.28,16.65,8.89,0.15,8.05,9.92,2.88,0.55,0.23
49,Basaltic andesite,-122.5711,46.2619,52.74,1.31,16.96,8.37,0.15,6.56,10.19,2.96,0.43,0.32
50,Basalt,-122.5844,46.3594,50.82,1.59,15.95,9.25,0.17,7.53,10.29,2.91,1.03,0.45
51,Basaltic andesite,-122.5594,46.2506,52.1,1.6,16.96,9.28,0.14,6.53,9.35,3.23,0.53,0.28
52,Basaltic andesite,-122.5706,46.3619,52.27,1.68,17.18,9.06,0.16,5.54,9.8,3.1,0.84,0.37
53,Basaltic andesite,-122.5753,46.3625,56.04,1.43,16.84,8.16,0.16,4.55,7.9,3.44,1.01,0.47
54,Basaltic andesite,-122.5219,46.2725,53.67,1.55,17.99,8.38,0.16,4.58,8.96,3.41,1.04,0.27
55,Basaltic andesite,-122.6094,46.3608,56.59,1.48,16.51,8.34,0.21,4.35,7.83,3.43,0.85,0.42
56,Basalt,-122.6483,46.1508,50.72,1.2,16.91,8.84,0.14,7.98,10.52,2.29,1.2,0.22
57,Basaltic andesite,-122.6331,46.2108,52.29,1.33,16.55,8.82,0.14,7.37,9.66,3.03,0.55,0.25
58,Basaltic andesite,-122.6294,46.24,53.22,1.42,17.29,8.62,0.21,5.92,9.14,3.26,0.52,0.39
59,Basalt,-122.6131,46.3883,47.89,1.32,11.95,9.82,0.18,15.24,10.0,1.9,1.26,0.44
60,Basaltic andesite,-122.585,46.3856,53.15,0.96,15.26,8.29,0.14,10.24,8.49,2.78,0.5,0.18
61,Basalt,-122.4261,46.3908,49.02,1.67,13.79,8.81,0.15,10.62,10.11,2.47,2.62,0.74
62,Basalt,-122.5944,46.385,49.2,1.26,15.92,9.18,0.17,10.25,10.78,2.38,0.61,0.25
63,Basaltic andesite,-122.5742,46.3858,52.76,1.03,15.48,8.57,0.15,9.48,8.95,2.73,0.66,0.18
64,Basalt,-122.6192,46.4114,48.9,1.28,16.13,9.11,0.15,9.44,11.61,2.31,0.78,0.28
65,Basalt,-122.5461,46.3783,50.76,1.47,16.61,9.28,0.17,8.11,9.5,2.8,0.88,0.43
66,Basaltic andesite,-122.5667,46.3847,55.37,1.1,14.82,8.01,0.15,7.39,9.24,2.76,0.95,0.21
67,Basalt,-122.6208,46.3886,48.96,2.45,13.75,11.55,0.18,10.08,9.75,2.36,0.68,0.24
68,Basaltic andesite,-122.6108,46.4124,55.29,1.19,16.35,7.98,0.15,6.16,8.17,3.23,1.19,0.3
69,Basaltic andesite,-122.5828,46.4272,55.62,1.31,16.84,8.32,0.14,4.93,8.2,3.4,0.9,0.35
70,Basalt,-122.6017,46.3972,50.33,2.07,16.54,10.38,0.16,5.74,10.72,2.92,0.76,0.38
71,Basalt,-122.5389,46.0872,51.25,1.41,16.34,9.37,0.15,8.51,9.38,2.78,0.53,0.28
72,Basaltic andesite,-122.5797,46.0711,54.24,1.04,16.83,8.14,0.14,7.16,8.52,3.07,0.67,0.19
73,Diorite,-122.401,45.944,56.02,1.51,16.67,9.77,0.2,2.47,8.74,3.79,0.6,0.23
74,Basalt,-122.4198,45.9657,48.04,1.8,15.76,10.07,0.17,9.62,10.45,2.63,0.98,0.47
75,Basaltic andesite,-122.442,45.983,54.83,2.23,15.9,10.25,0.21,3.5,7.03,4.5,1.03,0.53
76,Diorite,-122.428,45.945,57.15,1.24,18.01,8.24,0.18,2.58,7.93,3.87,0.6,0.2
77,Basaltic andesite,-122.487,45.883,56.24,1.2,19.48,6.91,0.18,2.63,8.83,3.69,0.66,0.19
78,Diorite,-122.443,45.971,58.24,1.31,15.45,7.97,0.15,4.39,7.39,3.33,1.48,0.28
79,Basaltic andesite,-122.436,45.988,55.04,2.26,15.85,10.42,0.19,3.31,6.93,4.4,1.05,0.54
80,Dacite,-122.484,45.896,65.8,0.73,16.31,5.03,0.15,1.23,4.59,5.07,0.85,0.24
81,Basaltic andesite,-122.417,45.993,54.66,1.71,18.28,8.1,0.13,3.32,8.38,4.0,1.05,0.35
82,Basaltic andesite,-122.381,45.918,55.41,1.25,18.03,7.83,0.16,4.26,8.71,3.56,0.59,0.19
83,Andesite,-122.433,45.991,57.22,2.03,15.57,9.48,0.2,2.97,6.39,4.67,1.08,0.4
84,Dacite,-122.377,45.919,66.32,0.76,14.89,5.58,0.12,1.84,4.58,3.88,1.88,0.16
85,Dacite,-122.456,45.931,70.28,0.61,15.21,3.72,0.13,0.27,2.46,4.86,2.31,0.15
86,Basalt,-122.467,45.991,51.65,1.75,15.5,10.78,0.19,5.71,10.36,3.31,0.49,0.24
87,Basalt,-122.389,45.985,51.72,1.79,15.47,10.93,0.21,5.64,10.18,3.32,0.49,0.25
88,Andesite,-122.439,45.953,57.78,1.61,16.69,8.52,0.16,2.92,6.84,4.12,1.05,0.32
89,Basaltic andesite,-122.443,45.885,55.82,1.13,19.87,6.77,0.16,2.7,9.04,3.72,0.61,0.18
90,Basaltic andesite,-122.496,45.918,56.37,1.82,15.8,9.94,0.18,3.47,7.68,3.77,0.7,0.28
91,Basaltic andesite,-122.44,45.93,52.65,1.63,17.11,9.23,0.16,4.73,9.95,3.01,1.24,0.3
92,Microdiorite,-122.489,45.98,54.06,1.61,17.23,8.31,0.15,4.55,9.29,3.46,1.05,0.29
93,Basaltic andesite,-122.479,45.884,55.96,1.13,19.64,7.01,0.18,2.69,8.88,3.7,0.63,0.18
94,Basaltic andesite dike,-122.419,45.988,55.05,2.02,15.48,9.79,0.17,4.35,8.48,3.68,0.59,0.38
95,Basaltic andesite,-122.462,45.943,55.97,1.93,15.24,10.45,0.19,3.57,7.61,3.49,1.22,0.34
96,Basaltic andesite,-122.401,45.974,53.0,1.0,20.73,7.2,0.16,3.65,10.29,3.25,0.58,0.14
97,Basaltic andesite,-122.405,45.902,55.28,1.21,19.22,7.92,0.16,3.12,8.85,3.46,0.58,0.19
98,Andesite,-122.439,45.963,59.47,1.41,16.03,8.25,0.17,2.9,6.3,4.23,1.05,0.18
99,Basaltic andesite,-122.496,45.894,54.54,0.95,17.9,8.15,0.15,4.95,9.51,2.99,0.72,0.14
100,Basaltic andesite,-122.422,45.938,55.86,1.61,16.2,9.51,0.16,3.99,7.71,3.81,0.89,0.26
101,Andesite,-122.45,45.975,61.66,1.57,15.34,6.87,0.14,2.62,6.49,4.21,0.72,0.37
102,Basaltic andesite,-122.41,45.877,54.18,1.11,18.62,7.78,0.19,4.59,9.68,3.19,0.53,0.15
103,Basaltic andesite,-122.39,45.892,52.8,1.39,17.99,9.75,0.18,4.45,9.69,3.08,0.48,0.19
104,Basaltic andesite,-122.378,45.933,55.01,1.32,18.0,8.82,0.16,3.48,8.86,3.3,0.84,0.21
105,Andesite,-122.449,45.963,57.45,1.15,16.91,7.58,0.14,4.29,7.53,3.62,1.15,0.2
106,Andesite,-122.389,45.917,57.23,1.29,18.44,7.5,0.16,2.65,7.65,4.07,0.78,0.23
107,Andesite,-122.415,45.909,61.22,1.37,15.82,7.75,0.17,2.19,5.57,3.98,1.63,0.3
108,Microdiorite,-122.428,45.906,58.75,0.39,20.28,4.01,0.09,3.67,8.69,3.1,0.91,0.1
109,Basaltic andesite,-122.496,45.928,55.92,1.77,15.92,9.78,0.18,3.83,7.76,3.68,0.9,0.26
110,Basaltic andesite,-122.375,45.9,53.82,1.68,16.01,10.39,0.2,4.66,9.47,2.99,0.54,0.24
111,Basaltic andesite,-122.467,45.933,56.42,1.76,15.54,9.8,0.19,3.77,7.65,3.65,0.96,0.26
112,Andesite,-122.425,45.892,59.56,0.91,17.57,6.26,0.15,3.32,7.41,3.84,0.84,0.14
113,Andesite,-122.427,45.995,57.31,2.16,15.38,9.18,0.19,3.2,6.73,4.22,1.18,0.45
114,Andesite,-122.422,45.9087,61.43,1.32,16.13,7.63,0.14,1.96,5.38,4.22,1.51,0.28
115,Andesite,-122.419,45.892,57.44,0.96,18.57,7.04,0.18,3.2,8.17,3.58,0.72,0.13
116,Andesite,-122.39,45.964,58.28,1.33,15.96,7.92,0.13,3.95,7.14,3.51,1.44,0.34
117,Andesite,-122.482,45.961,57.38,1.23,16.81,7.68,0.16,4.08,7.4,3.57,1.46,0.23
118,Andesite,-122.42,45.887,57.93,1.36,17.13,7.73,0.18,3.25,7.17,4.02,1.01,0.22
119,Basaltic andesite,-122.398,45.976,54.22,2.13,16.0,9.76,0.22,4.23,8.23,3.98,0.85,0.37
120,Basaltic andesite,-122.497,45.967,53.69,0.9,18.88,7.23,0.14,5.19,10.0,3.09,0.75,0.13
121,Basaltic andesite,-122.479,45.929,55.76,1.78,15.79,9.96,0.21,3.94,7.6,3.81,0.89,0.26
122,Basaltic andesite,-122.44,45.964,56.01,1.11,18.03,7.64,0.15,3.9,8.55,3.41,1.02,0.18
123,Basaltic andesite,-122.479,45.885,56.81,1.61,16.56,9.05,0.21,3.22,7.55,4.06,0.71,0.24
124,Andesite,-122.381,45.963,58.87,1.36,16.24,6.72,0.14,4.24,7.68,3.74,0.67,0.35
125,Basaltic andesite,-122.478,45.957,54.9,1.06,17.63,8.04,0.15,4.51,9.45,3.35,0.76,0.16
126,Basaltic andesite,-122.462,45.885,54.93,1.17,20.19,7.23,0.15,2.69,9.47,3.47,0.52,0.19
127,Basalt,-122.455,45.964,51.91,1.34,17.36,8.52,0.17,6.64,9.74,3.16,0.88,0.28
128,Andesite,-122.4453,45.9725,60.59,1.5,15.31,7.21,0.14,3.23,6.31,4.27,1.09,0.34
129,Basaltic andesite,-122.389,45.956,56.9,2.1,15.81,9.27,0.19,3.35,6.93,4.04,1.07,0.33
130,Andesite,-122.435,45.963,57.72,1.2,16.38,7.52,0.15,4.78,7.09,3.66,1.26,0.23
131,Basaltic andesite,-122.453,45.951,54.72,1.32,16.96,8.03,0.15,5.57,8.9,3.43,0.65,0.28
132,Basaltic andesite,-122.377,45.877,53.83,1.67,16.18,10.16,0.18,4.59,9.34,3.12,0.69,0.24
133,Andesite,-122.447,45.946,57.76,1.6,16.96,8.31,0.17,2.71,6.88,4.19,1.08,0.32
134,Basaltic andesite,-122.456,45.978,54.96,1.16,17.49,7.51,0.3,4.75,9.73,3.18,0.71,0.19
135,Diorite,-122.425,45.968,54.62,1.2,17.64,7.85,0.16,5.23,9.84,2.99,0.28,0.19
136,Andesite,-122.456,45.964,57.52,1.22,16.67,7.69,0.17,3.88,7.86,3.74,1.02,0.22
137,Basaltic andesite,-122.381,45.881,53.36,1.36,17.26,9.61,0.17,4.44,9.86,2.97,0.78,0.19
138,Basaltic andesite,-122.452,45.964,52.61,1.28,16.53,8.9,0.15,7.11,9.54,2.91,0.7,0.27
139,Basaltic andesite,-122.387,45.896,52.11,1.23,19.37,8.63,0.16,4.33,10.73,2.91,0.38,0.16
140,Basaltic andesite,-122.393,45.882,55.32,1.22,17.65,8.89,0.17,4.15,8.47,3.42,0.54,0.17
141,Basaltic andesite,-122.472,45.965,55.27,1.07,18.0,7.72,0.15,4.4,9.09,3.39,0.75,0.17
142,Basaltic andesite,-122.386,45.8618,55.98,1.79,15.87,10.23,0.19,3.39,7.87,3.74,0.69,0.25
143,Basaltic andesite,-122.391,45.8727,55.48,1.81,15.78,10.44,0.19,3.81,8.04,3.6,0.62,0.24
144,Basaltic andesite,-122.399,45.8048,52.91,1.31,17.53,9.13,0.17,5.04,10.04,2.94,0.73,0.22
145,Basaltic andesite,-122.387,45.7905,55.32,1.61,15.3,11.63,0.23,3.85,7.47,3.67,0.7,0.21
146,Basalt,-122.425,45.8308,50.9,1.11,21.65,8.02,0.15,3.6,11.35,2.78,0.33,0.11
147,Basaltic andesite,-122.421,45.8275,54.27,1.34,18.69,8.67,0.19,3.44,9.41,3.32,0.51,0.15
148,Basalt,-122.424,45.8248,51.53,1.1,21.92,7.3,0.15,3.27,11.2,3.01,0.38,0.15
149,Basaltic andesite,-122.407,45.8237,54.9,1.72,15.31,11.79,0.22,3.85,7.83,3.56,0.64,0.18
150,Basalt,-122.418,45.8243,51.32,1.06,22.5,7.01,0.14,3.15,11.48,2.84,0.36,0.14
151,Basaltic andesite,-122.421,45.819,54.93,1.5,16.5,9.41,0.18,4.18,9.27,3.01,0.77,0.26
152,Basaltic andesite,-122.414,45.8223,55.21,1.32,17.68,8.97,0.17,3.85,8.41,3.5,0.66,0.22
153,Basaltic andesite,-122.408,45.8537,52.31,1.34,17.3,9.89,0.18,4.95,10.3,2.98,0.58,0.17
154,Basaltic andesite,-122.5,45.8712,52.44,1.26,20.07,8.69,0.17,3.51,10.02,3.19,0.47,0.16
155,Basalt,-122.44,45.836,51.43,1.52,17.29,10.95,0.2,4.93,10.1,3.03,0.43,0.13
156,Basaltic andesite,-122.469,45.8318,55.31,1.68,15.32,11.57,0.23,3.57,7.55,3.87,0.71,0.19
157,Basaltic andesite,-122.397,45.8333,53.92,1.61,17.53,9.88,0.19,3.58,8.78,3.71,0.6,0.21
158,Basaltic andesite,-122.404,45.8343,54.29,1.88,15.59,11.43,0.2,3.85,8.01,3.86,0.66,0.24
159,Basaltic andesite,-122.418,45.774,52.26,1.46,19.43,9.3,0.15,3.45,10.21,3.16,0.43,0.14
160,Basaltic andesite,-122.435,45.7837,52.22,1.91,15.8,11.99,0.23,4.72,9.05,3.37,0.52,0.19
161,Basaltic andesite,-122.418,45.791,52.44,1.56,16.27,11.89,0.2,4.74,8.92,3.32,0.5,0.16
162,Basaltic andesite,-122.413,45.7948,53.76,1.66,15.14,12.55,0.25,3.99,8.39,3.53,0.57,0.15
163,Basaltic andesite,-122.448,45.7958,52.17,1.55,16.29,11.93,0.22,4.77,9.21,3.31,0.4,0.16
164,Basaltic andesite,-122.387,45.7847,52.63,1.61,15.84,12.21,0.22,4.72,8.72,3.35,0.53,0.17
165,Basalt,-122.39,45.795,51.85,1.29,18.91,8.79,0.15,4.95,10.52,2.94,0.43,0.16
166,Basaltic andesite,-122.377,45.7785,55.89,1.58,16.34,10.17,0.23,3.48,7.63,3.8,0.65,0.21
167,Basaltic andesite,-122.377,45.7658,53.33,1.59,15.83,11.6,0.22,4.58,8.92,3.42,0.34,0.17
168,Basaltic andesite,-122.375,45.7592,52.95,1.36,17.3,10.46,0.19,4.64,9.47,3.04,0.47,0.13
169,Basaltic andesite,-122.381,45.8007,52.32,1.58,16.04,12.04,0.22,4.61,9.31,3.24,0.48,0.15
170,Basaltic andesite,-122.4263,45.8078,52.89,1.27,17.73,8.99,0.16,4.98,10.36,2.88,0.52,0.21
171,Basalt,-122.394,45.8117,50.67,0.88,21.02,7.78,0.14,4.7,11.93,2.37,0.41,0.11
172,Basalt,-122.397,45.8092,50.39,1.33,17.44,10.37,0.21,6.66,10.55,2.64,0.24,0.17
173,Basalt,-122.389,45.8242,51.25,1.44,17.98,11.14,0.19,4.32,10.28,2.95,0.29,0.14
174,Basaltic andesite,-122.391,45.7668,52.2,1.72,15.55,12.61,0.23,4.86,9.01,3.18,0.47,0.16
175,Basaltic andesite,-122.403,45.7585,52.56,1.97,17.47,10.58,0.21,3.81,9.43,3.35,0.43,0.19
176,Basaltic andesite,-122.379,45.7708,54.83,1.44,17.2,9.71,0.17,3.5,9.3,3.03,0.61,0.2
177,Basaltic andesite,-122.383,45.8253,54.26,1.53,17.08,9.76,0.19,4.08,8.54,3.63,0.59,0.34
178,Basalt,-122.384,45.8227,51.88,1.81,14.9,12.85,0.24,5.01,9.63,3.08,0.43,0.16
179,Basalt,-122.399,45.8323,50.17,1.84,16.4,11.86,0.21,5.57,10.28,2.94,0.46,0.27
180,Basaltic andesite,-122.402,45.8305,54.59,1.84,15.59,11.27,0.19,3.88,7.91,3.85,0.64,0.23
181,Basaltic andesite,-122.411,45.8325,55.37,1.57,16.73,9.56,0.18,3.7,8.19,3.73,0.62,0.35
182,Basaltic andesite,-122.377,45.8237,54.12,1.41,17.7,9.25,0.18,4.04,9.23,3.24,0.61,0.22
183,Basaltic andesite,-122.384,45.8308,54.69,1.84,15.54,11.31,0.21,3.82,7.9,3.82,0.65,0.23
184,Basaltic andesite,-122.418,45.8347,53.96,1.47,17.2,9.55,0.19,4.23,8.94,3.56,0.58,0.32
185,Basaltic andesite,-122.443,45.8398,54.76,1.86,16.27,10.01,0.2,4.21,8.14,3.7,0.63,0.22
186,Basaltic andesite,-122.426,45.8393,52.95,1.28,18.08,9.19,0.16,4.91,9.62,3.01,0.63,0.19
187,Basaltic andesite,-122.413,45.7525,52.28,1.7,15.82,12.0,0.23,4.83,9.32,3.26,0.4,0.15
188,Basalt,-122.407,45.76,51.4,1.29,20.35,9.19,0.17,3.62,10.47,3.04,0.35,0.13
189,Basalt,-122.438,45.7627,51.96,1.55,19.04,9.34,0.17,3.95,10.1,3.16,0.53,0.2
190,Basalt,-122.464,45.8362,51.56,1.57,16.91,11.44,0.2,4.82,9.9,3.06,0.4,0.14
191,Basaltic andesite,-122.429,45.7583,52.77,1.67,15.65,12.25,0.25,4.58,9.07,3.28,0.33,0.16
192,Basaltic andesite,-122.437,45.8292,56.92,1.62,15.76,10.59,0.24,2.96,6.88,4.15,0.67,0.22
193,Basaltic andesite,-122.445,45.7732,53.18,1.73,15.24,12.53,0.23,4.59,8.44,3.3,0.57,0.19
194,Basalt,-122.415,45.774,51.24,1.95,16.32,12.2,0.23,5.04,9.35,3.1,0.37,0.2
195,Basalt,-122.386,45.8413,51.33,1.1,20.53,7.64,0.15,4.71,11.24,2.88,0.28,0.12
196,Basaltic andesite,-122.412,45.8013,54.46,1.52,16.97,9.09,0.18,4.38,9.37,3.03,0.73,0.26
197,Basaltic andesite,-122.392,45.8187,55.11,1.48,16.36,9.33,0.2,4.56,8.72,3.04,0.94,0.26
198,Basaltic andesite,-122.471,45.8398,52.91,1.53,16.66,11.2,0.21,4.46,9.05,3.26,0.55,0.18
199,Andesite,-122.473,45.8397,57.17,1.64,15.93,10.06,0.22,3.26,6.71,4.05,0.74,0.22
200,Basaltic andesite,-122.412,45.8377,54.53,1.63,17.65,9.27,0.18,3.54,8.79,3.6,0.58,0.21
201,Basaltic andesite,-122.426,45.8417,54.78,1.51,17.31,8.81,0.19,4.07,8.96,3.34,0.79,0.24
202,Basaltic andesite,-122.432,45.8442,52.24,2.08,15.54,12.35,0.23,4.65,8.83,3.3,0.57,0.21
203,Basalt,-122.437,45.8495,50.79,1.1,21.79,7.96,0.15,3.45,11.45,2.83,0.37,0.11
204,Basaltic andesite,-122.3805,45.8122,55.15,1.73,15.52,11.11,0.23,4.08,7.74,3.62,0.64,0.18
205,Basaltic andesite,-122.383,45.8158,53.69,1.32,18.72,9.22,0.18,3.67,9.24,3.31,0.51,0.15
206,Basaltic andesite,-122.454,45.8208,55.64,1.69,15.66,10.98,0.23,3.64,7.63,3.68,0.67,0.18
207,Dacite,-122.454,45.823,63.08,1.14,16.68,5.98,0.15,1.81,4.98,4.87,1.03,0.28
208,Basaltic andesite,-122.406,45.8247,56.65,1.67,15.14,11.32,0.23,3.25,6.84,3.88,0.8,0.22
209,Basaltic andesite,-122.411,45.8262,52.11,1.55,16.87,11.11,0.21,4.85,9.65,3.06,0.43,0.15
210,Dacite,-122.451,45.8255,63.02,1.17,16.71,5.96,0.16,1.66,5.07,4.94,1.03,0.28
211,Basaltic andesite,-122.444,45.7938,52.8,1.68,15.88,11.29,0.24,4.8,9.54,3.19,0.41,0.16
212,Basaltic andesite,-122.433,45.7953,53.18,1.63,16.34,11.41,0.23,4.44,8.78,3.32,0.5,0.18
213,Basaltic andesite,-122.429,45.8008,54.41,1.62,15.5,11.59,0.22,4.06,8.41,3.47,0.55,0.15
214,Basaltic andesite,-122.394,45.7833,52.0,1.09,19.76,7.98,0.16,4.93,10.81,2.78,0.37,0.13
215,Basaltic andesite,-122.395,45.7872,55.83,1.56,16.14,10.42,0.21,3.53,7.75,3.83,0.55,0.17
216,Basaltic andesite,-122.401,45.8142,54.73,1.45,16.26,9.85,0.17,4.35,8.97,3.04,0.93,0.25
217,Basaltic andesite,-122.409,45.8117,54.58,1.49,16.53,9.77,0.18,4.22,9.14,3.05,0.78,0.26
218,Basaltic andesite,-122.452,45.7937,53.54,1.66,16.69,10.52,0.23,4.25,8.94,3.47,0.52,0.18
219,Basaltic andesite,-122.446,45.8005,52.98,1.6,16.06,11.86,0.23,4.64,8.64,3.34,0.47,0.17
220,Basalt,-122.45,45.7697,50.82,1.25,20.15,9.44,0.17,3.82,10.98,2.86,0.38,0.13
221,Basalt,-122.437,45.7653,50.98,1.28,19.95,9.57,0.17,3.71,10.95,2.86,0.41,0.13
222,Quartz diorite,-122.448,45.8602,58.73,0.98,17.02,6.63,0.11,4.2,7.19,3.83,1.15,0.18
223,Quartz diorite,-122.44,45.8482,59.32,1.01,17.19,6.11,0.11,3.99,7.2,3.74,1.15,0.19
224,Basalt,-122.4448,45.7155,50.65,1.14,21.09,8.64,0.16,3.75,11.39,2.72,0.35,0.11
225,Basalt,-122.4423,45.711,50.79,1.19,20.58,8.95,0.17,3.83,11.19,2.83,0.36,0.11
226,Basalt,-122.3932,45.7038,50.88,1.11,21.12,8.06,0.16,4.08,11.54,2.71,0.23,0.1
227,Basalt,-122.4237,45.7128,50.91,1.35,19.67,9.25,0.17,4.33,10.95,2.82,0.44,0.12
228,Basalt,-122.4428,45.7018,51.04,1.2,20.57,8.68,0.17,3.88,11.17,2.81,0.37,0.11
229,Basalt,-122.4332,45.7085,51.29,1.08,20.01,8.42,0.16,4.53,11.33,2.67,0.4,0.1
230,Basalt,-122.3787,45.745,51.84,1.99,15.58,12.46,0.24,4.81,9.36,3.21,0.33,0.18
231,Basaltic andesite,-122.4083,45.6683,52.04,1.78,16.25,11.92,0.22,4.76,9.18,3.25,0.42,0.17
232,Basaltic andesite,-122.4157,45.7077,52.15,1.84,15.51,12.27,0.22,4.84,9.2,3.21,0.58,0.17
233,Basaltic andesite,-122.4075,45.7295,52.57,1.61,17.25,10.52,0.22,4.6,9.57,3.1,0.41,0.15
234,Basaltic andesite,-122.4207,45.725,52.62,1.77,15.59,12.16,0.24,4.74,9.02,3.24,0.44,0.17
235,Basaltic andesite,-122.382,45.6648,52.75,1.8,15.76,12.05,0.24,4.61,8.78,3.32,0.5,0.18
236,Basaltic andesite,-122.4278,45.746,53.07,1.96,15.91,11.9,0.21,4.39,8.18,3.46,0.67,0.25
237,Basaltic andesite,-122.4042,45.6738,53.12,2.06,15.16,12.47,0.23,4.18,8.47,3.43,0.66,0.22
238,Basaltic andesite,-122.4142,45.7357,53.32,1.62,17.27,10.65,0.21,3.76,9.04,3.42,0.52,0.19
239,Basaltic andesite,-122.399,45.7267,53.45,1.54,15.84,10.88,0.22,4.88,9.39,3.13,0.52,0.14
240,Basaltic andesite,-122.4085,45.724,53.61,1.59,15.88,10.58,0.22,4.83,9.49,3.3,0.35,0.15
241,Basaltic andesite,-122.408,45.71,53.64,1.6,16.1,10.31,0.21,4.74,9.5,3.31,0.43,0.15
242,Basaltic andesite,-122.4152,45.742,53.65,1.63,16.16,11.23,0.22,4.32,8.86,3.34,0.44,0.15
243,Basaltic andesite,-122.4075,45.7437,53.86,1.47,18.16,9.33,0.2,3.62,9.17,3.54,0.49,0.15
244,Basaltic andesite,-122.3965,45.6785,54.22,1.84,15.96,11.02,0.23,3.96,8.56,3.7,0.32,0.2
245,Basaltic andesite,-122.377,45.7462,52.77,1.7,15.39,12.8,0.23,4.63,8.44,3.41,0.46,0.16
246,Basaltic andesite,-122.3997,45.7158,52.14,1.82,15.8,12.09,0.24,4.77,9.33,3.4,0.26,0.16
247,Basaltic andesite,-122.4127,45.6807,52.64,1.69,16.43,11.84,0.2,4.39,8.84,3.39,0.41,0.16
248,Basalt,-122.4022,45.6778,51.64,1.95,15.69,12.62,0.21,4.84,9.08,3.31,0.48,0.19
249,Quartz diorite,-122.115,46.3383,55.8,1.13,18.43,6.98,0.11,4.4,8.09,3.89,0.88,0.29
250,Quartz diorite,-122.1317,46.3356,56.58,0.94,18.0,7.19,0.13,4.53,8.13,3.29,1.03,0.19
251,Quartz diorite,-122.0969,46.4106,56.99,0.94,18.48,8.02,0.15,3.58,7.33,3.58,0.7,0.21
252,Quartz diorite,-122.0825,46.335,56.79,0.98,17.49,6.26,0.11,3.82,9.45,3.82,1.11,0.18
253,Granodiorite,-122.1067,46.3578,59.09,1.1,17.36,6.72,0.14,3.44,6.48,3.9,1.57,0.2
254,Quartz monzodiorite,-122.1108,46.3647,58.85,1.09,17.27,6.71,0.1,3.45,6.96,3.91,1.46,0.19
255,Quartz diorite,-122.1186,46.4208,59.64,0.99,17.17,6.62,0.16,3.19,6.75,3.98,1.31,0.19
256,Granodiorite,-122.2128,46.3217,59.74,1.05,17.3,6.25,0.11,3.37,6.49,3.94,1.58,0.18
257,Quartz monzodiorite,-122.1878,46.3133,59.91,1.11,16.84,6.27,0.12,3.13,6.35,3.93,2.12,0.21
258,Granodiorite,-122.0611,46.3539,59.87,1.06,16.58,6.46,0.12,3.72,6.64,3.76,1.59,0.19
259,Quartz monzodiorite,-122.1031,46.3417,61.24,0.99,16.64,5.98,0.14,3.27,5.82,3.98,1.74,0.2
260,Quartz monzodiorite,-122.1339,46.4011,60.93,0.8,17.21,5.91,0.09,3.04,6.28,4.05,1.52,0.18
261,Quartz monzodiorite,-122.0622,46.3811,60.94,0.87,16.72,5.67,0.08,3.42,6.45,3.83,1.81,0.21
262,Quartz monzodiorite,-122.1464,46.3669,61.35,0.93,17.05,5.43,0.1,2.93,5.75,4.34,1.92,0.2
263,Quartz monzodiorite,-122.1153,46.4036,62.5,0.8,16.67,5.84,0.09,2.97,5.32,3.99,1.64,0.19
264,Granodiorite,-122.2008,46.3117,61.87,0.93,16.61,5.57,0.07,2.94,5.87,3.65,2.33,0.17
265,Granodiorite,-122.2028,46.3506,61.82,0.98,16.47,5.89,0.11,2.82,5.62,3.92,2.19,0.18
266,Granodiorite,-122.0711,46.385,61.59,1.08,15.73,6.17,0.07,3.32,5.67,4.37,1.8,0.2
267,Granodiorite,-122.1439,46.3358,62.55,0.88,16.71,5.4,0.1,2.85,5.7,3.87,1.73,0.2
268,Granodiorite,-122.1606,46.3889,61.74,1.0,16.29,5.61,0.09,3.02,6.03,3.82,2.21,0.19
269,Granodiorite,-122.2017,46.3486,61.61,0.94,16.59,5.67,0.1,3.01,5.91,4.07,1.95,0.16
270,Tonalite,-122.1031,46.3417,62.75,0.88,16.68,5.56,0.09,2.75,5.49,4.17,1.42,0.19
271,Granodiorite,-122.1147,46.3997,63.12,0.9,16.52,5.34,0.08,2.75,5.4,3.98,1.73,0.17
272,Quartz monzodiorite,-122.1128,46.3403,63.03,0.81,16.62,4.99,0.07,2.63,5.37,4.26,2.03,0.19
273,Granodiorite,-122.1464,46.3722,63.14,0.75,17.0,4.39,0.08,2.63,5.77,4.15,1.92,0.17
274,Granodiorite,-122.1042,46.3556,63.7,0.85,16.61,4.42,0.12,2.75,5.61,3.97,1.83,0.13
275,Granodiorite,-122.1792,46.3706,63.3,0.96,15.6,5.74,0.15,2.41,5.17,3.94,2.57,0.16
276,Granodiorite,-122.0706,46.3314,63.18,0.92,16.15,5.69,0.07,2.72,5.15,3.84,2.12,0.17
277,Granodiorite,-122.1317,46.3633,63.27,0.86,16.55,4.99,0.12,2.62,5.45,4.14,1.82,0.19
278,Granodiorite,-122.1878,46.3603,63.57,0.89,16.45,4.92,0.08,2.42,5.25,3.83,2.42,0.17
279,Granodiorite,-122.1183,46.3675,63.53,0.89,16.08,5.29,0.08,2.58,5.24,3.97,2.17,0.16
280,Granodiorite,-122.1439,46.3625,63.59,0.85,16.58,4.55,0.08,2.71,5.53,4.22,1.71,0.18
281,Granodiorite,-122.1653,46.3708,64.26,0.76,16.19,4.73,0.1,2.41,5.13,4.02,2.21,0.17
282,Granodiorite,-122.1656,46.3206,64.52,0.86,16.03,4.71,0.12,2.42,4.74,4.23,2.22,0.15
283,Granodiorite,-122.165,46.3242,65.05,0.78,15.78,4.91,0.1,2.39,4.67,3.77,2.4,0.14
284,Granite?,-122.0478,46.3881,65.71,0.75,15.95,4.79,0.03,1.83,4.16,4.06,2.54,0.17
285,Granite,-122.1097,46.3767,66.45,0.69,15.58,4.31,0.09,1.82,4.18,4.17,2.61,0.11
286,Granodiorite,-122.1206,46.3439,67.01,0.6,15.89,3.71,0.08,2.02,4.15,4.25,2.13,0.15
287,Granodiorite,-122.1303,46.3133,68.72,0.63,14.8,3.71,0.07,1.48,3.41,3.67,3.42,0.11
288,Granite,-122.1433,46.3356,69.05,0.61,15.14,3.1,0.06,1.72,3.43,3.94,2.83,0.12
289,Granite,-122.06,46.3389,70.24,0.54,14.99,3.17,0.05,1.33,2.85,3.67,3.06,0.1
290,Granite,-122.1314,46.3461,70.12,0.46,14.49,2.59,0.06,1.51,2.41,4.12,4.12,0.11
291,Granite,-122.0533,46.3714,70.18,0.5,14.22,3.15,0.08,1.51,2.53,3.93,3.83,0.08
292,Granite,-122.1281,46.3181,71.56,0.54,14.45,2.59,0.04,1.11,2.12,3.44,4.04,0.1
293,Granite,-122.1114,46.3825,71.69,0.48,13.91,3.02,0.08,0.94,2.25,3.13,4.43,0.08
294,Granite,-122.0589,46.4092,72.32,0.42,14.5,2.43,0.07,0.84,1.22,3.96,4.16,0.08
295,Granite,-122.1319,46.315,72.71,0.39,14.26,2.44,0.05,0.8,1.93,3.26,4.07,0.08
296,Granite,-122.185,46.3586,72.99,0.39,13.83,2.4,0.03,0.67,2.0,3.2,4.42,0.06
297,Granite,-122.1044,46.3219,75.22,0.31,13.45,1.48,0.04,0.47,1.53,3.06,4.38,0.06
298,Granite,-122.0783,46.3903,75.89,0.33,13.22,1.88,0.04,0.21,0.29,3.84,4.24,0.05
299,Aplite,-122.1508,46.3742,76.54,0.17,12.97,0.79,0.03,0.15,0.56,3.32,5.43,0.03
300,Basalt,-122.4928,46.165,50.9,2.26,17.52,10.92,0.21,3.44,9.65,3.44,1.14,0.53
301,Basalt,-122.4297,46.1831,51.9,1.64,16.1,10.34,0.18,5.51,10.36,3.29,0.44,0.24
302,Basaltic andesite,-122.4019,46.1686,52.41,1.27,18.16,8.81,0.21,5.53,9.83,3.03,0.56,0.19
303,Basaltic andesite,-122.4017,46.1531,53.24,1.14,16.67,8.34,0.15,7.48,9.31,3.15,0.33,0.19
304,Basaltic andesite,-122.4142,46.19,52.74,1.35,18.16,9.18,0.2,4.87,9.45,3.22,0.62,0.21
305,Basaltic andesite,-122.4056,46.1486,54.17,1.43,17.75,8.11,0.13,5.03,8.56,3.7,0.85,0.28
306,Basaltic andesite,-122.4217,46.1844,54.75,1.63,16.68,9.39,0.15,4.2,8.6,3.77,0.5,0.34
307,Basaltic andesite,-122.4969,46.1775,54.99,1.36,17.38,8.16,0.16,4.3,8.65,3.53,1.14,0.34
308,Basaltic andesite,-122.4786,46.1667,56.76,1.51,17.52,7.74,0.14,3.18,7.3,4.01,1.5,0.36
309,Andesite,-122.3939,46.1475,57.48,1.89,16.26,9.04,0.16,2.9,5.95,4.47,1.41,0.42
310,Andesite,-122.4122,46.1739,58.59,1.08,17.06,6.8,0.12,4.18,6.99,3.68,1.24,0.26
311,Dacite,-122.3803,46.2022,66.88,0.75,15.12,5.22,0.12,1.23,3.7,4.92,1.83,0.22
312,Basalt,-122.5247,46.0533,51.56,1.02,17.01,9.69,0.18,5.98,11.38,2.69,0.34,0.15
313,Basaltic andesite,-122.5591,46.1219,52.24,1.14,16.45,9.25,0.16,6.4,10.9,2.87,0.39,0.19
314,Basalt,-122.5372,46.0608,51.93,1.0,16.84,9.56,0.14,6.17,11.33,2.6,0.29,0.14
315,Basalt,-122.5119,46.0464,51.87,1.03,17.02,9.54,0.17,5.76,11.41,2.7,0.36,0.14
316,Basalt,-122.5364,46.0648,51.76,1.03,16.37,9.52,0.17,6.39,11.49,2.77,0.37,0.15
317,Basaltic andesite,-122.5203,46.098,52.85,1.24,17.65,8.79,0.19,5.76,9.57,3.01,0.71,0.23
318,Basaltic andesite,-122.5547,46.1225,52.39,1.13,16.44,9.29,0.16,6.07,11.13,2.83,0.38,0.17
319,Basaltic andesite,-122.5867,46.0611,52.14,1.47,17.48,9.14,0.15,5.83,9.7,3.32,0.38,0.39
320,Basaltic andesite,-122.5294,46.0747,52.5,1.31,17.57,9.38,0.17,4.82,10.32,3.2,0.51,0.21
321,Basaltic andesite,-122.5358,46.0622,53.15,1.35,16.17,10.67,0.18,5.11,9.68,3.15,0.34,0.21
322,Basaltic andesite,-122.5256,46.0483,52.83,1.14,16.25,9.76,0.17,5.85,10.63,2.91,0.31,0.15
323,Basaltic andesite,-122.5078,46.0939,53.09,2.09,15.65,11.42,0.18,4.42,8.64,3.24,0.94,0.32
324,Basaltic andesite,-122.5522,46.1144,53.65,1.11,18.16,8.52,0.16,4.3,10.36,3.03,0.51,0.21
325,Basaltic andesite,-122.5177,46.1131,55.68,1.9,15.79,10.19,0.18,3.76,8.32,3.49,0.37,0.31
326,Basaltic andesite,-122.5221,46.1174,55.53,1.87,16.0,10.03,0.18,3.67,8.26,3.64,0.52,0.3
327,Diorite,-122.5219,46.0869,54.68,1.11,16.84,8.06,0.14,6.19,8.75,3.21,0.79,0.23
328,Basaltic andesite,-122.5172,46.0881,55.33,1.2,18.24,7.81,0.12,4.01,8.9,3.4,0.77,0.23
329,Basaltic andesite,-122.5022,46.0975,55.43,1.2,18.65,7.64,0.15,3.66,8.83,3.51,0.71,0.22
330,Andesite,-122.615,46.1199,57.04,1.76,16.3,8.73,0.17,3.33,7.24,4.17,0.71,0.55
331,Andesite,-122.5639,46.1025,57.41,1.34,16.82,7.86,0.13,4.35,7.12,3.63,0.87,0.46
332,Basaltic andesite,-122.5472,46.0664,56.52,0.98,18.6,6.71,0.18,4.35,8.04,3.72,0.69,0.21
333,Andesite,-122.5381,46.0756,57.26,0.98,18.44,6.77,0.1,4.13,7.61,3.77,0.72,0.23
334,Andesite,-122.5566,46.094,57.75,1.38,17.44,7.48,0.13,3.31,6.79,4.22,1.01,0.49
335,Andesite,-122.5486,46.1025,57.89,1.3,16.61,7.53,0.14,4.31,6.87,3.95,0.94,0.44
336,Andesite,-122.5878,46.0733,58.37,1.04,17.78,6.73,0.11,3.83,6.92,3.9,1.08,0.25
337,Andesite,-122.5497,46.0736,58.29,1.01,17.67,6.66,0.12,4.14,7.18,3.84,0.88,0.2
338,Andesite,-122.5569,46.0575,58.8,0.95,20.04,5.16,0.09,1.91,7.23,4.5,1.02,0.3
339,Andesite,-122.5656,46.0653,58.64,0.92,18.15,6.21,0.1,3.72,7.0,4.03,1.03,0.2
340,Andesite,-122.5547,46.0675,58.85,1.06,17.88,6.36,0.11,3.65,7.23,3.71,0.89,0.26
341,Andesite,-122.5628,46.0758,58.77,1.03,18.44,5.86,0.1,3.19,7.02,4.24,1.12,0.24
342,Andesite,-122.5447,46.0831,59.62,0.99,17.6,6.16,0.13,3.42,6.64,4.14,1.05,0.24
343,Andesite,-122.59,46.0914,60.68,0.87,17.84,5.51,0.09,3.1,6.36,4.17,1.16,0.23
344,Andesite,-122.5714,46.0822,60.75,0.97,17.21,5.74,0.09,3.25,6.29,4.15,1.28,0.26
345,Andesite,-122.5558,46.0792,60.75,0.97,16.74,6.15,0.1,3.44,6.19,4.08,1.27,0.31
346,Andesite,-122.5839,46.0728,62.15,0.91,17.19,5.27,0.08,2.71,5.81,4.25,1.42,0.21
347,Andesite,-122.5574,46.0905,58.63,1.0,18.36,6.23,0.11,3.4,6.94,4.04,1.07,0.22
348,Andesite,-122.6137,46.0038,60.07,1.71,15.36,8.26,0.16,2.64,5.86,4.53,1.09,0.32
349,Andesite,-122.6076,46.0181,60.24,1.64,15.43,8.29,0.17,2.61,5.75,4.47,1.02,0.37
350,Andesite,-122.6084,46.0217,57.25,1.9,15.93,8.89,0.2,3.27,6.89,4.17,1.1,0.4
351,Basaltic andesite,-122.6186,46.0071,55.88,1.78,16.23,9.66,0.17,3.75,7.97,3.79,0.45,0.32
352,Basaltic andesite,-122.5131,46.014,56.04,1.58,16.55,8.87,0.16,3.99,7.95,3.98,0.58,0.31
353,Andesite,-122.5015,46.0123,57.4,2.03,16.17,8.84,0.16,3.1,6.43,4.55,0.98,0.34
354,Andesite,-122.507,46.014,58.26,1.42,16.58,8.26,0.14,2.98,7.05,4.32,0.67,0.32
355,Andesite,-122.6612,46.2246,57.28,2.15,15.53,9.35,0.2,3.25,5.91,4.65,1.14,0.53
356,Basaltic andesite,-122.6936,46.2256,55.09,1.53,18.09,7.68,0.15,3.8,8.84,3.79,0.71,0.3
357,Basaltic andesite,-122.6667,46.2286,53.05,1.95,16.8,10.45,0.17,4.1,8.76,3.79,0.67,0.25
358,Basaltic andesite,-122.6522,46.2353,53.03,1.96,16.04,10.77,0.18,4.45,8.74,3.74,0.65,0.43
359,Basalt,-122.6311,46.1431,51.48,1.66,18.66,9.01,0.15,4.34,10.87,3.0,0.52,0.3
360,Basaltic andesite,-122.6883,46.1486,55.55,1.37,17.96,8.29,0.14,3.54,8.9,3.38,0.6,0.27
361,Andesite,-122.5056,46.1583,62.95,0.85,17.06,5.32,0.08,2.71,5.83,3.9,1.1,0.22
362,Basaltic andesite,-122.6919,46.1508,56.27,1.64,16.11,9.39,0.15,3.75,7.74,4.1,0.5,0.35
363,Basaltic andesite,-122.6625,46.1481,53.84,1.29,17.07,8.38,0.14,5.61,9.51,3.11,0.79,0.27
364,Basaltic andesite,-122.6972,46.1506,56.35,1.72,15.6,10.17,0.16,3.63,7.83,3.53,0.7,0.3
365,Dacite,-122.7031,46.1611,64.65,0.97,16.5,5.34,0.1,1.82,4.32,4.26,1.68,0.34
366,Andesite,-122.6725,46.1311,62.78,1.23,16.03,6.17,0.12,2.3,5.27,4.15,1.62,0.32
367,Basaltic andesite,-122.6917,46.14,55.28,1.47,16.77,9.12,0.16,4.36,8.8,3.34,0.41,0.29
368,Basaltic andesite,-122.7422,46.1508,53.92,1.28,18.79,8.41,0.15,3.65,9.52,3.5,0.57,0.21
369,Basaltic andesite,-122.7369,46.1631,52.82,2.34,15.55,11.68,0.22,4.05,8.34,3.75,0.88,0.39
370,Basaltic andesite,-122.7314,46.1669,53.17,2.02,15.78,10.8,0.17,4.56,8.53,3.85,0.77,0.35
371,Basaltic andesite,-122.6753,46.1608,54.02,2.15,16.15,10.83,0.2,4.13,7.53,3.69,0.97,0.33
372,Basaltic andesite,-122.6622,46.2408,52.96,1.92,16.06,11.16,0.19,4.35,8.68,3.69,0.57,0.42
373,Andesite,-122.6786,46.2336,61.17,1.54,15.8,7.38,0.16,2.23,4.47,5.25,1.39,0.6
374,Basaltic andesite,-122.7509,46.1696,54.17,2.16,16.04,10.25,0.2,4.06,7.92,4.05,0.73,0.42
375,Basaltic andesite,-122.7076,46.2339,53.84,2.05,16.31,10.58,0.19,4.19,7.9,3.94,0.72,0.28
376,Dacite,-122.7171,46.2262,67.4,0.81,15.44,4.71,0.12,0.98,2.39,5.99,1.91,0.25
377,Basaltic andesite,-122.7295,46.218,55.47,2.12,15.87,9.53,0.23,3.65,7.4,4.43,0.88,0.43
378,Andesite,-122.7421,46.2001,57.58,1.14,17.51,6.82,0.14,4.07,7.64,3.86,0.99,0.25
379,Basaltic andesite,-122.6907,46.2127,52.23,1.89,16.25,10.89,0.21,4.69,9.15,3.7,0.68,0.31
380,Andesite,-122.6844,46.2161,57.83,1.93,16.44,8.15,0.2,2.99,6.4,4.56,1.04,0.46
381,Basalt,-122.6717,46.2148,51.49,1.4,17.21,8.68,0.14,6.58,10.65,3.07,0.48,0.29
382,Basaltic andesite,-122.6612,46.1869,53.91,1.49,17.21,8.25,0.16,5.28,8.94,3.59,0.82,0.34
383,Basaltic andesite,-122.6574,46.1867,56.88,1.94,16.15,9.01,0.14,3.25,6.51,4.44,1.23,0.46
384,Andesite,-122.6722,46.186,61.42,1.41,15.83,7.27,0.17,2.27,5.07,4.37,1.6,0.58
385,Basaltic andesite,-122.6804,46.1921,55.19,1.57,16.58,9.0,0.14,4.41,8.69,3.52,0.57,0.33
386,Andesite,-122.6627,46.182,57.48,1.31,19.14,6.3,0.13,2.6,7.27,4.45,1.0,0.33
387,Basaltic andesite,-122.7143,46.2201,52.13,1.9,16.3,10.93,0.17,4.72,9.1,3.75,0.69,0.31
388,Basaltic andesite,-122.7261,46.2027,53.2,1.91,16.38,10.47,0.17,4.32,8.69,3.84,0.7,0.3
389,Basaltic andesite,-122.6829,46.1842,56.76,1.85,16.43,8.68,0.16,3.17,6.68,4.61,1.22,0.44
390,Dacite,-122.6793,46.1745,63.66,1.24,15.96,5.98,0.14,1.75,3.85,5.01,1.96,0.46
391,Basaltic andesite,-122.6567,46.1758,53.47,1.44,19.14,7.97,0.17,4.14,9.07,3.58,0.7,0.32
392,Andesite,-122.6347,46.1698,62.69,0.81,16.86,5.25,0.09,3.1,5.92,3.99,1.09,0.21
393,Basalt,-122.6343,46.174,50.24,1.77,17.73,10.52,0.17,6.38,8.55,3.76,0.48,0.4
394,Basaltic andesite,-122.6974,46.1753,53.99,1.47,17.92,8.25,0.16,4.97,8.69,3.53,0.73,0.3
395,Basaltic andesite,-122.7016,46.1796,57.13,1.86,16.53,8.46,0.17,3.25,6.52,4.46,1.18,0.45
396,Andesite,-122.7018,46.1725,60.57,1.38,16.32,7.13,0.11,2.76,5.46,4.36,1.55,0.37
397,Basaltic andesite,-122.7487,46.2189,54.16,1.49,18.5,8.31,0.14,4.01,8.5,3.7,0.91,0.26
398,Basaltic andesite,-122.7371,46.1929,56.45,1.95,17.0,8.08,0.21,3.53,7.42,4.2,0.8,0.35
399,Basaltic andesite,-122.6873,46.2047,54.29,1.38,18.93,8.37,0.17,3.21,9.21,3.46,0.69,0.28
400,Basaltic andesite,-122.6958,46.2084,56.54,1.62,16.95,8.68,0.14,3.46,7.25,4.11,0.92,0.32
401,Basaltic andesite,-122.7421,46.1814,52.77,1.76,16.84,10.23,0.21,4.22,9.22,3.78,0.68,0.29
402,Basaltic andesite,-122.7481,46.1809,54.27,2.16,16.28,10.03,0.19,3.74,7.65,4.32,0.93,0.43
403,Dacite,-122.7461,46.1443,65.46,1.15,15.56,5.2,0.11,1.57,3.78,5.16,1.64,0.39
404,Basaltic andesite,-122.6713,46.2266,52.51,1.85,17.27,10.02,0.15,4.4,9.19,3.68,0.64,0.3
405,Basaltic andesite,-122.8002,46.0058,52.9,1.08,18.38,8.14,0.14,6.12,9.65,2.95,0.41,0.23
406,Basaltic andesite,-122.8738,46.0098,54.4,1.17,17.22,8.45,0.15,4.96,9.61,3.2,0.61,0.2
407,Basaltic andesite,-122.8176,46.0019,54.71,1.53,16.5,9.19,0.16,4.73,9.11,3.48,0.35,0.24
408,Basaltic andesite,-122.7832,46.0019,55.52,1.4,17.1,9.12,0.28,3.44,8.63,3.66,0.66,0.2
409,Dacite,-122.7551,46.1331,69.98,0.73,16.24,2.25,0.06,0.24,2.64,5.71,1.88,0.26
410,Basaltic andesite,-122.8322,46.2437,55.93,1.18,16.84,7.64,0.14,5.47,8.63,3.1,0.8,0.27
411,Basaltic andesite,-122.8318,46.2473,54.51,1.86,16.48,10.23,0.16,3.78,8.08,3.82,0.8,0.29
412,Basaltic andesite,-122.8455,46.2371,53.49,1.94,16.17,10.34,0.18,4.63,8.45,3.67,0.77,0.38
413,Basaltic andesite,-122.8527,46.2459,54.54,1.4,18.14,8.13,0.15,4.34,8.58,3.68,0.7,0.34
414,Basaltic andesite,-122.8668,46.2462,56.95,2.11,16.26,8.92,0.21,2.85,6.36,4.66,1.1,0.59
415,Basaltic andesite,-122.8677,46.2406,56.92,2.2,16.11,8.84,0.19,3.25,6.18,4.68,1.11,0.54
416,Basaltic andesite,-122.8637,46.2347,54.39,1.37,18.73,8.12,0.29,3.41,9.21,3.59,0.65,0.24
417,Basaltic andesite,-122.7843,46.2413,52.14,1.8,16.34,10.65,0.19,5.06,9.49,3.43,0.63,0.28
418,Basalt,-122.8662,46.2442,51.1,1.56,17.67,9.1,0.15,6.06,10.98,2.79,0.3,0.29
419,Basaltic andesite,-122.7844,46.2447,56.1,2.04,15.99,9.48,0.16,3.67,6.91,4.22,1.02,0.41
420,Basaltic andesite,-122.8143,46.2392,56.2,2.02,15.93,9.72,0.18,3.36,6.89,4.22,1.05,0.42
421,Basaltic andesite,-122.875,46.2342,56.74,2.1,16.28,9.33,0.2,2.7,6.22,4.64,1.18,0.6
422,Basaltic andesite,-122.8747,46.1061,52.97,1.56,17.04,9.0,0.16,6.03,9.38,3.17,0.35,0.33
423,Basalt scoria,-122.9031,46.1745,49.6,1.52,14.74,11.56,0.22,10.47,8.08,3.27,0.22,0.32
424,Basalt,-122.4514,46.0003,51.4,1.5,17.34,9.26,0.14,6.66,9.82,3.16,0.5,0.23
425,Basalt,-122.3903,46.0214,51.3,1.09,19.05,8.46,0.1,4.61,12.29,2.66,0.31,0.13
426,Basaltic andesite,-122.4836,46.1006,52.25,1.08,17.86,8.74,0.15,6.5,9.98,2.81,0.42,0.2
427,Basaltic andesite,-122.4747,46.0728,52.56,1.02,18.03,8.3,0.14,6.39,9.98,3.03,0.39,0.15
428,Basaltic andesite,-122.4081,46.0219,52.02,1.61,18.81,8.92,0.15,3.85,10.23,3.49,0.61,0.32
429,Basaltic andesite,-122.4567,46.0067,52.3,1.94,16.38,9.77,0.16,6.22,9.08,3.2,0.45,0.49
430,Basaltic andesite,-122.4283,46.0381,52.36,1.16,16.71,9.03,0.15,6.2,11.0,2.76,0.43,0.2
431,Basaltic andesite,-122.4856,46.0467,52.77,1.45,15.61,11.18,0.2,5.39,9.6,3.17,0.45,0.18
432,Basaltic andesite,-122.4108,46.015,52.43,1.67,18.53,8.9,0.18,3.66,10.18,3.53,0.62,0.3
433,Basalt,-122.3964,46.0292,51.91,1.09,17.74,8.5,0.15,5.88,11.19,2.94,0.44,0.16
434,Basaltic andesite,-122.4472,46.0592,53.09,1.66,17.77,8.92,0.15,4.45,9.57,3.42,0.71,0.26
435,Basaltic andesite,-122.4717,46.0231,52.31,1.91,16.42,9.7,0.15,6.1,8.96,3.48,0.51,0.46
436,Basaltic andesite,-122.4572,46.0467,53.28,1.32,16.64,9.93,0.22,5.29,9.48,3.21,0.47,0.16
437,Basaltic andesite,-122.8333,46.1178,53.23,1.12,17.44,8.59,0.14,6.06,9.59,3.0,0.64,0.19
438,Basaltic andesite,-122.4181,45.9997,53.59,1.97,16.19,10.33,0.18,3.86,8.83,3.9,0.74,0.39
439,Basaltic andesite,-122.4072,46.0417,53.37,1.41,16.02,10.75,0.19,4.93,9.22,3.42,0.51,0.18
440,Basaltic andesite,-122.415,46.0267,53.7,2.1,16.22,10.45,0.17,4.0,8.14,4.07,0.78,0.37
441,Basaltic andesite,-122.3756,46.0372,54.34,1.48,15.44,10.65,0.21,4.98,8.52,3.4,0.74,0.24
442,Basaltic andesite,-122.4947,46.1022,54.65,2.01,16.53,10.7,0.15,3.56,7.36,3.75,0.98,0.3
443,Basaltic andesite,-122.4717,46.0231,53.73,2.15,15.77,11.01,0.19,4.0,8.24,4.1,0.44,0.36
444,Basaltic andesite,-122.4847,46.0669,54.36,1.35,17.27,8.63,0.14,5.06,8.72,3.31,0.93,0.24
445,Basaltic andesite,-122.4808,46.0514,54.42,1.53,15.62,10.84,0.19,4.53,8.38,3.66,0.6,0.21
446,Basaltic andesite,-122.4347,46.0006,53.15,1.59,19.23,8.27,0.14,3.45,9.54,3.68,0.68,0.26
447,Andesite,-122.5008,46.0258,57.06,2.04,16.23,8.83,0.15,3.38,6.55,4.43,1.0,0.33
448,Basaltic andesite,-122.4984,46.0207,57.0,1.63,16.23,8.47,0.15,3.67,7.58,4.09,0.83,0.35
449,Basalt,-122.3731,46.0062,51.37,0.98,16.81,9.61,0.16,5.95,11.72,2.9,0.37,0.13
450,Quartz diorite,-122.3353,46.0806,53.72,1.32,18.35,9.47,0.18,4.05,8.67,3.4,0.54,0.31
451,Basaltic andesite,-122.2781,46.0239,53.99,1.27,20.61,7.63,0.17,2.68,8.93,3.74,0.68,0.3
452,Diorite,-122.2697,46.0056,54.95,1.2,19.45,8.18,0.15,2.68,8.58,3.86,0.74,0.21
453,Diorite,-122.3164,46.0675,54.97,1.32,17.91,9.4,0.18,3.61,7.47,4.08,0.75,0.29
454,Basaltic andesite,-122.2892,46.1119,54.95,1.23,18.21,8.15,0.19,4.05,8.44,3.6,0.94,0.23
455,Basaltic andesite,-122.2761,46.1053,54.98,1.31,20.33,6.93,0.14,2.53,8.68,3.97,0.8,0.33
456,Quartz diorite,-122.3358,46.0844,58.62,0.82,17.76,8.56,0.23,2.24,5.95,4.58,0.72,0.51
457,Andesite,-122.2836,46.0881,58.23,1.23,16.9,7.42,0.14,3.54,7.02,3.78,1.47,0.26
458,Andesite,-122.2733,46.1047,58.26,1.16,16.99,7.17,0.12,3.72,7.33,3.6,1.4,0.24
459,Andesite,-122.2528,46.1047,59.02,1.14,16.54,7.07,0.12,3.7,6.72,3.74,1.7,0.26
460,Andesite,-122.2664,46.1211,59.35,1.12,16.61,6.92,0.13,3.59,6.61,3.74,1.68,0.26
461,Andesite,-122.2722,46.0819,62.53,0.78,17.1,5.43,0.11,2.64,6.13,3.94,1.13,0.21
462,Basaltic andesite,-122.3719,46.0528,53.02,1.63,18.18,8.76,0.18,4.35,9.58,3.48,0.53,0.28
463,Basaltic andesite,-122.5742,46.1658,53.07,1.41,15.73,10.93,0.2,5.27,9.58,3.09,0.52,0.21
464,Basaltic andesite,-122.5592,46.1314,52.27,1.15,16.5,9.32,0.15,6.22,10.97,2.84,0.39,0.18
465,Basaltic andesite,-122.5833,46.1483,52.84,1.67,17.38,9.81,0.19,4.29,9.51,3.61,0.43,0.28
466,Diorite dike,-122.5939,46.1478,55.06,1.5,16.91,8.65,0.14,4.54,8.47,3.54,0.87,0.33
467,Basaltic andesite,-122.5781,46.1517,52.56,1.74,17.63,9.62,0.17,4.27,9.9,3.25,0.5,0.35
468,Basalt,-122.6228,46.1667,50.85,0.79,21.61,6.88,0.11,4.57,12.33,2.35,0.37,0.13
469,Basalt,-122.5781,46.1633,51.07,0.85,20.9,7.09,0.13,4.62,12.23,2.52,0.44,0.15
470,Andesite,-122.5597,46.175,58.72,1.08,17.32,6.62,0.1,4.2,6.71,4.02,0.97,0.26
471,Andesite,-122.5064,46.1942,60.53,0.99,16.87,6.2,0.11,3.69,6.07,3.76,1.5,0.27
472,Andesite,-122.5242,46.195,59.53,1.61,16.8,6.89,0.16,2.38,5.6,4.25,2.31,0.47
473,Andesite,-122.5542,46.2219,58.18,1.07,19.36,5.82,0.11,2.7,7.19,4.44,0.88,0.25
474,Basaltic andesite,-122.5472,46.2436,56.32,1.14,17.47,6.78,0.11,5.19,8.11,3.82,0.83,0.23
475,Basaltic andesite,-122.6206,46.2197,54.36,1.6,16.52,10.0,0.16,4.36,8.54,3.55,0.66,0.24
476,Basaltic andesite,-122.6167,46.2211,54.57,1.6,16.39,10.17,0.16,4.2,8.47,3.64,0.55,0.24
477,Basaltic andesite,-122.6094,46.2206,55.36,1.64,16.34,10.02,0.16,3.78,8.0,3.84,0.58,0.27
478,Basaltic andesite,-122.6061,46.2214,54.1,1.92,15.91,10.62,0.18,3.94,8.4,3.91,0.65,0.36
479,Basalt,-122.6025,46.2225,51.92,2.44,15.26,12.25,0.2,4.25,8.77,3.91,0.5,0.5
480,Andesite,-122.6203,46.2167,59.29,1.45,17.71,6.68,0.15,2.36,6.0,4.67,1.27,0.42
481,Andesite,-122.6156,46.2139,62.89,1.28,15.9,6.35,0.19,1.73,4.38,5.0,1.77,0.49
482,Andesite,-122.6014,46.2142,57.78,2.0,16.46,8.35,0.17,2.83,6.21,4.81,1.01,0.38
483,Basaltic andesite,-122.6008,46.2122,56.33,1.41,18.37,7.42,0.12,2.89,8.06,4.05,1.04,0.31
484,Andesite,-122.5983,46.2369,57.79,1.99,16.39,8.33,0.15,3.14,6.11,4.72,1.0,0.37
485,Basaltic andesite,-122.6106,46.2322,54.84,2.26,15.99,10.15,0.19,3.75,7.23,4.3,0.89,0.4
486,Andesite,-122.59,46.2464,62.57,1.34,15.85,6.49,0.15,1.81,4.85,4.77,1.67,0.5
487,Basaltic andesite,-122.6239,46.1908,53.57,1.36,19.91,7.34,0.13,3.49,9.66,3.58,0.69,0.27
488,Andesite,-122.6233,46.1883,61.01,1.48,15.82,7.62,0.15,2.09,4.8,4.95,1.56,0.52
489,Dacite,-122.5733,46.1856,69.74,0.61,15.18,3.5,0.07,0.74,2.13,5.5,2.37,0.16
490,Andesite,-122.5472,46.1758,59.01,1.62,16.4,7.73,0.15,2.56,6.3,4.26,1.42,0.53
491,Andesite,-122.6019,46.1606,62.35,0.87,17.04,5.04,0.08,3.18,6.17,3.89,1.15,0.22
492,Andesite,-122.6053,46.1514,62.86,1.07,17.1,5.59,0.1,1.97,5.05,4.47,1.45,0.34
493,Andesite,-122.6203,46.1367,59.25,1.66,15.7,8.27,0.18,2.94,6.57,3.81,1.06,0.55
494,Basalt,-122.6211,46.1417,51.66,1.7,18.28,9.24,0.15,4.51,10.48,3.21,0.44,0.32
495,Andesite,-122.615,46.1278,57.34,1.73,16.22,8.49,0.17,3.47,7.53,3.94,0.58,0.54
496,Andesite,-122.6117,46.2239,60.52,1.64,16.1,7.36,0.16,2.39,5.24,4.85,1.23,0.51
497,Andesite,-122.6183,46.2217,57.2,1.95,16.06,8.87,0.14,3.34,6.64,4.12,1.25,0.43
498,Basaltic andesite,-122.6147,46.2125,54.44,1.58,18.66,7.95,0.21,3.46,8.75,3.79,0.83,0.33
499,Basaltic andesite,-122.6058,46.24,52.24,1.49,17.75,9.02,0.13,5.97,9.05,3.47,0.56,0.31
500,Basaltic andesite,-122.5761,46.2458,52.24,1.81,18.44,9.31,0.18,4.47,8.61,3.72,0.72,0.5
501,Andesite,-122.6161,46.1936,59.34,1.49,17.77,6.93,0.12,1.98,5.9,4.73,1.29,0.44
502,Basaltic andesite,-122.6191,46.2303,55.15,1.12,19.69,6.76,0.1,3.71,8.87,3.51,0.84,0.25
503,Basaltic andesite,-122.6244,46.2283,56.56,1.9,16.19,9.39,0.21,3.02,7.14,4.27,0.9,0.43
504,Basaltic andesite,-122.5867,46.2424,54.89,1.76,17.99,8.53,0.17,3.41,8.11,3.9,0.9,0.32
505,Basalt,-122.7009,46.0127,50.48,1.6,17.23,9.51,0.16,7.02,10.8,2.74,0.23,0.25
506,Andesite,-122.7397,46.0306,57.14,1.66,16.76,8.56,0.16,3.19,7.02,4.25,0.93,0.34
507,Dacite,-122.7436,46.0955,66.81,0.96,15.58,4.66,0.11,1.17,3.57,5.14,1.67,0.32
508,Andesite,-122.7147,46.0822,58.26,1.79,15.69,9.13,0.17,2.96,6.16,4.36,1.05,0.44
509,Andesite,-122.7035,46.0761,57.97,1.39,16.98,7.86,0.14,3.2,7.18,4.03,0.91,0.33
510,Basaltic andesite,-122.699,46.0794,54.32,1.46,17.32,8.46,0.14,5.21,8.12,3.89,0.78,0.31
511,Andesite,-122.7004,46.066,57.27,2.03,16.35,8.61,0.19,3.19,6.23,4.76,0.98,0.39
512,Andesite,-122.683,46.1213,57.47,1.26,17.79,7.31,0.12,3.38,7.82,3.51,1.11,0.23
513,Basaltic andesite,-122.6751,46.116,55.0,1.2,19.89,6.91,0.13,3.01,8.97,3.65,0.98,0.25
514,Basaltic andesite,-122.6301,46.0002,55.03,1.68,16.43,9.91,0.18,4.05,8.25,3.58,0.58,0.31
515,Basaltic andesite,-122.7334,46.0019,52.32,1.05,17.18,8.72,0.15,7.37,9.8,2.79,0.42,0.2
516,Basalt,-122.7077,46.0053,50.75,1.77,16.95,9.84,0.16,6.57,10.41,2.86,0.44,0.25
517,Basalt,-122.7076,46.0053,50.86,1.62,17.25,9.78,0.16,6.25,10.46,2.86,0.49,0.28
518,Basaltic andesite,-122.7479,46.0018,52.7,0.88,16.29,8.4,0.14,9.37,8.65,2.8,0.57,0.19
519,Basaltic andesite,-122.7425,46.0093,52.79,0.88,16.71,8.05,0.14,8.69,9.15,2.84,0.57,0.18
520,Basaltic andesite,-122.3194,46.1583,52.42,1.2,16.76,9.18,0.15,7.21,9.78,2.89,0.22,0.17
521,Basaltic andesite,-122.3292,46.1797,55.16,1.57,18.29,8.38,0.14,2.98,8.29,3.8,1.08,0.31
522,Basaltic andesite,-122.3683,46.1603,56.48,2.04,15.36,9.93,0.21,3.56,7.63,3.72,0.77,0.31
523,Basaltic andesite,-122.37,46.2125,56.65,1.16,16.27,8.0,0.14,5.04,8.01,3.36,1.12,0.24
524,Andesite,-122.3153,46.1592,57.4,1.46,16.27,8.13,0.14,4.17,7.32,3.45,1.35,0.31
525,Andesite,-122.3653,46.1567,57.26,1.16,16.27,7.82,0.14,4.69,7.81,3.41,1.19,0.25
526,Andesite,-122.3628,46.2483,57.67,1.52,16.88,8.55,0.2,3.11,6.76,4.15,0.91,0.24
527,Andesite dike,-122.3139,46.2222,58.61,1.19,16.29,7.38,0.12,4.06,7.26,3.16,1.71,0.23
528,Andesite,-122.3717,46.2017,58.58,1.4,16.3,7.87,0.13,3.47,6.97,3.52,1.46,0.31
529,Dacite,-122.335,46.1511,66.66,0.82,15.23,5.07,0.12,1.23,3.65,4.66,2.31,0.24
530,Basaltic andesite,-122.2242,46.2461,52.07,1.39,17.87,9.27,0.17,5.12,10.85,2.75,0.31,0.2
531,Basaltic andesite,-122.0747,46.1903,53.92,1.41,18.01,9.0,0.15,4.49,9.72,2.85,0.25,0.19
532,Diorite,-122.1153,46.2394,54.73,1.17,18.69,7.94,0.12,4.65,8.62,3.16,0.72,0.2
533,Basaltic andesite,-122.2425,46.2119,53.95,1.4,17.68,9.46,0.16,4.6,8.7,3.23,0.61,0.21
534,Basaltic andesite,-122.0789,46.1972,55.2,1.45,17.41,9.05,0.16,3.74,9.01,3.07,0.6,0.31
535,Basaltic andesite,-122.0931,46.1869,54.87,1.46,18.19,8.6,0.16,3.73,8.59,3.2,0.92,0.28
536,Basaltic andesite,-122.0497,46.1861,56.55,1.67,16.01,9.67,0.18,3.55,7.63,3.8,0.69,0.24
537,Basaltic andesite,-122.0444,46.1736,56.82,1.76,15.45,9.98,0.18,3.52,7.38,3.5,1.14,0.28
538,Andesite dike,-122.1056,46.2478,57.64,1.33,17.19,8.4,0.14,3.17,8.09,3.43,0.39,0.22
539,Diorite,-122.0806,46.2431,57.9,1.06,16.88,6.94,0.15,4.31,8.44,3.35,0.78,0.19
540,Andesite,-122.0914,46.2092,57.83,1.48,17.95,7.87,0.13,2.44,7.72,3.06,1.19,0.33
541,Andesite,-122.0861,46.2347,58.43,1.39,16.37,8.19,0.14,3.4,7.85,3.51,0.47,0.24
542,Andesite,-122.1314,46.2375,58.58,1.52,15.62,9.05,0.16,3.38,7.03,3.48,0.93,0.24
543,Andesite,-122.0653,46.1192,60.31,1.15,16.89,6.71,0.13,3.13,6.39,3.55,1.48,0.25
544,Andesite intrusion,-122.1525,46.1178,60.07,1.12,16.42,6.91,0.12,3.5,6.63,3.37,1.67,0.19
545,Quartz diorite,-122.1314,46.2222,60.08,1.07,16.9,6.69,0.14,3.34,6.8,3.32,1.43,0.22
546,Andesite,-122.1178,46.1828,60.68,1.03,17.48,6.69,0.14,2.41,6.2,4.05,1.03,0.29
547,Andesite sill?,-122.0467,46.1653,62.53,1.36,15.07,8.15,0.15,1.88,5.3,4.24,0.98,0.34
548,Dacite sill?,-122.0522,46.1794,64.26,1.04,15.36,6.27,0.11,1.88,4.83,3.73,2.27,0.25
549,Dacite dike,-122.0547,46.2103,63.56,1.11,15.81,6.36,0.14,2.0,4.9,4.11,1.74,0.27
550,Dacite sill?,-122.0622,46.2069,66.2,1.03,14.77,5.92,0.13,1.27,3.74,4.49,2.16,0.29
551,Dacite,-122.0817,46.2406,65.64,1.12,14.68,6.42,0.12,1.4,3.91,4.48,1.92,0.31
552,Dacite,-122.0436,46.2119,66.84,0.91,14.84,5.9,0.11,1.18,3.35,4.64,1.96,0.28
553,Dacite dike,-122.1089,46.1869,67.38,0.98,12.58,6.21,0.1,3.45,6.57,2.24,0.32,0.16
554,Rhyolite,-122.0613,46.1725,71.93,0.37,14.24,3.49,0.07,0.33,1.85,4.48,3.17,0.06
555,Rhyolite,-122.0978,46.1706,72.17,0.44,14.6,2.76,0.07,0.5,2.61,3.72,3.05,0.08
556,Andesite,-122.1621,46.1402,57.83,1.22,17.82,8.18,0.17,2.52,6.55,4.3,1.11,0.28
557,Andesite,-122.0665,46.0575,55.79,1.34,17.67,8.55,0.14,4.09,8.0,3.27,0.87,0.28
558,Diorite,-122.0625,46.0537,55.52,1.61,17.66,8.37,0.13,3.74,8.0,3.46,1.18,0.33
559,Basaltic andesite,-122.8786,46.3469,55.26,2.36,16.48,9.19,0.14,3.47,7.03,4.53,0.91,0.61
560,Basaltic andesite,-122.8874,46.438,54.32,2.27,16.66,9.1,0.18,3.84,8.28,3.92,0.9,0.51
561,Basaltic andesite,-122.8839,46.2792,54.1,1.67,18.34,8.49,0.15,3.36,8.94,3.89,0.74,0.32
562,Basalt,-122.8761,46.28,51.95,1.88,17.49,10.22,0.18,4.25,9.42,3.63,0.67,0.31
563,Basaltic andesite,-122.8783,46.2622,52.41,1.12,17.91,8.87,0.16,5.18,11.03,2.82,0.32,0.16
564,Basaltic andesite,-122.88,46.2643,52.09,1.05,18.21,8.71,0.16,5.31,11.28,2.71,0.31,0.16
565,Basaltic andesite,-122.8769,46.2527,56.19,2.04,15.76,9.86,0.14,3.6,6.62,4.31,1.13,0.35
566,Basaltic andesite,-122.8769,46.3294,52.91,2.0,16.04,10.97,0.18,4.3,8.65,3.88,0.77,0.29
567,Basaltic andesite,-122.882,46.3258,53.47,2.03,16.25,9.82,0.17,4.25,9.02,3.94,0.74,0.32
568,Basaltic andesite,-122.9062,46.2682,52.79,1.88,16.58,10.34,0.16,4.39,9.09,3.73,0.69,0.33
569,Basaltic andesite,-122.889,46.3983,54.01,2.22,16.78,9.17,0.17,3.87,8.62,4.01,0.66,0.49
570,Basaltic andesite,-122.875,46.3323,54.07,2.1,16.76,9.31,0.15,3.76,9.14,3.64,0.77,0.31
571,Andesite,-122.6491,46.3825,58.74,1.21,16.67,7.01,0.12,3.97,6.96,3.59,1.48,0.24
572,Andesite dike?,-122.669,46.3863,58.38,1.73,16.39,8.02,0.15,3.0,6.42,4.39,1.09,0.43
573,Basaltic andesite,-122.6831,46.4154,56.4,1.32,17.46,7.56,0.14,3.74,8.33,3.38,1.38,0.29
574,Basaltic andesite,-122.6882,46.4041,56.92,1.35,17.54,7.12,0.13,3.64,8.35,3.52,1.09,0.34
575,Andesite,-122.6162,46.3838,58.88,1.2,16.5,7.36,0.14,3.64,6.77,3.82,1.39,0.3
576,Andesite,-122.5272,46.3831,57.61,1.23,16.3,7.56,0.14,4.54,7.38,3.61,1.38,0.25
577,Andesite,-122.6071,46.3816,59.66,1.23,16.31,7.25,0.1,3.51,6.29,3.88,1.41,0.36
578,Basaltic andesite,-122.5793,46.4345,56.86,1.24,17.44,7.22,0.12,4.3,7.74,3.53,1.27,0.29
579,Dacite,-122.5433,46.4516,65.12,0.83,15.52,6.5,0.11,1.01,3.4,4.7,2.5,0.3
580,Andesite,-122.5357,46.4616,61.14,1.44,16.46,6.84,0.11,1.94,4.74,4.7,2.04,0.6
581,Basaltic andesite,-122.5034,46.4116,52.52,1.41,18.13,8.69,0.2,5.1,9.69,3.35,0.63,0.27
582,Andesite,-122.6667,46.3178,57.26,1.52,16.43,8.45,0.16,3.76,7.48,3.95,0.69,0.3
583,Basaltic andesite,-122.6503,46.3283,54.4,1.09,20.23,6.81,0.11,3.38,9.82,3.26,0.7,0.2
584,Basaltic andesite,-122.6639,46.26,52.73,1.94,16.02,10.95,0.18,4.57,8.8,3.75,0.64,0.42
585,Basaltic andesite,-122.6436,46.3117,56.43,1.92,15.66,9.79,0.17,3.65,7.39,4.09,0.56,0.34
586,Basaltic andesite,-122.7381,46.2847,56.59,2.01,16.21,9.05,0.18,3.16,6.95,4.4,0.88,0.57
587,Basaltic andesite,-122.6342,46.2653,53.71,1.39,17.52,8.37,0.12,5.26,9.23,3.31,0.71,0.38
588,Basaltic andesite,-122.6667,46.2675,53.84,2.23,16.14,10.66,0.18,4.0,7.84,4.04,0.75,0.33
589,Basalt,-122.6903,46.2531,51.41,2.45,15.51,11.95,0.22,4.41,9.08,3.85,0.48,0.63
590,Basaltic andesite,-122.6961,46.2511,56.78,2.19,16.18,8.81,0.19,3.27,6.31,4.66,1.03,0.59
591,Basaltic andesite,-122.6678,46.2861,54.55,2.1,15.95,10.65,0.14,3.72,7.46,4.23,0.81,0.38
592,Basaltic andesite,-122.6319,46.3606,56.6,1.38,17.05,7.92,0.15,4.26,7.77,3.49,0.91,0.45
593,Basaltic andesite,-122.6425,46.2881,53.12,1.91,16.24,10.82,0.18,4.31,8.64,3.69,0.69,0.4
594,Basaltic andesite,-122.6847,46.2919,56.31,1.37,17.41,8.09,0.15,3.99,7.87,3.72,0.78,0.31
595,Basaltic andesite,-122.6644,46.3006,54.83,1.55,16.78,9.06,0.15,4.44,8.39,3.64,0.85,0.32
596,Andesite,-122.635,46.3192,57.1,1.37,16.82,7.83,0.14,4.14,7.5,3.54,1.07,0.49
597,Basaltic andesite,-122.6561,46.3358,56.67,1.36,16.82,8.22,0.15,4.05,7.92,3.67,0.69,0.46
598,Andesite,-122.6444,46.3528,57.17,1.34,16.7,8.03,0.17,4.13,7.47,3.47,1.05,0.46
599,Basaltic andesite,-122.6417,46.2994,55.16,2.32,15.79,10.2,0.27,3.36,7.22,4.34,0.95,0.39
600,Basaltic andesite,-122.6647,46.3122,54.9,1.57,16.87,8.84,0.21,4.38,8.39,3.65,0.87,0.32
601,Basaltic andesite,-122.6378,46.2594,54.27,1.37,17.37,8.27,0.14,5.12,8.92,3.41,0.76,0.36
602,Basaltic andesite,-122.6556,46.2761,54.71,1.55,19.22,7.6,0.12,3.08,8.68,3.86,0.83,0.35
603,Basaltic andesite,-122.6997,46.2636,53.96,2.11,16.32,10.19,0.19,4.09,7.87,4.05,0.81,0.41
604,Andesite,-122.7194,46.275,57.41,1.31,16.88,7.5,0.12,4.36,7.3,3.72,1.08,0.31
605,Basalt,-122.7206,46.2653,52.93,2.03,15.63,10.94,0.17,4.65,8.71,3.79,0.77,0.37
606,Basalt,-122.7214,46.2581,52.04,1.87,16.8,10.54,0.17,4.45,9.5,3.69,0.6,0.34
607,Basaltic andesite,-122.7333,46.2786,56.07,1.96,15.93,9.65,0.19,3.53,7.18,4.15,0.84,0.5
608,Andesite,-122.7256,46.2736,57.06,1.35,17.08,7.7,0.13,4.26,7.4,3.69,1.05,0.27
609,Andesite,-122.6925,46.3025,59.73,1.6,15.78,8.2,0.19,2.53,5.79,4.47,1.31,0.41
610,Andesite,-122.7339,46.3308,59.75,1.13,17.01,6.09,0.11,3.7,6.88,3.43,1.64,0.26
611,Andesite,-122.6403,46.2885,59.68,1.51,16.2,7.77,0.2,2.32,5.42,5.3,0.91,0.7
612,Basaltic andesite,-122.6822,46.3002,55.38,2.17,15.49,10.69,0.18,3.52,7.36,3.77,1.04,0.4
613,Basaltic andesite,-122.7386,46.2875,52.67,2.33,15.72,11.79,0.19,3.95,8.43,3.87,0.65,0.41
614,Basaltic andesite,-122.6301,46.292,52.72,1.84,16.19,10.7,0.22,4.63,9.01,3.73,0.64,0.32
615,Andesite,-122.6144,46.3567,57.27,1.25,18.03,7.14,0.1,3.72,7.37,3.6,1.27,0.26
616,Andesite,-122.5878,46.3597,57.27,1.24,18.68,6.51,0.09,2.98,7.83,3.88,1.26,0.27
617,Basaltic andesite,-122.6078,46.2864,54.32,1.29,19.02,8.06,0.16,3.44,9.43,3.51,0.52,0.24
618,Andesite,-122.5992,46.3408,58.94,1.22,16.74,7.07,0.1,3.7,6.66,3.68,1.59,0.31
619,Dacite,-122.5844,46.3311,63.67,1.19,16.23,5.43,0.1,1.67,4.34,4.59,2.37,0.39
620,Andesite,-122.6075,46.3456,57.36,1.22,17.84,7.18,0.12,3.14,6.7,3.81,1.43,1.22
621,Basaltic andesite,-122.6122,46.3375,56.7,1.38,16.83,8.05,0.17,4.35,7.89,3.53,0.68,0.42
622,Andesite,-122.5181,46.2747,57.98,1.29,17.32,7.57,0.13,3.48,6.67,3.8,1.4,0.35
623,Dacite breccia,-122.5078,46.2681,69.42,0.65,14.91,3.92,0.07,1.23,3.49,3.61,2.52,0.17
624,Andesite,-122.5186,46.3694,58.03,1.1,17.65,6.93,0.15,3.89,7.09,3.59,1.28,0.3
625,Andesite,-122.5233,46.3528,57.58,1.17,16.82,7.26,0.14,4.37,7.57,3.48,1.32,0.28
626,Andesite,-122.5058,46.345,59.1,1.2,16.91,7.21,0.17,3.2,6.38,3.84,1.66,0.33
627,Andesite,-122.5308,46.3683,57.5,1.24,18.11,7.2,0.13,3.67,7.01,3.58,1.24,0.32
628,Andesite,-122.5917,46.3642,59.38,1.2,16.1,7.16,0.11,3.91,6.6,3.81,1.36,0.36
629,Andesite,-122.5689,46.285,61.38,1.07,16.47,5.94,0.1,3.3,6.0,3.52,1.96,0.25
630,Andesite,-122.5914,46.2544,58.45,1.17,17.51,6.76,0.14,3.71,6.92,4.03,1.03,0.27
631,Andesite,-122.5731,46.3331,57.97,1.14,16.03,7.09,0.13,5.07,7.4,3.35,1.52,0.29
632,Basaltic andesite,-122.5958,46.2792,54.08,1.96,15.83,10.64,0.21,4.14,8.09,3.89,0.79,0.37
633,Dacite,-122.5531,46.2736,63.23,1.13,16.32,5.96,0.18,1.71,4.43,5.28,1.27,0.48
634,Andesite,-122.5972,46.2664,57.46,2.13,16.8,8.28,0.17,2.75,6.39,4.67,0.96,0.39
635,Basaltic andesite,-122.6075,46.2794,52.71,2.01,15.98,11.08,0.18,4.37,8.78,3.78,0.66,0.45
636,Basalt,-122.6144,46.2781,52.46,2.6,15.34,11.5,0.21,4.05,8.44,4.1,0.55,0.76
637,Basaltic andesite,-122.6211,46.2753,52.87,1.82,17.52,9.77,0.15,4.04,9.05,3.68,0.77,0.33
638,Andesite,-122.5725,46.3178,61.8,1.07,16.48,5.88,0.09,2.88,5.91,3.77,1.85,0.26
639,Andesite,-122.6042,46.3206,57.83,1.11,16.2,6.98,0.12,5.11,7.77,3.23,1.39,0.26
640,Andesite,-122.5442,46.3328,60.58,1.19,16.14,6.83,0.13,3.35,5.73,4.1,1.59,0.36
641,Basaltic andesite,-122.5225,46.3242,55.78,1.34,18.02,7.82,0.13,4.04,7.9,3.64,1.03,0.3
642,Andesite,-122.5581,46.3186,57.78,1.14,17.22,7.21,0.2,4.46,7.39,3.28,1.05,0.28
643,Andesite,-122.5183,46.2906,57.1,1.05,15.87,7.45,0.16,5.7,8.01,3.09,1.27,0.29
644,Basalt,-122.5114,46.2597,48.99,1.62,15.44,9.94,0.16,9.31,10.54,2.74,0.86,0.4
645,Basaltic andesite,-122.6009,46.2765,56.11,1.23,17.76,7.72,0.14,4.45,7.61,3.67,1.0,0.31
646,Andesite,-122.5513,46.3387,59.06,1.85,15.83,8.16,0.2,2.44,5.55,4.91,1.45,0.54
647,Basaltic andesite,-122.2518,46.4057,53.41,1.55,16.91,10.17,0.16,4.95,8.56,2.99,0.72,0.59
648,Basaltic andesite,-122.2516,46.426,52.04,1.35,16.97,9.86,0.19,5.79,9.52,3.0,0.85,0.43
649,Basalt dike,-122.2829,46.2549,51.89,1.33,17.64,9.55,0.14,5.72,10.15,2.83,0.56,0.19
650,Basalt dike,-122.2829,46.2549,51.85,1.35,21.21,7.79,0.12,3.24,10.65,3.07,0.56,0.16
651,Andesite,-122.4114,46.2683,61.86,1.1,16.81,6.07,0.12,2.89,6.34,3.89,0.65,0.26
652,Andesite,-122.4783,46.2747,59.59,1.06,16.31,6.62,0.1,4.32,6.69,3.57,1.51,0.24
653,Andesite breccia,-122.5022,46.2961,62.37,0.91,16.41,5.82,0.12,3.43,5.61,3.43,1.68,0.23
654,Andesite breccia,-122.4658,46.3064,60.14,1.04,17.41,6.17,0.08,3.35,10.59,0.77,0.22,0.23
655,Basaltic andesite,-122.4844,46.2731,57.65,1.23,16.36,7.58,0.16,4.27,7.78,3.46,1.21,0.31
656,Dacite breccia,-122.4514,46.3244,64.41,0.98,16.2,4.5,0.18,1.24,6.62,4.82,0.75,0.29
657,Basaltic andesite,-122.4497,46.2981,56.91,1.17,17.87,7.37,0.17,3.87,7.72,3.49,1.13,0.29
658,Andesite,-122.405,46.3142,59.34,1.05,16.27,6.67,0.11,4.59,6.94,3.28,1.5,0.24
659,Dacite breccia,-122.4694,46.3339,64.2,0.88,16.56,4.62,0.09,1.29,4.71,4.9,2.5,0.25
660,Andesite,-122.4903,46.3375,59.04,1.09,17.0,6.79,0.12,3.78,6.75,3.76,1.39,0.29
661,Gabbro/diorite,-122.4922,46.4031,55.3,1.29,18.02,7.86,0.15,4.44,8.19,3.6,0.9,0.24
662,Basaltic andesite,-122.4922,46.4031,56.21,1.66,17.51,8.6,0.15,3.33,7.36,3.9,1.0,0.27
663,Basalt,-122.1833,46.4592,51.11,1.09,17.88,9.49,0.15,7.26,10.01,2.42,0.42,0.16
664,Gabbro,-122.1594,46.4461,51.43,0.96,18.11,8.23,0.11,7.79,10.41,2.51,0.31,0.14
665,Basaltic andesite,-122.1469,46.4492,52.57,1.16,18.33,8.57,0.13,5.16,10.96,2.74,0.18,0.21
666,Basalt,-122.1447,46.445,52.19,0.99,16.25,9.15,0.17,7.71,11.04,2.19,0.16,0.17
667,Gabbro,-122.1256,46.4644,51.44,1.23,18.34,9.35,0.16,5.94,9.94,2.97,0.43,0.18
668,Basalt,-122.1969,46.4369,51.86,1.24,18.56,9.93,0.15,4.74,9.49,3.51,0.25,0.28
669,Basalt,-122.2061,46.3911,51.23,1.43,18.8,9.89,0.15,4.66,10.57,2.74,0.34,0.18
670,Basaltic andesite,-122.1514,46.4272,52.27,0.8,16.81,8.24,0.12,7.42,11.86,2.12,0.21,0.14
671,Basalt,-122.1378,46.4989,51.86,1.02,17.46,8.7,0.18,6.84,10.62,2.76,0.41,0.16
672,Basalt,-122.1933,46.4689,52.04,1.4,17.65,9.38,0.16,6.11,9.65,2.93,0.45,0.22
673,Basaltic andesite,-122.2339,46.3758,53.35,1.62,16.7,9.69,0.18,4.98,9.65,2.78,0.66,0.4
674,Basaltic andesite,-122.2406,46.4314,52.79,1.54,17.5,9.28,0.13,4.12,9.88,3.4,0.86,0.49
675,Basaltic andesite,-122.2072,46.4636,53.06,1.31,18.51,8.12,0.14,4.26,10.45,3.28,0.77,0.1
676,Basaltic andesite,-122.2392,46.3956,54.14,1.66,17.63,8.8,0.14,3.89,9.17,3.37,0.9,0.29
678,Basaltic andesite,-122.1522,46.4475,53.17,1.17,18.61,8.12,0.13,5.07,10.28,2.88,0.36,0.2
679,Basaltic andesite,-122.1814,46.4856,53.13,1.55,18.36,8.61,0.12,4.8,9.39,3.22,0.56,0.26
680,Basaltic andesite,-122.1611,46.4417,53.31,0.87,20.03,6.87,0.11,4.83,10.58,2.89,0.37,0.14
681,Basaltic andesite,-122.2342,46.3928,54.28,1.31,17.03,8.84,0.14,5.2,9.41,3.07,0.51,0.21
682,Basaltic andesite,-122.2322,46.4044,54.37,1.34,16.92,10.71,0.2,4.02,8.67,2.99,0.47,0.31
683,Basaltic andesite,-122.1656,46.4644,53.69,1.17,19.52,8.12,0.15,4.19,9.81,3.03,0.13,0.17
684,Basaltic andesite,-122.2183,46.4011,54.2,1.3,17.93,9.0,0.18,4.14,9.75,2.92,0.37,0.2
685,Basaltic andesite,-122.1436,46.4317,54.57,1.02,18.63,8.17,0.15,4.5,8.91,3.28,0.57,0.18
686,Basaltic andesite,-122.2072,46.4636,55.42,1.57,16.96,9.36,0.15,4.01,7.52,3.8,0.9,0.3
687,Basaltic andesite,-122.2331,46.4239,55.13,1.18,19.6,7.15,0.07,3.52,9.23,3.27,0.66,0.18
688,Basaltic andesite,-122.2461,46.4097,55.8,1.02,17.61,8.1,0.16,4.3,8.91,3.38,0.39,0.33
689,Basaltic andesite,-122.2125,46.4383,56.1,1.54,16.2,9.3,0.19,3.38,7.59,3.59,1.54,0.56
690,Basaltic andesite,-122.1381,46.4511,56.05,1.22,16.28,9.04,0.15,4.35,8.69,3.26,0.8,0.16
691,Basaltic andesite,-122.1556,46.4125,57.24,1.13,17.16,8.07,0.14,3.7,7.91,3.19,1.23,0.23
693,Andesite,-122.2147,46.4422,57.98,1.15,17.07,7.71,0.14,3.75,7.5,3.23,1.15,0.33
694,Andesite,-122.2147,46.4942,57.71,1.46,17.35,7.85,0.13,3.22,7.53,3.77,0.71,0.27
695,Andesite,-122.235,46.4531,58.82,1.56,16.76,8.17,0.14,2.59,6.58,3.69,1.36,0.32
696,Andesite,-122.1456,46.4494,57.96,1.17,16.49,7.99,0.14,3.97,8.67,3.13,0.3,0.18
697,Andesite,-122.1458,46.4458,58.49,1.15,16.19,7.95,0.14,3.96,7.72,3.21,1.0,0.18
698,Andesite,-122.2403,46.3919,60.25,1.72,15.9,8.25,0.15,2.49,6.05,3.96,0.81,0.43
699,Andesite,-122.1383,46.4506,58.39,1.25,15.97,8.65,0.15,3.46,7.3,3.52,1.13,0.18
700,Andesite,-122.2308,46.4394,59.59,1.89,15.83,8.34,0.11,2.46,5.63,4.2,1.53,0.41
701,Andesite,-122.2494,46.4525,58.84,1.12,16.46,6.93,0.13,4.27,6.71,3.66,1.63,0.25
702,Andesite,-122.2461,46.4986,61.48,1.03,17.12,6.14,0.06,2.37,4.85,4.85,1.55,0.55
703,Andesite,-122.1317,46.4428,62.51,1.28,15.24,7.33,0.14,2.12,5.62,3.6,1.78,0.36
704,Dacite,-122.2053,46.4967,70.08,0.63,14.45,4.69,0.11,0.79,2.37,4.65,2.07,0.15
705,Basalt,-122.1333,46.2631,50.07,1.03,20.4,8.23,0.14,5.46,11.75,2.47,0.28,0.16
706,Basalt,-122.2153,46.2928,50.25,1.86,16.72,10.27,0.18,7.1,10.5,2.53,0.37,0.22
707,Basalt,-122.2139,46.2775,51.98,2.26,16.35,12.47,0.23,4.64,8.66,2.88,0.21,0.33
708,Basalt,-122.1989,46.2697,52.12,2.18,16.31,11.42,0.19,4.47,10.01,2.7,0.21,0.4
709,Basalt,-122.245,46.2825,51.88,1.27,16.95,9.81,0.15,7.17,9.22,2.83,0.52,0.2
710,Basalt,-122.2011,46.27,52.03,1.68,17.68,9.44,0.21,5.31,10.14,2.91,0.36,0.26
711,Basalt,-122.2017,46.2747,52.14,2.27,15.98,12.18,0.2,4.48,9.05,2.96,0.39,0.35
712,Basalt,-122.2492,46.2806,52.16,1.31,17.8,9.01,0.16,6.02,9.88,2.94,0.55,0.17
713,Basalt,-122.1706,46.2664,51.52,1.24,19.26,9.0,0.16,4.56,10.99,2.84,0.29,0.14
714,Basaltic andesite,-122.2394,46.2675,52.56,1.57,17.93,9.78,0.19,4.71,9.5,3.12,0.41,0.23
715,Basaltic andesite,-122.2289,46.27,52.27,0.96,16.04,8.88,0.18,7.51,10.05,3.25,0.57,0.28
718,Basaltic andesite,-122.245,46.3111,52.64,1.38,19.22,8.65,0.13,4.1,9.99,3.12,0.6,0.18
719,Basaltic andesite,-122.2131,46.2878,52.47,1.61,16.98,9.86,0.16,5.61,9.68,2.63,0.8,0.18
720,Basaltic andesite,-122.2456,46.2894,53.09,1.41,18.85,8.72,0.15,4.05,9.29,3.14,1.14,0.15
721,Basaltic andesite,-122.1864,46.2647,53.52,1.37,16.92,9.33,0.17,5.38,9.91,2.65,0.52,0.23
722,Diorite,-122.2369,46.3089,53.39,1.35,17.97,9.04,0.16,4.47,9.89,2.98,0.58,0.17
723,Basaltic andesite,-122.2481,46.3328,54.12,1.61,16.92,9.73,0.14,4.4,8.58,3.17,1.0,0.32
724,Basaltic andesite,-122.1706,46.2853,54.12,1.51,17.74,9.39,0.16,3.93,9.21,3.18,0.54,0.21
725,Basaltic andesite,-122.1892,46.2794,54.74,1.53,18.32,8.7,0.15,3.48,8.96,3.1,0.77,0.24
726,Basaltic andesite,-122.2122,46.295,54.54,1.92,15.86,11.08,0.2,3.84,7.98,3.43,0.8,0.35
727,Basaltic andesite,-122.1703,46.2833,56.48,1.64,15.89,10.02,0.18,3.76,7.77,3.31,0.7,0.24
728,Granodiorite,-122.1314,46.2617,58.72,1.17,17.49,7.34,0.12,3.34,6.61,3.59,1.42,0.2
729,Andesite,-122.2394,46.2767,59.59,1.75,15.34,9.05,0.16,2.65,6.52,3.91,0.67,0.37
730,Andesite,-122.1806,46.2806,60.44,1.64,15.42,8.61,0.16,2.47,5.65,3.91,1.23,0.45
731,Andesite,-122.2417,46.2831,60.69,1.35,16.76,7.32,0.16,2.22,5.8,4.72,0.66,0.32
732,Andesite,-122.2478,46.2872,61.28,1.23,15.17,8.03,0.15,2.46,5.84,4.3,0.94,0.59
733,Rhyolite,-122.1319,46.2975,75.38,0.23,12.97,2.83,0.04,0.12,0.69,4.02,3.67,0.04
734,Basalt,-122.0158,46.4711,47.96,1.32,17.92,10.62,0.18,8.51,10.79,2.22,0.35,0.11
735,Basalt,-122.0244,46.4667,51.02,1.37,19.54,9.33,0.15,3.7,10.35,3.49,0.72,0.34
736,Gabbro,-122.0497,46.4783,50.11,1.45,17.25,9.89,0.19,7.54,10.64,2.38,0.38,0.18
737,Basalt,-122.0931,46.495,50.41,1.43,20.92,9.47,0.16,3.67,10.41,2.86,0.51,0.15
738,Basalt,-122.0208,46.4292,52.02,1.18,18.48,8.8,0.15,5.44,10.84,2.76,0.18,0.15
739,Basalt,-122.0025,46.475,51.18,1.0,18.87,8.93,0.17,6.12,9.73,3.11,0.56,0.32
741,Basaltic andesite,-122.1111,46.4667,52.98,1.03,17.04,8.3,0.16,6.75,10.7,2.6,0.27,0.18
742,Basaltic andesite,-122.0597,46.4731,52.33,0.99,18.53,8.48,0.16,5.6,10.49,2.85,0.43,0.15
743,Basaltic andesite,-122.0992,46.4628,53.41,1.01,17.8,8.52,0.14,5.37,10.56,2.65,0.4,0.13
744,Gabbro,-122.0244,46.4753,53.05,1.43,18.02,9.64,0.16,4.58,9.06,3.36,0.46,0.23
745,Basaltic andesite,-122.1058,46.4344,54.42,0.83,17.9,7.83,0.16,5.14,9.88,2.98,0.53,0.31
746,Gabbro,-122.0225,46.4783,53.64,1.1,19.49,8.07,0.14,3.82,9.84,3.21,0.52,0.17
747,Basaltic andesite,-122.1178,46.4472,55.06,1.23,18.25,8.38,0.15,4.1,8.72,3.28,0.63,0.21
748,Basaltic andesite,-122.0856,46.4289,55.77,0.85,16.95,7.77,0.14,5.14,8.63,3.59,0.9,0.26
749,Basaltic andesite,-122.0942,46.4256,56.19,0.96,16.91,7.99,0.18,5.05,8.56,2.99,0.91,0.28
751,Basaltic andesite,-122.0889,46.4428,55.65,1.13,17.87,7.95,0.16,4.02,8.87,3.25,0.91,0.17
752,Andesite,-122.0842,46.4636,57.23,1.6,16.16,9.13,0.17,3.65,7.31,3.56,0.91,0.29
753,Quartz diorite,-122.0539,46.4497,58.19,0.98,17.43,7.22,0.13,3.94,7.57,3.42,0.93,0.19
754,Quartz diorite,-122.0611,46.4408,57.61,1.11,17.16,7.55,0.14,4.09,7.26,3.42,1.45,0.2
755,Andesite,-122.1242,46.45,57.95,1.32,16.07,8.81,0.18,3.14,8.59,3.2,0.53,0.19
756,Andesite,-122.0928,46.4433,59.05,1.04,18.37,6.51,0.15,2.28,7.78,3.63,0.99,0.21
757,Andesite,-122.1092,46.445,58.81,1.17,17.01,7.77,0.13,3.09,7.13,3.38,1.28,0.23
758,Andesite,-122.1147,46.4475,60.97,1.55,15.63,7.67,0.16,2.48,6.11,4.14,0.93,0.36
759,Andesite,-122.1142,46.4581,61.12,1.44,15.67,7.87,0.13,2.45,6.05,3.82,1.19,0.25
760,Andesite,-122.1156,46.445,62.21,1.23,16.19,6.69,0.12,2.25,5.23,4.1,1.64,0.33
761,Dacite,-122.1172,46.4419,66.35,0.86,15.42,5.69,0.11,1.14,3.52,4.55,2.07,0.28
762,Dacite,-122.1236,46.4464,68.32,0.83,14.77,4.8,0.07,1.16,3.76,3.87,2.21,0.21
763,Granite,-122.0272,46.4586,70.4,0.55,14.16,4.54,0.08,0.61,2.36,4.31,2.88,0.1
764,Rhyolite tuff,-122.1033,46.4478,74.11,0.58,13.82,3.19,0.07,0.91,2.05,3.37,1.78,0.11
765,Basaltic andesite,-122.0917,46.2644,52.56,1.39,18.25,8.99,0.16,5.19,10.53,2.64,0.11,0.18
766,Basalt,-122.0408,46.2775,52.07,1.18,18.93,8.7,0.15,5.27,10.5,2.79,0.22,0.2
767,Diorite,-122.0806,46.2858,54.11,1.15,17.62,8.28,0.15,5.73,8.97,3.23,0.57,0.2
768,Diorite,-122.0406,46.2711,53.09,1.41,18.85,8.72,0.15,4.05,9.29,3.14,1.14,0.15
769,Diorite,-122.0894,46.2575,54.9,1.26,18.33,8.25,0.17,4.19,8.8,3.04,0.84,0.23
770,Basaltic andesite,-122.0653,46.2683,53.72,1.56,17.77,9.2,0.17,4.29,9.6,3.1,0.33,0.26
771,Basaltic andesite,-122.035,46.2944,55.0,0.95,18.13,6.99,0.15,5.47,9.18,3.19,0.79,0.17
772,Basaltic andesite,-122.02,46.2536,55.06,1.25,17.32,8.36,0.19,5.17,9.0,3.01,0.43,0.22
773,Diorite,-122.0875,46.2967,54.86,1.02,18.46,8.05,0.15,4.49,9.08,3.16,0.55,0.18
774,Basaltic andesite,-122.0,46.26,55.45,1.23,17.28,8.1,0.14,4.94,8.64,3.19,0.77,0.25
775,Basaltic andesite,-122.0294,46.2719,56.48,1.5,16.73,8.54,0.12,3.86,8.33,2.83,1.34,0.27
776,Basaltic andesite,-122.0725,46.2567,56.21,1.23,18.5,8.18,0.14,3.19,7.6,3.8,0.84,0.3
777,Diorite,-122.0258,46.3594,55.88,1.21,17.33,8.19,0.14,4.37,8.87,2.87,0.95,0.18
778,Andesite,-122.0722,46.2708,57.71,2.03,14.79,10.78,0.2,3.22,7.31,3.22,0.35,0.39
779,Quartz diorite,-122.1111,46.2858,57.54,1.1,17.87,7.42,0.12,3.66,7.93,3.05,1.14,0.18
780,Basaltic andesite,-122.0042,46.3611,56.58,0.84,16.66,7.76,0.13,5.18,8.63,3.15,0.81,0.25
781,Andesite,-122.0431,46.2592,57.33,1.17,17.98,7.66,0.14,3.88,8.2,2.92,0.5,0.21
782,Andesite,-122.0881,46.2642,57.33,1.07,18.15,7.46,0.13,3.92,7.48,3.64,0.64,0.18
783,Andesite,-122.1072,46.2711,58.05,1.85,15.54,10.09,0.16,3.09,6.38,3.81,0.71,0.32
784,Andesite,-122.1136,46.2639,58.02,1.93,15.23,10.09,0.19,3.01,7.5,3.34,0.39,0.29
785,Andesite,-122.1014,46.2531,58.39,1.46,16.89,8.18,0.14,2.92,7.38,3.98,0.42,0.23
786,Andesite,-122.0789,46.2611,58.38,1.93,15.24,9.83,0.18,2.99,6.76,3.83,0.54,0.34
787,Andesite,-122.0714,46.2658,58.79,1.95,15.32,9.59,0.18,2.79,6.84,3.67,0.58,0.29
788,Andesite,-122.0678,46.2739,58.64,1.49,16.78,8.06,0.17,2.88,6.76,3.81,1.01,0.38
789,Andesite,-122.0619,46.2653,59.98,1.69,15.23,9.13,0.18,2.36,5.98,4.15,0.86,0.45
790,Andesite,-122.0483,46.2517,59.45,1.44,16.31,8.75,0.15,2.17,6.09,4.13,1.14,0.37
791,Quartz diorite,-122.0611,46.2744,58.98,1.23,17.01,7.5,0.12,3.18,6.77,4.14,0.84,0.23
792,Quartz diorite,-122.0531,46.2731,58.92,1.18,18.29,6.9,0.14,2.25,6.87,4.43,0.81,0.22
793,Andesite,-122.0472,46.2683,60.09,1.31,16.67,7.36,0.12,2.68,6.7,3.7,1.02,0.35
794,Andesite,-122.0194,46.2622,62.65,1.04,16.91,5.81,0.13,1.87,4.67,4.77,1.87,0.29
795,Dacite,-122.0108,46.2514,65.28,0.94,16.06,5.25,0.13,1.53,4.56,4.65,1.33,0.26
796,Dacite tuff,-122.0619,46.2567,68.59,0.67,14.51,5.81,0.17,0.7,5.42,3.45,0.54,0.15
799,Dacite,-122.0861,46.2656,68.58,0.74,14.44,5.66,0.16,0.91,4.78,3.59,0.94,0.2
800,Dacite,-122.1161,46.2617,68.89,0.73,14.33,5.57,0.16,0.94,4.28,3.65,1.25,0.19
801,Dacite,-122.0253,46.2653,69.03,0.54,15.31,4.19,0.14,0.75,2.81,4.79,2.29,0.16
802,Basalt,-122.325,46.2006,50.51,1.43,18.59,10.04,0.15,5.75,10.01,2.96,0.35,0.2
803,Basaltic andesite,-122.3261,46.2239,52.29,1.63,18.07,10.24,0.15,4.05,10.34,2.82,0.14,0.29
804,Basalt,-122.3661,46.205,51.47,1.22,16.92,9.46,0.15,7.47,9.8,2.85,0.49,0.16
805,Basaltic andesite,-122.3325,46.175,52.02,1.26,17.55,9.16,0.15,6.31,10.13,2.78,0.47,0.16
806,Basaltic andesite,-122.3714,46.1769,52.0,1.07,16.07,8.88,0.15,7.69,10.65,2.57,0.7,0.23
807,Basalt,-122.3689,46.1769,51.39,1.48,16.89,10.11,0.15,6.78,9.7,2.75,0.57,0.18
808,Diorite,-122.3628,46.2278,52.88,1.54,17.66,9.35,0.15,5.0,9.74,2.86,0.57,0.26
809,Basaltic andesite,-122.2742,46.2186,52.27,1.42,17.76,9.43,0.18,5.32,9.97,2.88,0.58,0.2
810,Basaltic andesite,-122.34,46.1889,52.31,1.1,16.82,8.89,0.14,7.27,9.91,2.86,0.51,0.17
811,Basalt,-122.3717,46.185,51.82,1.43,19.0,9.33,0.15,4.71,9.4,3.37,0.56,0.21
812,Basaltic andesite,-122.3444,46.1639,52.03,1.48,19.45,8.89,0.15,3.99,10.18,3.13,0.5,0.19
813,Basaltic andesite,-122.3447,46.1731,52.04,1.49,19.31,8.94,0.14,4.09,10.13,3.13,0.52,0.19
814,Basaltic andesite,-122.3506,46.1842,53.24,1.5,17.71,9.31,0.2,4.56,9.31,3.05,0.87,0.26
815,Basaltic andesite,-122.3553,46.1953,52.68,1.23,18.68,8.74,0.14,4.83,9.75,3.14,0.61,0.19
816,Basaltic andesite,-122.2703,46.1825,52.7,1.33,18.14,9.02,0.15,5.35,9.88,2.93,0.32,0.19
817,Basaltic andesite,-122.3392,46.1944,52.62,1.6,17.44,9.86,0.16,5.09,9.34,3.1,0.59,0.2
818,Basaltic andesite,-122.3444,46.2086,52.74,1.58,17.75,9.5,0.16,4.77,9.58,3.11,0.62,0.19
819,Basaltic andesite,-122.2647,46.1933,52.65,1.43,19.44,8.61,0.15,3.8,9.87,3.24,0.65,0.17
820,Basaltic andesite,-122.3672,46.1347,53.6,1.75,17.59,8.8,0.16,4.22,9.82,3.29,0.41,0.35
821,Basaltic andesite,-122.3739,46.1769,52.87,1.42,18.13,9.06,0.15,4.82,9.61,3.12,0.6,0.23
822,Quartz diorite,-122.3031,46.2444,52.74,1.51,18.29,9.46,0.16,4.67,8.88,3.35,0.65,0.3
823,Basaltic andesite,-122.3439,46.1736,53.15,1.19,18.49,8.37,0.13,4.86,10.16,2.92,0.57,0.16
824,Quartz diorite,-122.3053,46.2481,53.24,1.97,17.17,9.51,0.16,4.78,9.24,3.04,0.61,0.28
825,Basaltic andesite,-122.3567,46.1806,53.4,1.25,17.53,8.75,0.14,5.64,9.43,3.0,0.64,0.22
826,Basaltic andesite,-122.3558,46.2089,53.35,1.31,19.92,7.82,0.12,3.51,9.98,3.41,0.4,0.17
827,Basaltic andesite,-122.2586,46.2336,53.32,1.43,17.84,9.31,0.15,4.94,8.7,3.27,0.8,0.23
828,Basaltic andesite,-122.3533,46.1939,53.61,1.4,17.8,8.91,0.18,4.56,9.34,3.23,0.74,0.22
829,Basaltic andesite,-122.3617,46.1919,53.93,1.2,18.01,8.14,0.11,5.05,9.56,3.06,0.75,0.2
830,Basaltic andesite,-122.3575,46.1522,53.86,0.98,16.83,8.04,0.13,6.65,10.19,2.71,0.45,0.15
831,Basaltic andesite,-122.3439,46.2283,53.83,1.35,20.8,7.29,0.12,2.69,9.93,3.2,0.59,0.19
832,Basaltic andesite,-122.3342,46.2283,53.82,1.54,19.43,8.35,0.14,3.15,9.4,3.3,0.67,0.19
833,Basaltic andesite,-122.3197,46.2,53.93,1.21,16.79,8.63,0.13,6.38,9.12,2.95,0.66,0.2
834,Basaltic andesite,-122.3283,46.1558,53.88,1.59,17.86,9.09,0.14,3.84,9.14,3.4,0.84,0.21
835,Quartz diorite,-122.3047,46.2464,54.06,1.46,18.43,8.75,0.13,4.2,8.37,3.71,0.62,0.27
836,Basaltic andesite,-122.3494,46.1889,53.71,1.18,18.68,8.09,0.14,4.27,10.2,3.01,0.57,0.16
837,Basaltic andesite,-122.3544,46.1914,54.05,1.57,16.73,9.77,0.16,4.39,8.76,3.43,0.87,0.25
838,Basaltic andesite,-122.3653,46.1525,54.28,1.01,16.98,8.0,0.15,6.01,9.66,3.04,0.71,0.16
839,Basaltic andesite,-122.2675,46.1947,54.32,1.79,16.69,10.02,0.18,3.92,8.45,3.58,0.79,0.26
840,Basaltic andesite,-122.3742,46.1764,54.91,1.84,17.07,9.76,0.19,3.56,7.69,3.81,0.81,0.36
841,Basaltic andesite,-122.3278,46.2039,54.61,1.53,19.19,8.35,0.17,2.83,8.79,3.63,0.66,0.23
842,Basaltic andesite,-122.2783,46.2044,54.81,1.32,17.59,8.3,0.12,4.63,8.97,3.13,0.97,0.16
843,Basaltic andesite,-122.3689,46.1978,55.12,1.71,17.66,9.28,0.16,3.28,8.46,3.74,0.35,0.23
844,Basaltic andesite,-122.2714,46.2217,55.35,1.19,17.73,8.09,0.12,4.5,9.09,3.1,0.66,0.17
845,Basaltic andesite,-122.2611,46.2017,55.13,1.8,16.99,9.62,0.17,3.7,8.13,3.48,0.75,0.22
846,Basaltic andesite,-122.3203,46.1928,55.46,1.54,18.18,8.43,0.12,3.21,8.19,3.59,0.98,0.3
847,Basaltic andesite,-122.2631,46.2022,55.44,1.46,18.86,8.23,0.1,2.74,8.42,3.72,0.83,0.2
848,Basaltic andesite,-122.3628,46.1781,55.71,1.79,16.6,9.81,0.17,3.66,7.27,3.9,0.79,0.3
849,Basaltic andesite,-122.36,46.2364,55.98,1.83,16.89,9.31,0.18,3.56,7.69,3.54,0.79,0.24
850,Basaltic andesite,-122.3358,46.1808,56.13,1.55,18.0,8.26,0.14,2.71,8.14,3.7,1.06,0.32
851,Basaltic andesite,-122.3694,46.2361,56.86,1.15,16.29,7.81,0.15,4.87,8.28,3.26,1.09,0.26
852,Basaltic andesite,-122.3606,46.2267,56.63,1.04,17.31,7.33,0.12,4.81,8.61,3.18,0.79,0.18
853,Basaltic andesite,-122.3589,46.2186,56.75,1.16,16.3,7.89,0.14,4.85,8.23,3.29,1.12,0.25
854,Basaltic andesite,-122.3675,46.2303,56.84,1.04,17.35,7.28,0.12,4.64,8.4,3.29,0.87,0.17
855,Andesite dike,-122.2967,46.22,58.04,0.95,17.82,6.73,0.13,3.32,8.14,3.2,1.47,0.22
856,Basaltic andesite,-122.3439,46.2281,56.8,1.79,16.68,9.05,0.19,3.39,7.16,3.96,0.76,0.23
857,Andesite,-122.3667,46.1661,57.66,1.15,16.18,7.56,0.16,4.63,7.88,3.32,1.2,0.27
858,Basaltic andesite,-122.2725,46.1811,57.0,1.78,16.71,8.99,0.18,3.24,7.26,3.73,0.86,0.25
859,Quartz monzodiorite,-122.3039,46.138,57.78,1.55,15.93,8.12,0.13,3.84,7.01,3.63,1.67,0.33
860,Quartz diorite,-122.2989,46.2469,57.98,1.21,16.33,7.54,0.13,4.24,7.55,3.39,1.4,0.22
861,Andesite,-122.35,46.2156,57.85,1.47,16.3,7.95,0.14,3.83,7.35,3.41,1.39,0.31
862,Andesite,-122.3433,46.1578,58.57,1.41,16.22,7.8,0.14,3.48,7.03,3.45,1.58,0.32
863,Andesite,-122.3603,46.2156,58.71,1.3,15.73,7.57,0.12,4.16,6.85,3.59,1.63,0.34
864,Andesite,-122.3661,46.2367,58.89,1.33,15.64,7.64,0.13,4.16,7.0,3.27,1.58,0.34
865,Andesite,-122.3339,46.1556,59.0,1.33,15.88,7.25,0.13,4.0,6.88,3.57,1.61,0.35
866,Andesite sill,-122.3336,46.2275,59.75,1.29,17.22,7.0,0.18,2.71,6.28,4.05,1.11,0.43
867,Quartz monzodiorite,-122.3208,46.2378,58.98,1.2,16.25,7.21,0.12,3.79,7.28,3.34,1.57,0.26
868,Andesite,-122.3494,46.2125,59.3,1.32,15.64,7.47,0.13,4.01,6.9,3.29,1.61,0.34
869,Andesite,-122.2661,46.1289,59.66,1.13,16.45,6.96,0.12,3.64,7.24,3.45,1.1,0.23
870,Andesite,-122.3083,46.1972,59.89,1.32,17.87,6.83,0.15,2.0,6.52,4.15,0.99,0.27
871,Dacite dike,-122.2608,46.2458,63.73,1.06,16.3,6.08,0.15,1.7,5.4,4.12,1.12,0.36
872,Dacite,-122.3261,46.1953,64.0,1.02,16.1,6.08,0.15,1.58,4.46,5.35,0.88,0.38
873,Dacite,-122.3219,46.1917,64.16,1.12,15.91,6.09,0.2,1.63,4.17,4.6,1.71,0.4
874,Dacite,-122.3683,46.2372,67.29,0.77,14.59,5.36,0.09,1.27,3.49,4.78,2.17,0.2
875,Basalt,-122.365,46.0969,48.03,1.44,17.91,10.07,0.18,6.92,12.94,2.19,0.18,0.14
876,Basalt,-122.3719,46.0531,48.41,1.31,18.6,9.45,0.15,6.81,12.88,2.13,0.12,0.14
877,Basalt,-122.3247,46.0578,49.41,1.41,17.03,10.12,0.11,7.23,12.19,2.22,0.12,0.17
878,Basalt,-122.3697,46.0797,49.02,2.03,16.58,12.59,0.21,6.03,10.01,2.87,0.42,0.23
879,Basalt,-122.3733,46.1108,48.62,1.53,17.76,10.04,0.18,6.48,12.9,2.07,0.26,0.15
880,Basalt,-122.3542,46.0594,48.46,1.35,19.65,9.16,0.15,5.46,13.17,2.09,0.37,0.14
881,Basalt,-122.3547,46.0622,48.44,1.46,17.65,9.88,0.16,7.1,12.62,2.27,0.25,0.16
882,Basalt,-122.3661,46.0439,49.0,1.89,15.12,11.57,0.22,7.09,12.33,2.37,0.23,0.19
883,Basalt,-122.3614,46.0922,49.01,1.67,16.82,10.81,0.18,6.67,12.1,2.29,0.28,0.17
884,Basalt,-122.3503,46.0494,49.63,2.18,14.55,12.26,0.27,6.37,11.35,2.83,0.32,0.26
885,Basalt,-122.3369,46.0736,50.69,1.48,15.98,10.14,0.16,6.66,11.57,2.79,0.34,0.19
886,Basalt,-122.3142,46.0486,50.74,1.66,15.75,10.68,0.2,6.22,10.95,3.18,0.38,0.25
887,Basalt,-122.3667,46.0467,50.94,2.24,15.55,12.98,0.24,4.78,8.82,3.52,0.68,0.28
888,Basalt,-122.3208,46.0367,51.44,1.58,16.19,10.88,0.15,5.29,10.76,3.11,0.38,0.22
889,Basalt,-122.3617,46.0378,51.26,2.23,15.52,12.69,0.25,4.75,9.12,3.35,0.56,0.29
890,Basalt,-122.2872,46.0031,51.9,0.76,17.09,7.86,0.13,8.22,11.12,2.3,0.48,0.13
891,Basalt,-122.3222,46.0633,51.48,1.58,16.41,10.74,0.18,5.1,10.91,3.0,0.38,0.22
892,Basalt,-122.2594,46.0011,51.07,1.42,19.88,9.73,0.16,3.59,10.8,2.79,0.41,0.14
893,Basalt,-122.2578,46.0381,51.74,1.76,18.27,10.75,0.22,4.21,8.81,3.33,0.5,0.42
894,Diorite dike,-122.2956,46.0692,52.74,1.37,18.31,10.21,0.15,4.36,9.23,2.98,0.34,0.32
895,Basalt dike,-122.2642,46.0022,52.6,1.92,15.54,12.62,0.22,4.2,8.82,3.23,0.66,0.19
896,Basalt,-122.3708,46.0153,52.05,1.39,16.06,10.22,0.19,5.83,9.87,3.55,0.64,0.19
897,Basalt,-122.3633,46.0142,52.18,0.94,16.75,9.05,0.16,6.17,11.57,2.75,0.3,0.12
898,Basaltic andesite,-122.3025,46.1047,53.22,1.15,16.1,9.01,0.15,7.47,9.68,2.74,0.33,0.15
899,Basaltic andesite,-122.2914,46.0939,53.28,1.6,18.2,9.21,0.16,3.82,9.8,3.14,0.57,0.22
900,Andesite,-122.2742,46.1022,54.44,1.0,18.93,7.35,0.12,4.56,9.96,3.12,0.35,0.16
901,Diorite sill,-122.2864,46.0156,55.16,1.32,18.97,8.33,0.1,3.04,8.63,3.38,0.84,0.23
902,Diorite,-122.3344,46.0878,54.9,1.34,17.99,9.39,0.17,3.98,8.0,3.35,0.55,0.32
903,Quartz diorite,-122.2881,46.0628,56.96,1.21,17.59,8.66,0.18,3.3,7.61,3.4,0.85,0.24
904,Dacite,-122.2586,46.0739,63.59,1.05,16.37,6.09,0.15,1.71,5.38,4.2,1.11,0.35
905,Dacite,-122.2794,46.1,65.72,0.75,15.42,5.33,0.11,2.0,4.99,4.7,0.84,0.14
906,Basalt,-122.3981,46.0497,48.03,1.16,20.05,8.3,0.14,6.48,13.68,1.91,0.13,0.13
907,Basalt,-122.4983,46.1031,47.56,1.49,15.37,10.32,0.17,10.83,11.86,2.04,0.21,0.15
908,Basalt,-122.4925,46.1092,47.27,1.34,15.55,9.94,0.16,11.77,11.77,1.94,0.1,0.15
909,Basalt,-122.4031,46.0833,47.58,1.21,16.96,9.34,0.15,9.76,13.05,1.65,0.17,0.11
910,Basalt,-122.4069,46.0717,47.76,1.21,17.95,9.07,0.14,9.11,12.58,1.88,0.18,0.13
911,Basalt,-122.4469,46.1081,47.63,1.03,19.26,8.16,0.13,8.06,13.42,1.97,0.2,0.12
912,Basalt,-122.4981,46.12,49.5,1.76,15.72,10.75,0.18,6.58,12.35,2.62,0.35,0.19
913,Basalt,-122.45,46.0947,47.58,1.29,15.35,9.86,0.16,11.36,12.18,1.92,0.16,0.12
914,Basalt,-122.4903,46.1197,47.73,1.28,15.33,9.85,0.16,11.14,12.26,1.91,0.2,0.12
915,Basalt,-122.4944,46.0897,47.85,1.27,16.7,9.51,0.16,9.53,12.5,2.17,0.17,0.13
916,Basalt,-122.4575,46.1075,47.73,1.28,15.33,9.85,0.16,11.14,12.26,1.91,0.2,0.12
917,Basalt,-122.4422,46.0875,47.62,1.24,17.2,9.43,0.15,8.95,12.92,2.15,0.2,0.12
918,Basalt,-122.4414,46.1181,47.65,1.28,17.11,9.63,0.16,9.0,12.73,2.07,0.23,0.13
919,Basalt,-122.4661,46.0692,48.27,1.2,18.15,8.99,0.14,7.76,13.3,1.8,0.26,0.12
920,Basalt,-122.4389,46.0617,47.69,1.04,19.77,8.35,0.13,7.7,13.25,1.81,0.15,0.1
921,Basalt,-122.4086,46.1006,48.2,1.45,16.37,10.39,0.18,8.04,12.87,2.11,0.23,0.15
922,Basalt,-122.4444,46.0978,47.72,1.26,16.99,9.72,0.16,9.3,12.41,2.14,0.16,0.13
923,Basalt,-122.4731,46.1144,47.92,1.23,17.88,9.1,0.15,7.97,13.28,2.08,0.26,0.13
924,Basalt,-122.4086,46.1161,47.95,1.22,17.85,9.56,0.15,7.96,13.16,1.85,0.17,0.12
925,Basalt,-122.4944,46.0528,48.79,1.6,17.82,10.44,0.19,6.05,12.64,2.16,0.16,0.17
926,Basalt,-122.41,46.0886,48.26,1.23,18.24,9.01,0.14,7.7,13.11,1.97,0.2,0.13
927,Basalt,-122.3894,46.09,48.44,1.48,16.32,10.45,0.16,8.31,12.32,2.19,0.18,0.15
928,Basalt,-122.4208,46.0719,48.6,1.41,18.12,9.56,0.15,6.66,13.18,1.98,0.19,0.14
929,Basalt,-122.3758,46.0917,49.15,1.85,15.27,11.78,0.2,7.46,11.43,2.42,0.24,0.2
930,Basalt,-122.4364,46.0556,48.6,1.5,16.85,10.46,0.17,7.16,12.74,2.15,0.21,0.15
931,Basalt,-122.4144,46.0761,48.77,1.45,17.01,10.3,0.18,6.71,13.2,2.03,0.2,0.14
932,Basalt,-122.4783,46.0547,48.65,1.43,17.79,10.01,0.17,6.61,12.86,2.1,0.25,0.13
933,Basalt,-122.4228,46.0489,48.7,1.29,16.95,9.9,0.16,7.99,12.64,2.05,0.18,0.12
934,Basalt,-122.3917,46.0925,48.77,1.58,16.98,10.38,0.2,6.44,13.07,2.19,0.23,0.16
935,Basalt,-122.4108,46.1181,48.2,1.38,16.64,10.05,0.16,8.79,12.48,1.99,0.17,0.13
936,Basalt,-122.4014,46.11,48.61,1.37,18.32,9.59,0.15,6.56,13.0,2.06,0.21,0.13
937,Basalt,-122.4164,46.0778,49.24,1.6,16.14,11.18,0.19,7.13,11.69,2.31,0.35,0.17
938,Basalt,-122.4469,46.0594,48.12,1.22,18.5,9.08,0.15,7.61,12.84,2.07,0.28,0.12
939,Basalt,-122.4644,46.0475,48.75,1.52,16.79,10.51,0.18,7.03,12.19,2.55,0.33,0.16
940,Basalt,-122.4242,46.0725,48.86,1.52,17.3,10.08,0.17,6.45,13.03,2.19,0.23,0.16
941,Basalt,-122.4297,46.0708,49.04,1.63,17.88,10.12,0.17,5.44,12.98,2.32,0.26,0.16
942,Basalt,-122.4869,46.0936,49.46,1.83,16.72,10.54,0.18,5.99,12.0,2.68,0.37,0.23
943,Basalt,-122.4739,46.1117,49.45,1.8,16.86,10.4,0.17,6.03,12.06,2.68,0.35,0.21
944,Basalt,-122.4875,46.1247,49.58,1.84,16.66,10.58,0.17,5.97,11.96,2.66,0.36,0.21
945,Basalt,-122.4706,46.0769,49.56,1.78,16.52,10.66,0.18,6.44,11.93,2.38,0.35,0.2
946,Basalt,-122.4303,46.0083,50.49,1.46,19.93,8.54,0.14,4.11,11.77,3.11,0.23,0.23
947,Basalt,-122.4911,46.0556,50.62,2.01,15.11,12.32,0.21,5.85,10.41,2.84,0.41,0.22
948,Basalt,-122.3806,46.0072,51.2,1.01,17.1,9.32,0.14,6.36,10.96,3.27,0.51,0.13
949,Basalt,-122.4053,46.0539,51.13,2.23,15.38,12.94,0.23,4.77,9.1,3.35,0.6,0.28
950,Basalt,-122.4019,46.0678,51.73,2.19,15.26,12.73,0.23,4.71,8.96,3.33,0.57,0.28
951,Basalt,-122.4072,46.025,51.94,1.27,17.69,9.13,0.15,5.24,10.94,3.06,0.4,0.18
952,Basalt,-122.4394,46.0483,51.89,2.23,15.13,12.79,0.22,4.7,8.99,3.21,0.56,0.27
953,Basalt,-122.385,46.1131,52.01,2.22,15.03,12.8,0.25,4.66,8.92,3.21,0.6,0.28
954,Basaltic andesite,-122.4522,46.0331,52.2,1.13,16.28,9.62,0.18,6.27,11.09,2.71,0.36,0.16
955,Basalt,-122.4006,46.0333,51.94,1.11,17.62,8.57,0.15,5.94,11.14,2.9,0.46,0.17
956,Basalt,-122.4103,46.0514,51.85,2.17,15.23,12.63,0.22,4.73,8.97,3.35,0.59,0.27
957,Basaltic andesite,-122.4283,46.0381,52.36,1.16,16.71,9.03,0.15,6.2,11.0,2.76,0.43,0.2
958,Basaltic andesite,-122.4083,46.0042,53.23,1.11,17.16,8.58,0.18,5.86,9.76,3.3,0.62,0.21
959,Basalt,-122.4692,46.0364,51.96,1.01,16.85,8.8,0.16,6.29,11.5,2.88,0.38,0.16
960,Basaltic andesite,-122.4933,46.0336,52.92,1.88,16.38,9.49,0.13,5.75,9.08,3.28,0.59,0.5
961,Basaltic andesite,-122.3972,46.0014,52.78,1.82,17.46,9.56,0.17,3.83,9.45,3.85,0.72,0.35
962,Basaltic andesite,-122.475,46.015,52.84,1.59,18.53,8.36,0.12,4.12,9.67,3.72,0.77,0.27
963,Basaltic andesite,-122.4878,46.0311,52.95,1.61,16.8,9.27,0.15,5.62,9.14,3.48,0.54,0.44
964,Basaltic andesite,-122.4786,46.0061,53.35,1.98,16.86,9.75,0.19,4.04,8.78,3.83,0.86,0.35
965,Basaltic andesite,-122.4369,46.0228,53.57,1.92,16.5,10.18,0.17,3.9,9.2,3.69,0.52,0.36
966,Basaltic andesite,-122.4089,46.0239,53.9,1.61,15.96,10.04,0.16,4.93,9.06,3.4,0.7,0.25
967,Basaltic andesite,-122.4108,46.0306,54.03,1.63,15.35,11.61,0.18,4.53,8.35,3.46,0.61,0.24
968,Basaltic andesite,-122.4389,46.0311,53.97,2.21,15.64,10.86,0.18,3.9,8.57,3.81,0.52,0.34
969,Basaltic andesite,-122.465,46.0003,53.7,1.95,16.98,9.52,0.18,3.94,8.67,3.82,0.88,0.35
970,Basaltic andesite,-122.4517,46.0422,54.28,1.32,15.6,9.79,0.17,5.5,9.44,3.13,0.54,0.22
971,Basaltic andesite,-122.43,46.0072,54.01,1.98,16.1,10.28,0.18,3.72,8.5,4.07,0.77,0.4
972,Basaltic andesite,-122.4997,46.0883,54.51,1.65,17.42,9.32,0.17,3.66,8.41,3.72,0.87,0.26
973,Basaltic andesite,-122.4983,46.0319,54.42,1.62,17.53,8.65,0.15,3.9,8.96,3.65,0.83,0.3
974,Basaltic andesite,-122.4989,46.0972,54.89,1.22,18.88,7.73,0.12,3.49,9.28,3.51,0.68,0.21
975,Basaltic andesite,-122.4922,46.025,54.87,1.3,14.95,8.39,0.15,6.88,8.84,3.37,0.98,0.27
976,Basaltic andesite,-122.4825,46.0233,55.2,1.27,14.98,8.38,0.13,6.69,8.69,3.41,1.0,0.26
977,Basaltic andesite,-122.4919,46.0222,55.84,1.27,15.08,8.25,0.15,6.06,8.58,3.5,1.0,0.26
978,Basaltic andesite,-122.4814,46.0106,56.91,2.07,16.56,8.79,0.2,3.43,6.37,4.4,0.92,0.36
979,Basaltic andesite,-122.4606,46.0169,56.44,1.12,17.35,7.27,0.12,4.95,7.97,3.72,0.83,0.22
980,Basaltic andesite,-122.4369,46.0228,56.5,1.13,17.34,7.35,0.11,4.97,7.84,3.69,0.85,0.22
981,Andesite,-122.4981,46.0367,57.04,1.01,17.42,6.69,0.09,5.15,8.08,3.6,0.75,0.18
982,Andesite,-122.4969,46.0236,59.56,1.44,17.13,6.7,0.13,2.61,5.78,4.68,1.51,0.46
983,Basalt,-122.4575,46.1492,47.41,0.88,21.2,7.19,0.11,7.31,13.93,1.76,0.12,0.09
984,Basalt,-122.4583,46.1547,47.6,1.23,18.16,9.57,0.15,8.06,12.93,1.95,0.22,0.13
985,Basalt,-122.4664,46.1292,47.46,1.13,17.49,9.22,0.15,9.67,12.48,2.1,0.18,0.12
986,Basalt,-122.4339,46.145,47.68,0.94,21.99,7.16,0.11,5.54,14.28,2.01,0.18,0.1
987,Basalt,-122.4494,46.2014,47.75,1.22,16.63,9.9,0.17,9.73,12.12,2.16,0.21,0.11
988,Basalt,-122.4731,46.1267,47.51,1.21,17.13,9.55,0.16,9.41,12.64,2.03,0.22,0.13
989,Basalt,-122.4608,46.165,47.63,1.19,17.38,9.38,0.15,9.12,12.88,1.97,0.18,0.12
990,Basalt,-122.4253,46.1486,47.84,1.46,16.49,10.33,0.17,8.82,12.4,2.14,0.2,0.14
991,Basalt,-122.4514,46.1478,47.73,1.15,18.7,8.95,0.14,8.1,12.98,1.9,0.22,0.11
992,Basalt,-122.4964,46.16,47.6,3.07,14.34,14.94,0.25,5.2,11.09,2.72,0.45,0.35
993,Basalt,-122.4961,46.1767,47.67,2.48,15.86,13.27,0.21,5.77,11.38,2.64,0.43,0.28
994,Basalt,-122.4256,46.1289,48.38,1.38,17.02,10.59,0.17,8.11,11.66,2.32,0.23,0.14
995,Basalt,-122.4553,46.1803,48.17,1.43,17.67,9.9,0.16,7.04,13.04,2.2,0.25,0.14
996,Basalt,-122.4683,46.1544,47.8,2.75,14.98,14.32,0.23,5.77,10.7,2.74,0.4,0.31
997,Basalt,-122.4203,46.1308,47.81,1.11,18.31,8.94,0.15,8.47,13.02,1.83,0.24,0.11
998,Basalt,-122.4697,46.1986,48.11,1.37,16.45,10.2,0.17,8.96,12.26,2.17,0.17,0.14
999,Basalt,-122.4472,46.1489,48.07,1.22,16.7,9.71,0.16,9.43,12.22,2.19,0.17,0.12
1000,Basalt,-122.4953,46.1636,47.93,2.52,15.6,13.5,0.22,5.69,11.15,2.69,0.41,0.29
1001,Basalt,-122.4817,46.1608,48.11,2.53,15.77,13.19,0.2,5.52,11.29,2.69,0.41,0.28
1002,Basalt,-122.4636,46.13,48.39,1.37,18.48,9.37,0.15,6.37,13.17,2.33,0.22,0.14
1003,Basalt,-122.4947,46.1631,47.52,2.5,15.64,14.18,0.22,5.83,10.63,2.68,0.52,0.29
1004,Basalt,-122.4458,46.1594,48.88,1.55,16.7,10.77,0.18,7.6,11.55,2.39,0.25,0.14
1005,Basalt,-122.4625,46.1419,48.36,1.39,16.43,10.1,0.16,8.26,12.85,2.2,0.1,0.14
1006,Basalt,-122.4586,46.1353,48.79,1.78,15.41,11.47,0.2,6.72,12.74,2.43,0.3,0.17
1007,Basalt,-122.4906,46.2156,48.65,1.64,15.88,11.35,0.2,7.13,12.39,2.41,0.19,0.15
1008,Basalt,-122.4822,46.1578,48.1,2.46,15.66,13.2,0.21,5.78,11.22,2.68,0.42,0.28
1009,Basalt,-122.4914,46.1639,47.98,2.55,15.62,13.44,0.23,5.66,11.09,2.74,0.39,0.29
1010,Basalt,-122.4964,46.155,50.03,1.59,19.54,9.01,0.2,4.62,11.78,2.67,0.3,0.27
1011,Basalt,-122.4297,46.2383,50.51,1.41,17.52,9.31,0.21,6.37,10.93,2.89,0.6,0.27
1012,Basalt,-122.4939,46.165,50.69,1.97,16.72,10.42,0.2,5.68,10.53,2.83,0.62,0.35
1013,Basalt,-122.4192,46.1561,50.7,1.61,17.93,9.74,0.14,5.5,10.29,3.22,0.57,0.3
1014,Basalt,-122.43,46.1731,51.69,2.18,16.13,10.94,0.18,4.77,9.59,3.54,0.64,0.35
1015,Basalt,-122.3783,46.1553,51.89,1.08,16.54,9.13,0.18,8.25,9.87,2.71,0.18,0.18
1016,Basalt,-122.4372,46.1972,51.32,2.5,15.23,12.34,0.21,4.62,8.86,3.72,0.58,0.6
1017,Basalt,-122.4025,46.1544,51.77,1.98,16.37,11.15,0.18,4.6,9.3,3.73,0.6,0.3
1018,Basalt,-122.4383,46.2022,51.87,1.23,17.12,8.88,0.14,7.42,9.51,3.12,0.47,0.24
1019,Basalt,-122.4786,46.2439,51.83,1.57,16.8,9.09,0.16,7.0,9.69,3.14,0.47,0.25
1020,Basaltic andesite,-122.4358,46.1731,52.85,1.43,17.55,8.5,0.33,5.44,9.06,3.61,0.82,0.39
1021,Basalt,-122.435,46.2283,52.02,1.37,15.44,9.34,0.16,8.21,9.95,2.78,0.5,0.23
1022,Basaltic andesite,-122.4614,46.1592,52.34,1.94,16.02,11.21,0.18,4.53,9.29,3.73,0.51,0.24
1023,Basaltic andesite,-122.4367,46.1783,53.52,1.44,16.52,8.97,0.18,6.03,9.15,3.39,0.45,0.35
1024,Basaltic andesite,-122.4161,46.1864,53.21,1.32,17.63,8.58,0.21,5.3,9.53,3.27,0.67,0.29
1025,Basaltic andesite,-122.4056,46.1539,53.35,1.24,16.82,8.36,0.13,6.98,9.09,3.37,0.44,0.22
1026,Basaltic andesite,-122.3819,46.1339,53.07,1.93,15.79,10.55,0.15,4.78,9.18,3.52,0.67,0.37
1027,Basaltic andesite,-122.4228,46.1647,53.34,2.32,16.04,10.48,0.17,4.08,8.18,4.2,0.77,0.42
1028,Basaltic andesite,-122.4625,46.2336,53.35,1.21,17.27,8.29,0.13,6.54,8.82,3.64,0.56,0.19
1029,Basaltic andesite,-122.4956,46.2406,53.79,1.53,16.63,8.85,0.13,5.8,8.83,3.43,0.64,0.37
1030,Basaltic andesite,-122.3839,46.2378,53.77,1.15,17.72,8.4,0.14,5.37,9.6,3.01,0.66,0.18
1031,Basaltic andesite,-122.4592,46.2261,54.1,1.26,17.59,8.04,0.33,5.55,8.67,3.68,0.57,0.2
1032,Basaltic andesite,-122.4814,46.235,54.46,1.72,16.78,9.28,0.14,5.1,8.12,3.33,0.74,0.33
1033,Basaltic andesite,-122.4042,46.1972,54.08,1.45,17.42,8.19,0.14,5.05,9.33,3.44,0.66,0.23
1034,Basaltic andesite,-122.4939,46.1464,55.22,1.39,17.05,8.2,0.15,4.71,8.61,3.17,1.16,0.33
1035,Basaltic andesite,-122.4167,46.1717,54.2,1.63,16.71,9.64,0.15,4.3,8.76,3.69,0.59,0.33
1036,Basaltic andesite,-122.3939,46.1889,54.5,1.39,17.59,8.2,0.15,4.86,8.74,3.29,1.05,0.24
1037,Basaltic andesite,-122.3772,46.1594,54.82,1.45,17.48,8.31,0.17,4.63,8.87,3.27,0.83,0.16
1038,Basaltic andesite,-122.4842,46.1556,55.22,1.34,16.99,8.1,0.13,4.9,8.42,3.4,1.18,0.31
1039,Basaltic andesite,-122.4908,46.1322,54.64,1.22,18.66,7.86,0.22,3.85,9.52,3.45,0.37,0.21
1040,Basaltic andesite,-122.4947,46.1319,54.94,1.22,18.72,7.81,0.14,3.8,9.32,3.43,0.41,0.21
1041,Basaltic andesite,-122.4933,46.1422,54.97,1.39,17.06,8.21,0.14,4.8,8.58,3.37,1.16,0.32
1042,Basaltic andesite,-122.4211,46.1747,55.19,2.36,14.98,10.51,0.16,3.79,7.65,3.73,0.93,0.7
1043,Basaltic andesite,-122.4914,46.1883,55.63,1.4,17.44,8.31,0.19,4.13,8.14,3.43,1.01,0.32
1044,Basaltic andesite,-122.4967,46.1356,56.48,1.51,17.07,7.56,0.12,3.99,8.6,3.61,0.68,0.37
1045,Basaltic andesite,-122.4847,46.1489,56.11,1.51,17.51,7.58,0.11,3.78,7.87,3.68,1.51,0.35
1046,Basaltic andesite,-122.4042,46.1847,55.67,1.72,16.83,8.9,0.16,3.42,7.85,3.93,1.26,0.25
1047,Basaltic andesite,-122.3864,46.1625,56.27,1.08,16.09,7.81,0.14,6.1,7.99,3.35,0.99,0.17
1048,Basaltic andesite,-122.39,46.1761,55.82,1.76,17.39,8.57,0.15,3.13,8.35,3.53,1.06,0.25
1049,Basaltic andesite,-122.4042,46.1858,56.21,0.97,19.38,6.35,0.12,3.68,8.71,3.57,0.83,0.17
1050,Basaltic andesite,-122.4303,46.2439,56.6,1.1,17.87,7.21,0.11,4.45,7.63,3.41,1.38,0.24
1051,Basaltic andesite,-122.4292,46.1867,56.59,1.91,16.2,9.5,0.15,3.28,6.69,4.32,0.94,0.42
1052,Basaltic andesite,-122.4064,46.1847,56.66,1.99,15.34,9.86,0.16,3.42,7.37,4.08,0.81,0.31
1053,Basaltic andesite,-122.3928,46.2119,56.46,0.71,17.43,6.61,0.11,5.18,9.31,2.82,1.21,0.15
1054,Basaltic andesite,-122.4508,46.2189,56.48,0.97,17.03,7.31,0.14,5.49,8.24,3.38,0.8,0.16
1055,Basaltic andesite,-122.3792,46.1889,56.57,1.31,17.09,8.13,0.15,3.95,7.99,3.38,1.17,0.25
1056,Andesite,-122.3828,46.2439,57.39,1.36,16.38,8.17,0.12,4.27,7.3,3.29,1.42,0.3
1057,Basaltic andesite,-122.3817,46.2069,56.87,1.17,16.31,7.86,0.15,5.02,7.84,3.36,1.16,0.25
1058,Andesite,-122.3942,46.1714,57.24,1.44,16.79,7.97,0.14,3.7,7.64,3.44,1.33,0.3
1059,Andesite,-122.3947,46.1892,57.52,1.36,16.36,8.2,0.14,4.11,7.19,3.43,1.39,0.3
1060,Andesite,-122.4061,46.1425,57.26,1.52,17.59,7.32,0.13,3.33,7.25,4.22,1.05,0.32
1061,Andesite,-122.4567,46.2494,57.32,1.12,17.61,7.06,0.11,4.3,7.41,3.47,1.36,0.25
1062,Basaltic andesite,-122.3986,46.2089,57.18,1.16,16.41,7.74,0.13,4.62,7.82,3.48,1.21,0.25
1063,Andesite,-122.4056,46.1769,57.27,1.2,16.28,7.91,0.12,4.48,7.72,3.53,1.24,0.25
1064,Andesite dike,-122.3961,46.1786,59.69,1.53,16.32,7.77,0.16,2.67,6.99,3.96,0.61,0.31
1065,Andesite,-122.4256,46.1722,58.08,1.87,15.82,8.7,0.18,2.73,5.99,4.54,1.47,0.62
1066,Andesite,-122.4006,46.2064,58.38,1.41,16.03,7.89,0.14,3.62,6.98,3.67,1.55,0.32
1067,Andesite,-122.4572,46.2356,58.68,1.02,16.83,6.55,0.14,4.63,7.32,3.61,1.05,0.18
1068,Andesite,-122.5,46.135,58.72,1.83,16.12,8.26,0.13,2.99,5.8,3.97,1.69,0.49
1069,Andesite,-122.4131,46.155,58.49,1.14,17.25,6.79,0.13,3.78,7.2,3.81,1.19,0.22
1070,Andesite,-122.3806,46.1661,59.0,1.53,16.7,7.58,0.12,2.83,6.46,3.96,1.51,0.32
1071,Andesite sill,-122.3811,46.1992,59.73,0.74,16.84,6.27,0.16,3.94,7.23,3.45,1.46,0.18
1072,Andesite,-122.4683,46.2372,59.03,1.0,16.59,6.54,0.11,4.72,7.17,3.62,1.03,0.18
1073,Andesite,-122.3942,46.225,59.22,1.06,16.44,6.61,0.1,4.37,7.03,3.54,1.43,0.19
1074,Andesite sill,-122.4008,46.1689,59.91,1.14,16.62,6.73,0.11,3.58,6.98,3.93,0.79,0.22
1075,Andesite,-122.385,46.2356,60.02,1.13,16.41,6.69,0.1,3.66,6.56,3.63,1.69,0.1
1076,Andesite dike,-122.4894,46.1714,60.72,1.69,15.54,7.68,0.15,2.38,5.36,4.29,1.72,0.48
1077,Andesite,-122.3928,46.2214,59.9,1.11,16.56,6.6,0.11,3.61,6.61,3.65,1.65,0.2
1078,Andesite,-122.4144,46.1853,59.99,1.11,17.01,6.55,0.09,2.92,6.81,3.77,1.52,0.21
1079,Andesite,-122.4175,46.1975,60.07,0.96,17.03,6.02,0.12,3.47,6.83,3.85,1.44,0.2
1080,Andesite,-122.4164,46.2181,60.33,0.97,16.7,6.32,0.11,3.93,6.81,3.96,0.66,0.2
1081,Andesite,-122.4164,46.2092,60.01,1.11,16.38,6.6,0.11,3.72,6.42,3.7,1.73,0.21
1082,Andesite,-122.4222,46.2403,60.66,0.99,16.47,6.08,0.1,3.79,6.78,3.45,1.46,0.21
1083,Andesite,-122.4108,46.2394,61.71,1.08,16.8,6.04,0.11,2.78,5.56,3.92,1.77,0.22
1084,Andesite,-122.3961,46.2464,61.34,1.24,16.59,6.43,0.1,2.36,6.14,4.75,0.74,0.31
1085,Andesite,-122.4047,46.2139,61.78,1.1,16.5,6.16,0.12,2.78,5.7,3.87,1.77,0.23
1086,Andesite,-122.4556,46.2453,62.24,0.93,16.69,5.47,0.11,2.93,5.6,4.11,1.7,0.23
1087,Andesite,-122.4053,46.2211,62.36,0.87,16.39,5.9,0.1,2.79,5.57,3.92,1.91,0.2
1088,Andesite,-122.4094,46.2353,62.4,0.87,16.37,5.79,0.11,2.89,5.68,3.85,1.84,0.2
1089,Granodiorite,-122.5008,46.1553,64.74,1.07,16.06,5.49,0.14,1.46,2.95,6.0,1.71,0.37
1090,Dacite,-122.4733,46.2511,66.96,0.63,15.76,4.19,0.07,1.93,4.19,3.93,2.18,0.17
1091,Basaltic andesite,-122.779,45.957,52.46,1.12,18.75,8.56,0.14,4.79,10.7,2.92,0.34,0.22
1092,Basaltic andesite,-122.834,45.996,52.58,1.14,18.13,8.6,0.15,5.41,10.5,2.87,0.41,0.21
1093,Basaltic andesite,-122.806,45.968,52.83,1.22,17.82,8.69,0.15,5.32,10.34,3.03,0.35,0.24
1094,Basaltic andesite,-122.75,45.952,53.15,1.22,17.86,8.36,0.18,5.28,10.28,3.04,0.37,0.24
1095,Basaltic andesite,-122.866,45.978,53.17,1.09,18.22,8.2,0.16,5.35,10.22,3.0,0.41,0.19
1096,Basaltic andesite,-122.843,45.998,53.3,1.27,17.27,8.55,0.15,5.87,9.24,3.17,0.85,0.33
1097,Basaltic andesite,-122.805,45.97,53.29,0.94,18.02,8.23,0.18,5.98,9.98,2.88,0.29,0.18
1098,Basaltic andesite,-122.776,45.971,53.34,1.2,18.01,8.27,0.15,5.01,10.32,3.01,0.44,0.26
1099,Basaltic andesite,-122.753,45.993,53.59,1.14,18.93,7.82,0.14,4.51,10.03,3.16,0.42,0.25
1100,Basaltic andesite,-122.753,45.98,53.85,1.28,18.74,8.03,0.14,4.11,9.63,3.39,0.6,0.23
1101,Basaltic andesite,-122.766,45.931,53.97,1.31,17.34,8.2,0.16,5.45,9.4,3.25,0.66,0.28
1102,Basaltic andesite,-122.754,45.994,54.07,1.26,17.18,8.44,0.15,5.44,9.55,3.23,0.33,0.35
1103,Basaltic andesite,-122.828,45.972,54.55,1.05,17.92,8.12,0.13,4.68,9.46,3.11,0.77,0.21
1104,Basaltic andesite,-122.815,45.959,54.73,1.61,16.93,8.83,0.17,4.52,8.51,3.5,0.86,0.35
1105,Basaltic andesite,-122.769,45.99,54.9,1.31,18.14,8.1,0.15,3.84,9.31,3.45,0.55,0.25
1106,Basaltic andesite,-122.799,45.971,55.03,1.21,16.81,8.36,0.14,5.1,9.22,3.4,0.48,0.25
1107,Basaltic andesite,-122.866,45.953,55.21,1.57,16.24,9.39,0.18,4.29,8.52,3.61,0.73,0.26
1108,Basaltic andesite,-122.76,45.932,55.48,1.15,18.19,7.85,0.18,4.16,8.82,3.23,0.71,0.22
1109,Basaltic andesite,-122.856,45.963,55.6,1.54,16.71,9.07,0.17,3.94,8.02,3.97,0.62,0.35
1110,Basaltic andesite,-122.868,45.974,55.85,0.89,18.82,6.89,0.13,4.36,8.79,3.2,0.87,0.19
1111,Basaltic andesite,-122.784,45.978,56.79,1.77,15.65,9.62,0.18,3.65,7.33,4.07,0.62,0.33
1112,Andesite,-122.768,45.962,57.91,1.4,16.23,8.77,0.17,3.3,7.17,3.69,1.06,0.3
1113,Andesite,-122.768,45.943,60.04,1.04,16.41,6.29,0.11,3.95,6.5,3.8,1.62,0.24
1114,Andesite,-122.765,45.957,60.67,1.34,16.06,7.16,0.16,2.79,6.0,4.32,1.19,0.3
1115,Dacite,-122.788,45.971,64.09,0.93,16.26,5.08,0.11,2.19,5.08,4.22,1.83,0.22
1116,Dacite,-122.803,45.987,64.95,1.13,14.97,6.46,0.15,1.39,4.01,4.57,1.98,0.4
1117,Dacite,-122.781,45.982,65.58,1.25,14.96,5.63,0.11,1.55,4.04,3.86,2.64,0.38
1118,Basalt,-122.7122,45.9943,51.01,0.9,16.41,7.79,0.13,9.37,10.74,2.6,0.81,0.23
1119,Basalt,-122.793,45.949,51.35,1.84,16.57,10.1,0.18,5.79,10.19,2.98,0.6,0.4
1120,Basalt,-122.7002,45.9915,51.33,0.86,17.24,8.32,0.15,8.61,10.31,2.51,0.47,0.19
1121,Basaltic andesite,-122.7403,45.9497,52.0,1.83,16.5,9.91,0.17,5.56,10.17,2.89,0.56,0.4
1122,Basaltic andesite,-122.6958,45.9602,53.07,0.94,17.77,8.3,0.14,6.16,10.2,2.75,0.51,0.16
1123,Basaltic andesite,-122.7442,45.9513,53.08,0.86,17.94,7.36,0.14,7.17,10.26,2.55,0.46,0.18
1124,Basaltic andesite,-122.7293,45.9577,53.12,1.1,17.21,7.9,0.18,6.71,10.39,2.56,0.63,0.21
1125,Basaltic andesite,-122.7327,45.9543,53.22,1.14,17.43,7.76,0.14,6.46,10.53,2.59,0.49,0.23
1126,Basaltic andesite,-122.6897,45.997,53.62,0.99,19.02,7.59,0.12,4.68,10.33,3.0,0.48,0.15
1127,Basaltic andesite,-122.7397,45.9778,53.74,1.04,17.13,8.37,0.15,6.64,9.46,2.77,0.53,0.17
1128,Basaltic andesite,-122.6728,45.9553,53.77,1.32,17.69,8.54,0.14,5.05,9.27,3.2,0.76,0.27
1129,Basaltic andesite,-122.6813,45.9873,54.02,0.85,18.14,7.16,0.14,6.07,10.03,2.75,0.63,0.19
1130,Basaltic andesite,-122.7037,45.9648,54.13,1.35,18.06,8.9,0.15,3.87,9.19,3.5,0.62,0.22
1131,Basaltic andesite,-122.7027,45.9722,54.24,1.1,17.71,7.97,0.17,5.71,9.35,3.12,0.39,0.24
1132,Basaltic andesite,-122.6893,45.9492,54.25,1.1,17.83,8.21,0.16,5.33,9.02,3.24,0.65,0.22
1133,Basaltic andesite,-122.7425,45.9917,54.27,0.96,18.53,7.71,0.14,4.69,9.87,3.18,0.5,0.16
1134,Basaltic andesite,-122.7107,45.9913,54.41,1.08,17.95,7.99,0.15,5.46,9.31,3.13,0.3,0.22
1135,Basaltic andesite,-122.6312,45.9532,54.62,1.31,17.14,8.17,0.16,5.14,9.34,3.17,0.67,0.28
1136,Basaltic andesite,-122.7173,45.9827,54.64,1.15,18.15,7.73,0.15,4.87,9.37,3.21,0.53,0.2
1137,Basaltic andesite,-122.7308,45.9852,54.77,1.41,17.45,8.38,0.15,4.3,9.42,3.32,0.49,0.3
1138,Basaltic andesite,-122.7413,45.9777,55.13,1.23,18.25,7.75,0.15,3.87,9.26,3.36,0.77,0.23
1139,Basaltic andesite,-122.7192,45.9938,55.28,1.18,18.99,7.39,0.15,3.54,9.28,3.3,0.67,0.21
1140,Basaltic andesite,-122.6892,45.8867,55.49,1.24,17.89,7.61,0.16,4.09,9.43,3.08,0.74,0.27
1141,Basaltic andesite,-122.6775,45.9585,55.8,1.3,16.97,7.96,0.15,4.46,8.96,3.28,0.86,0.27
1142,Basaltic andesite breccia,-122.7307,45.941,53.87,1.34,17.66,8.12,0.16,5.67,9.45,2.99,0.47,0.27
1143,Basaltic andesite,-122.75,45.9755,56.34,0.84,18.94,6.78,0.12,4.25,8.35,3.21,0.99,0.17
1144,Andesite,-122.6317,45.9125,58.05,1.42,17.16,7.61,0.14,3.03,7.95,3.57,0.67,0.4
1145,Andesite,-122.7187,45.9123,59.57,1.76,15.19,8.6,0.19,2.46,5.65,4.2,1.67,0.72
1146,Andesite,-122.6928,45.978,59.6,1.52,15.64,8.27,0.15,3.05,6.0,4.04,1.31,0.41
1147,Andesite,-122.7342,45.8857,59.81,1.56,16.08,7.75,0.23,2.87,6.4,3.86,1.07,0.37
1148,Andesite,-122.6717,45.8817,59.89,1.66,15.54,8.23,0.16,2.64,5.82,4.06,1.59,0.4
1149,Andesite,-122.6818,45.967,62.35,0.96,16.9,5.27,0.11,2.87,6.35,3.32,1.66,0.22
1150,Andesite,-122.6612,45.9708,62.65,1.36,15.51,6.84,0.14,2.15,4.89,4.25,1.78,0.43
1151,Dacite,-122.708,45.9642,66.06,1.09,15.46,5.51,0.13,1.32,3.84,4.43,1.8,0.36
1152,Dacite,-122.6533,45.9115,67.06,0.84,15.1,5.47,0.13,1.0,3.48,4.61,2.03,0.27
1153,Dacite,-122.6702,45.908,69.0,0.86,15.8,2.98,0.08,0.69,3.15,4.74,2.48,0.23
1154,Dacite,-122.698,45.8955,69.23,0.61,14.95,4.19,0.12,0.71,2.61,5.16,2.26,0.15
1155,Dacite,-122.7178,45.9835,72.91,0.39,14.43,3.3,0.08,0.52,5.21,2.72,0.36,0.09
1156,Basaltic andesite dike,-122.654,45.963,53.41,0.87,17.5,7.4,0.13,7.62,9.81,2.47,0.6,0.19
1157,Basaltic andesite dike,-122.7167,45.9653,53.72,1.57,17.64,8.82,0.16,4.7,8.78,3.26,1.02,0.32
1158,Basaltic andesite dike,-122.6747,45.954,55.66,1.02,17.68,7.51,0.12,5.56,8.3,3.03,0.92,0.21
1159,Basaltic andesite,-122.6753,45.9027,56.67,1.67,16.05,9.49,0.16,3.47,7.28,4.04,0.86,0.31
1160,Andesite sill,-122.6625,45.967,57.09,1.72,15.97,8.95,0.18,3.47,7.14,3.66,1.46,0.35
1161,Andesite plug,-122.7337,45.9508,57.26,1.26,16.53,7.89,0.14,4.09,7.82,3.57,1.15,0.31
1162,Basalt,-122.7262,45.927,48.97,2.53,16.78,11.92,0.26,5.96,10.16,2.82,0.17,0.42
1163,Basalt,-122.551,45.92,51.3,1.87,16.45,10.34,0.18,6.69,9.51,3.0,0.33,0.31
1164,Basaltic andesite,-122.585,45.921,53.1,1.05,17.56,8.56,0.16,6.79,9.24,3.02,0.35,0.17
1165,Basalt,-122.592,45.876,51.31,1.96,16.67,9.9,0.19,6.24,9.84,3.01,0.48,0.4
1166,Basaltic andesite,-122.624,45.9587,52.79,1.1,17.56,8.45,0.16,6.54,9.85,2.75,0.64,0.16
1167,Basaltic andesite,-122.5932,45.954,52.94,0.89,19.42,7.45,0.16,5.38,9.89,2.82,0.91,0.14
1168,Basaltic andesite,-122.592,45.905,52.98,1.21,17.67,8.95,0.15,5.78,9.72,2.86,0.49,0.18
1169,Basaltic andesite,-122.591,45.988,53.11,0.92,19.53,7.1,0.14,5.41,10.12,2.56,0.97,0.14
1170,Basaltic andesite,-122.602,45.944,53.49,0.91,19.21,7.25,0.15,4.92,10.16,2.85,0.91,0.15
1171,Basaltic andesite,-122.518,45.99,53.51,1.4,17.03,8.92,0.15,5.31,9.39,3.2,0.8,0.28
1172,Basaltic andesite,-122.516,45.934,53.6,1.42,17.88,8.33,0.15,4.49,10.08,3.17,0.59,0.29
1173,Basaltic andesite,-122.503,45.996,53.63,1.19,17.94,8.42,0.15,5.62,9.53,2.95,0.37,0.21
1174,Basaltic andesite,-122.567,45.999,54.22,1.45,17.62,8.64,0.14,5.15,8.78,3.07,0.71,0.22
1175,Basaltic andesite,-122.597,45.964,54.24,1.42,17.8,9.17,0.29,3.89,8.79,3.44,0.75,0.23
1176,Basaltic andesite,-122.58,45.9587,54.43,1.02,18.16,7.65,0.16,5.21,9.42,3.23,0.52,0.2
1177,Basaltic andesite,-122.587,45.999,54.78,1.11,18.33,7.52,0.13,4.6,9.04,3.54,0.77,0.18
1178,Basaltic andesite,-122.516,45.949,54.79,0.96,18.72,7.48,0.13,4.64,8.78,3.4,0.92,0.17
1179,Basaltic andesite,-122.5932,45.969,54.83,1.16,17.07,8.33,0.15,5.68,9.05,3.0,0.49,0.24
1180,Basaltic andesite,-122.554,45.956,54.85,1.71,16.25,9.54,0.17,4.42,7.8,3.55,1.34,0.38
1181,Basaltic andesite,-122.502,45.987,54.9,1.15,17.67,8.32,0.15,4.48,9.31,3.08,0.74,0.21
1182,Basaltic andesite,-122.535,45.919,55.04,1.0,18.13,7.57,0.23,4.65,9.44,3.24,0.54,0.16
1183,Basaltic andesite,-122.555,45.913,55.28,1.21,17.16,7.97,0.15,5.04,8.71,3.38,0.89,0.21
1184,Basaltic andesite,-122.51,45.991,55.59,1.1,17.46,7.97,0.14,4.26,8.81,3.42,1.04,0.2
1185,Basaltic andesite,-122.567,45.88,55.69,1.18,19.49,7.49,0.16,2.76,8.78,3.74,0.54,0.18
1186,Basaltic andesite,-122.606,45.926,55.92,1.68,16.65,9.02,0.14,3.74,7.76,3.71,1.09,0.31
1187,Basaltic andesite,-122.517,45.9552,56.09,1.24,17.94,7.92,0.15,3.67,8.16,3.79,0.89,0.16
1188,Basaltic andesite,-122.52,45.994,56.22,1.19,17.93,7.67,0.14,3.78,8.27,3.56,1.02,0.22
1189,Basaltic andesite,-122.5568,45.995,56.46,1.12,17.17,7.92,0.14,4.02,8.49,3.44,1.04,0.2
1190,Basaltic andesite,-122.6,45.926,56.97,1.15,17.2,7.12,0.15,3.79,7.89,3.88,1.48,0.38
1191,Basaltic andesite,-122.591,45.999,56.98,0.93,18.61,6.59,0.1,3.86,8.21,3.67,0.86,0.18
1192,Andesite,-122.518,45.969,57.21,1.2,17.49,7.66,0.12,4.07,7.51,3.52,1.03,0.2
1193,Andesite,-122.507,45.987,58.89,1.22,16.37,7.87,0.15,3.14,6.82,4.08,1.24,0.23
1194,Andesite,-122.51,45.941,59.28,1.03,17.06,6.64,0.12,4.02,6.75,3.67,1.23,0.22
1195,Andesite,-122.558,45.948,60.21,0.93,17.43,6.22,0.13,3.25,6.43,3.89,1.34,0.16
1196,Andesite,-122.543,45.977,60.38,1.02,16.09,6.77,0.11,3.73,6.57,3.65,1.45,0.22
1197,Andesite,-122.598,45.9858,60.7,0.97,17.01,6.49,0.12,2.97,6.37,3.92,1.19,0.26
1198,Dacite tuff,-122.591,45.924,66.53,0.81,15.49,5.39,0.15,1.5,3.97,4.37,1.59,0.2
1199,Dacite,-122.56,45.931,66.86,0.78,15.5,4.66,0.1,1.52,3.89,4.56,1.97,0.15
1200,Dacite,-122.579,45.942,67.94,0.71,15.38,4.22,0.08,1.22,3.36,4.87,2.08,0.15
1201,Dacite tuff,-122.503,45.991,69.08,0.65,14.96,4.28,0.1,0.88,3.12,4.51,2.26,0.16
1202,Dacite,-122.563,45.955,70.19,0.56,14.88,3.85,0.08,0.64,2.32,4.94,2.41,0.13
1203,Dacite,-122.555,45.921,71.15,0.55,15.27,3.53,0.07,0.59,1.5,4.31,2.92,0.11
1204,Gabbro,-122.574,45.992,50.88,1.18,16.42,9.47,0.15,9.55,9.08,2.67,0.36,0.25
1205,Microgabbro,-122.556,45.94,51.56,0.97,19.55,7.97,0.14,5.46,10.9,2.62,0.65,0.19
1206,Microgabbro,-122.564,45.995,51.65,1.23,17.79,8.04,0.13,7.16,10.27,2.69,0.77,0.27
1207,Gabbro,-122.608,45.973,52.25,1.09,17.42,8.56,0.14,7.61,9.44,2.79,0.54,0.18
1208,Diorite,-122.597,45.972,52.57,1.18,18.05,9.29,0.16,5.41,8.52,3.54,1.11,0.17
1209,Basaltic andesite,-122.548,45.959,52.95,0.89,18.88,7.52,0.13,5.83,10.0,2.71,0.92,0.16
1210,Diorite,-122.599,45.973,54.53,1.17,17.73,8.32,0.14,4.76,9.13,3.24,0.78,0.19
1211,Basaltic andesite dike,-122.62,45.9,54.8,1.36,16.45,9.33,0.17,4.81,9.24,3.19,0.42,0.22
1212,Microdiorite,-122.552,45.938,55.13,0.96,17.97,7.59,0.14,5.32,8.9,3.07,0.76,0.15
1213,Microdiorite,-122.616,45.916,54.98,0.99,18.17,7.33,0.17,5.29,9.02,3.16,0.73,0.16
1214,Microdiorite,-122.582,45.976,55.22,0.79,19.75,6.84,0.11,4.36,9.16,3.16,0.47,0.14
1215,Micro-quartz diorite,-122.586,45.925,57.73,1.25,17.76,8.17,0.16,2.36,7.41,4.11,0.86,0.2
1216,Micro-quartz diorite,-122.593,45.978,60.31,0.85,17.73,5.64,0.1,3.22,6.82,3.92,1.24,0.18
1217,Dacite dike,-122.608,45.989,64.14,1.16,15.54,6.45,0.14,1.65,4.59,5.28,0.74,0.32
1218,Dacite dike,-122.585,45.995,65.06,1.08,15.37,6.11,0.14,1.45,4.12,5.12,1.23,0.32
1219,Basaltic andesite,-122.506,45.88,53.48,0.91,19.21,7.25,0.15,4.91,10.16,2.85,0.91,0.15
1220,Andesite,-122.709,45.874,57.85,1.59,16.01,9.11,0.21,3.25,6.84,3.89,0.94,0.3
1221,Andesite,-122.704,45.87,60.24,1.44,16.48,7.44,0.17,2.74,5.54,3.91,1.72,0.33
1222,Andesite,-122.711,45.87,60.91,1.85,15.32,8.23,0.19,2.28,4.96,4.2,1.6,0.46
1223,Andesite,-122.704,45.87,60.37,1.57,15.78,7.47,0.17,2.41,5.66,4.63,1.28,0.66
1224,Andesite,-122.705,45.874,62.56,1.42,15.41,7.0,0.1,2.27,4.71,4.58,1.61,0.34
1225,Dacite,-122.502,45.874,63.78,1.18,15.87,6.12,0.12,1.82,4.29,4.71,1.76,0.36
1226,Basaltic andesite,-122.6992,45.0,52.9,1.48,16.56,11.19,0.21,4.46,9.22,3.33,0.48,0.16
1227,Basaltic andesite,-122.6226,46.8603,54.86,1.76,16.42,8.81,0.16,4.53,8.58,3.45,1.07,0.35
1228,Basalt,-122.851,46.259,49.08,1.35,17.69,9.57,0.16,7.25,12.17,2.35,0.24,0.13
1229,Basalt,-122.784,46.286,47.13,1.12,14.17,9.67,0.16,12.53,11.91,1.74,0.98,0.59
1230,Basalt,-122.791,46.297,47.64,1.24,16.85,9.6,0.17,10.2,11.45,2.25,0.38,0.23
1231,Basalt,-122.794,46.279,47.66,1.1,13.99,8.91,0.17,13.06,11.81,1.71,1.03,0.57
1232,Basalt,-122.757,46.285,47.77,1.21,15.59,9.27,0.16,10.7,11.71,2.24,0.89,0.46
1233,Basalt,-122.772,46.276,47.95,1.08,14.15,8.88,0.17,12.07,11.86,2.17,1.08,0.59
1234,Basalt,-122.772,46.279,48.36,1.16,15.01,9.06,0.16,11.26,11.43,2.3,0.78,0.48
1235,Basalt,-122.789,46.283,48.39,1.16,14.72,9.1,0.17,11.61,11.4,2.02,0.91,0.52
1236,Basalt,-122.766,46.26,48.12,1.32,16.46,9.82,0.17,9.7,11.42,2.32,0.45,0.22
1237,Basalt,-122.755,46.268,48.68,1.29,15.96,9.54,0.16,10.4,10.83,2.34,0.48,0.32
1238,Basalt,-122.767,46.282,48.71,1.16,14.84,9.12,0.17,11.5,11.18,1.93,0.88,0.51
1239,Basalt,-122.771,46.268,49.88,1.32,16.28,9.59,0.16,8.86,10.65,2.57,0.42,0.27
1240,Basalt,-122.757,46.274,51.01,1.52,16.25,9.71,0.15,7.76,9.89,2.8,0.51,0.4
1241,Basalt,-122.866,46.288,51.64,1.81,18.4,9.75,0.15,4.08,9.98,3.37,0.58,0.24
1242,Basalt,-122.858,46.305,51.7,1.8,18.35,9.55,0.16,4.27,9.79,3.52,0.6,0.26
1243,Basaltic andesite,-122.875,46.27,52.15,1.85,18.85,8.85,0.12,3.85,9.93,3.52,0.61,0.27
1244,Basaltic andesite,-122.817,46.333,52.42,2.04,16.51,10.89,0.18,4.45,8.84,3.72,0.68,0.27
1245,Basaltic andesite,-122.868,46.268,52.79,2.01,16.06,11.05,0.18,4.21,8.79,3.94,0.66,0.31
1246,Basaltic andesite,-122.852,46.269,52.41,2.09,16.55,10.85,0.17,4.36,8.92,3.68,0.69,0.28
1247,Basaltic andesite,-122.86,46.282,52.6,2.01,16.95,10.39,0.16,4.23,9.07,3.67,0.65,0.27
1248,Basaltic andesite,-122.873,46.27,52.54,1.77,16.05,10.34,0.18,5.03,9.84,3.46,0.52,0.27
1249,Basaltic andesite,-122.814,46.3045,52.93,1.81,18.7,9.01,0.16,3.41,9.32,3.7,0.67,0.29
1250,Basaltic andesite,-122.8673,46.3045,52.9,2.02,16.11,11.14,0.16,4.4,8.36,3.89,0.74,0.28
1251,Basaltic andesite,-122.873,46.279,53.16,2.04,16.22,10.84,0.15,4.28,8.27,3.99,0.74,0.31
1252,Basaltic andesite,-122.801,46.2825,53.57,2.49,15.72,10.94,0.17,4.12,7.89,4.0,0.76,0.34
1253,Basaltic andesite,-122.7642,46.339,53.96,2.33,15.78,10.63,0.17,3.98,7.77,4.14,0.81,0.43
1254,Basaltic andesite,-122.872,46.334,54.34,2.27,16.71,9.75,0.14,3.49,7.83,4.12,0.85,0.5
1255,Basaltic andesite,-122.862,46.256,54.53,1.9,16.29,10.24,0.19,4.03,7.58,4.07,0.82,0.35
1256,Basaltic andesite,-122.8,46.261,54.3,1.98,16.81,10.0,0.15,3.67,8.13,3.89,0.78,0.29
1257,Basaltic andesite,-122.804,46.258,54.62,1.93,16.35,10.06,0.68,3.44,7.92,3.97,0.78,0.25
1258,Basaltic andesite,-122.813,46.254,54.53,2.65,15.74,10.33,0.16,3.91,7.21,4.22,0.85,0.4
1259,Basaltic andesite,-122.793,46.278,54.59,1.85,17.3,9.76,0.29,3.2,8.17,3.88,0.67,0.29
1260,Basaltic andesite,-122.841,46.265,54.99,1.84,16.65,9.53,0.17,3.74,8.05,3.93,0.81,0.29
1261,Basaltic andesite,-122.822,46.326,55.28,1.95,16.54,9.89,0.14,3.42,7.73,4.0,0.78,0.27
1262,Basaltic andesite,-122.839,46.253,55.36,1.98,16.86,9.59,0.14,3.47,7.31,4.08,0.87,0.34
1263,Basaltic andesite,-122.85,46.302,55.34,2.11,16.64,9.14,0.16,3.54,7.6,4.23,0.87,0.37
1264,Basaltic andesite,-122.845,46.257,55.43,2.19,16.01,9.94,0.15,3.86,6.86,4.24,0.93,0.39
1265,Basaltic andesite,-122.872,46.255,55.07,2.17,15.76,9.86,0.18,3.82,7.82,3.91,1.06,0.35
1266,Basaltic andesite,-122.787,46.251,55.35,2.0,16.56,9.54,0.14,3.34,7.82,4.08,0.86,0.31
1267,Basaltic andesite,-122.835,46.278,56.28,1.6,16.74,9.05,0.13,3.88,7.31,3.93,0.82,0.26
1268,Basaltic andesite,-122.873,46.257,56.27,1.87,16.46,9.01,0.18,3.36,7.46,3.81,1.23,0.35
1269,Basaltic andesite,-122.862,46.263,56.24,2.17,15.73,9.69,0.19,3.31,6.84,4.51,0.94,0.38
1270,Basaltic andesite,-122.849,46.334,56.71,2.14,15.96,9.12,0.2,3.36,6.08,4.78,1.1,0.55
1271,Basaltic andesite,-122.844,46.341,55.07,2.01,16.8,9.99,0.15,3.02,7.66,4.09,0.85,0.36
1272,Basaltic andesite,-122.86,46.27,55.1,1.24,18.74,7.22,0.12,3.82,9.48,3.48,0.53,0.27
1273,Andesite,-122.779,46.271,57.53,1.71,16.55,8.52,0.16,3.07,6.76,4.43,0.84,0.43
1274,Andesite,-122.78,46.318,57.93,1.74,16.68,8.51,0.14,2.57,6.61,4.54,0.84,0.44
1275,Andesite,-122.824,46.341,58.68,1.75,16.0,8.03,0.17,3.12,6.25,4.31,1.22,0.47
1276,Andesite,-122.814,46.361,59.59,1.11,16.84,6.21,0.12,3.75,7.04,3.49,1.61,0.24
1277,Dacite tuff,-122.851,46.259,63.92,0.97,18.17,5.97,0.06,2.44,4.47,2.64,1.2,0.16
1278,Diorite,-122.862,46.352,53.72,0.96,16.44,7.9,0.13,7.43,9.92,2.6,0.75,0.15
1279,Basalt,-121.741,46.2773,50.59,1.13,18.69,9.58,0.19,5.94,10.84,2.54,0.31,0.19
1280,Basalt,-121.7165,46.2572,50.83,1.19,19.36,8.38,0.22,5.82,10.87,2.7,0.43,0.2
1281,Basalt,-121.7228,46.2828,51.08,1.24,21.04,7.6,0.22,4.63,9.91,3.12,0.92,0.24
1282,Basalt,-121.6547,46.2522,51.75,1.05,17.48,9.02,0.17,6.09,11.08,2.35,0.82,0.19
1283,Basaltic andesite intrusion,-121.7138,46.2978,52.32,1.35,18.59,9.12,0.2,4.61,9.86,2.99,0.71,0.24
1284,Basaltic andesite,-121.7165,46.2888,52.44,1.34,18.9,8.23,0.17,5.18,9.99,2.71,0.82,0.22
1285,Basaltic andesite intrusion,-121.6892,46.3307,52.45,2.14,17.05,11.66,0.28,3.27,8.34,4.25,0.17,0.39
1286,Basaltic andesite intrusion,-121.7042,46.2972,53.24,1.61,17.82,9.87,0.22,4.43,9.02,3.16,0.33,0.3
1287,Basaltic andesite,-121.6783,46.354,53.29,1.19,18.72,8.82,0.16,3.95,9.2,3.63,0.83,0.21
1288,Basaltic andesite,-121.7365,46.3438,53.96,1.4,19.12,8.68,0.15,3.22,8.77,3.63,0.86,0.21
1289,Basaltic andesite intrusion,-121.7325,46.332,53.99,1.34,17.28,9.14,0.16,4.94,8.92,2.9,1.08,0.25
1290,Basaltic andesite intrusion,-121.6755,46.3275,54.55,1.64,16.18,10.44,0.19,4.21,8.31,3.6,0.64,0.24
1291,Basaltic andesite intrusion,-121.6852,46.2753,54.8,1.57,17.55,9.06,0.39,3.32,8.57,3.43,1.0,0.31
1292,Basaltic andesite,-121.721,46.2797,54.84,1.27,18.89,7.87,0.14,3.51,9.02,3.33,0.84,0.29
1293,Basaltic andesite intrusion,-121.6752,46.2917,54.9,1.59,17.85,8.73,0.12,2.91,8.9,3.36,1.31,0.33
1294,Basaltic andesite intrusion,-121.7105,46.3088,55.91,1.25,17.64,8.37,0.15,3.66,8.62,3.23,0.92,0.25
1295,Basaltic andesite intrusion,-121.7393,46.3363,56.03,1.99,17.24,9.31,0.25,3.62,3.84,5.8,1.56,0.36
1296,Basaltic andesite intrusion,-121.7403,46.2613,56.33,1.61,16.31,9.3,0.18,3.63,7.42,3.97,0.91,0.34
1297,Basaltic andesite,-121.6877,46.3193,56.7,1.51,17.58,8.55,0.18,3.41,6.29,4.59,0.92,0.27
1298,Basaltic andesite,-121.7297,46.2563,56.74,1.08,17.67,7.72,0.15,4.02,7.73,3.28,1.4,0.21
1299,Andesite intrusion,-121.7452,46.3083,57.09,0.93,20.98,5.66,0.12,1.71,7.95,4.28,1.0,0.28
1300,Andesite,-121.7458,46.2543,57.17,1.4,17.57,7.89,0.33,3.1,7.0,3.92,1.36,0.26
1301,Andesite intrusion,-121.7272,46.2558,57.36,1.39,16.61,8.54,0.14,3.68,6.83,3.62,1.52,0.32
1302,Andesite intrusion,-121.6727,46.3207,57.46,1.44,16.88,8.27,0.16,3.46,7.37,3.66,1.06,0.24
1303,Andesite intrusion,-121.7305,46.2637,57.49,1.57,16.67,8.77,0.17,2.76,7.04,4.13,1.1,0.3
1304,Andesite,-121.6363,46.3577,58.04,1.12,17.64,6.36,0.1,3.85,7.55,3.47,1.54,0.33
1305,Andesite,-121.6367,46.2713,58.75,1.09,17.18,6.98,0.12,3.44,6.65,3.72,1.78,0.29
1306,Andesite,-121.6693,46.3523,59.22,1.52,17.02,7.68,0.13,2.89,7.17,3.23,0.85,0.29
1307,Andesite,-121.719,46.37,59.25,1.95,15.26,9.3,0.19,2.99,4.59,4.14,1.89,0.45
1308,Andesite intrusion,-121.6825,46.3083,59.49,1.45,16.63,8.03,0.21,2.73,4.33,4.98,1.77,0.38
1309,Andesite,-121.7005,46.2708,59.78,1.4,16.72,7.4,0.23,2.32,5.72,4.59,1.32,0.52
1310,Dacite sill,-121.7002,46.3097,60.05,1.2,16.82,6.99,0.14,2.71,4.98,4.6,2.19,0.32
1311,Andesite,-121.6395,46.3678,60.33,0.9,18.27,5.76,0.09,2.82,5.25,5.13,1.19,0.26
1312,Andesite,-121.7032,46.273,60.5,0.99,16.75,6.8,0.12,3.03,6.04,3.8,1.71,0.26
1313,Andesite intrusion,-121.7293,46.261,60.54,1.42,16.13,7.35,0.19,2.34,5.49,4.79,1.08,0.67
1314,Andesite,-121.702,46.2645,60.67,0.99,16.69,6.68,0.12,3.12,5.88,3.8,1.78,0.27
1315,Andesite,-121.6277,46.2558,61.04,0.84,17.09,6.36,0.13,2.68,6.08,3.68,1.9,0.2
1316,Andesite,-121.6737,46.276,61.2,1.02,16.29,6.74,0.12,2.94,5.71,3.82,1.82,0.34
1317,Andesite,-121.6935,46.2503,61.22,0.97,16.53,6.29,0.12,2.72,6.23,3.76,1.89,0.27
1318,Diorite,-121.6378,46.3415,62.29,0.76,17.22,5.03,0.09,3.12,6.22,3.83,1.24,0.2
1319,Diorite,-121.7325,46.332,62.53,0.88,17.7,5.27,0.1,2.01,6.75,4.31,0.2,0.25
1320,Andesite,-121.7398,46.2613,62.58,0.93,16.39,6.05,0.1,2.18,5.4,3.7,2.45,0.22
1321,Andesite intrusion,-121.7108,46.3103,62.78,1.51,15.35,7.25,0.27,2.23,3.35,6.03,0.61,0.62
1322,Diorite,-121.6678,46.3512,63.47,0.73,16.76,4.71,0.09,3.09,5.17,3.99,1.8,0.19
1323,Diorite,-121.668,46.3167,64.27,0.71,17.25,4.59,0.08,2.24,5.15,4.15,1.36,0.2
1324,Dacite,-121.686,46.2687,64.43,1.01,15.75,5.94,0.17,1.67,3.97,4.96,1.72,0.38
1325,Dacite,-121.6855,46.2733,64.98,1.04,15.9,6.17,0.14,1.64,3.9,4.3,1.61,0.32
1326,Diorite,-121.7055,46.3302,65.07,0.66,16.79,4.28,0.07,2.4,4.76,4.16,1.63,0.18
1327,Dacite sill,-121.7053,46.318,65.19,0.91,16.22,5.64,0.13,1.41,3.65,4.73,1.82,0.3
1328,Dacite,-121.6967,46.2595,65.28,1.01,15.81,5.6,0.14,0.98,3.72,5.03,2.06,0.37
1329,Dacite intrusion,-121.7193,46.278,65.71,0.91,15.29,6.08,0.13,1.67,3.12,4.81,1.98,0.3
1330,Dacite sill,-121.7132,46.3203,66.01,0.86,15.78,5.31,0.15,1.35,3.58,4.9,1.77,0.29
1331,Dacite sill,-121.6963,46.2937,67.61,0.61,15.68,4.74,0.16,0.94,2.23,5.68,2.14,0.21
1332,Dacite sill,-121.7383,46.3388,67.8,0.62,15.67,4.4,0.13,0.81,3.61,4.71,2.06,0.19
1333,Dacite,-121.6593,46.3653,68.16,0.48,16.21,3.52,0.07,1.32,4.83,3.26,1.97,0.17
1334,Dacite sill,-121.7297,46.3305,68.32,0.61,15.54,4.49,0.12,0.87,2.26,5.56,2.03,0.19
1335,Dacite,-121.627,46.2725,69.48,0.53,15.18,3.81,0.07,0.75,2.48,4.62,2.94,0.14
1336,Dacite sill,-121.7188,46.319,69.71,0.6,15.3,4.27,0.12,0.77,1.37,5.11,2.57,0.18
1337,Rhyolite sill,-121.7033,46.3213,70.33,0.45,15.27,3.72,0.09,0.58,0.76,6.2,2.47,0.13
1338,Rhyolite,-121.6475,46.2763,70.64,0.73,14.09,5.11,0.06,0.3,3.03,3.1,2.73,0.21
1339,Rhyolite,-121.6398,46.2745,70.75,0.51,15.25,3.3,0.03,0.17,2.25,4.65,2.94,0.15
1340,Rhyolite intrusion,-121.6863,46.3257,72.45,0.26,15.18,2.6,0.06,0.4,2.07,4.37,2.52,0.09
1341,Rhyolite intrusion,-121.6338,46.2713,72.81,0.5,14.83,1.9,0.02,0.17,2.13,4.53,2.96,0.15
1342,Rhyolite intrusion,-121.683,46.3242,73.01,0.28,15.16,2.51,0.06,0.17,2.58,3.66,2.48,0.09
1343,Rhyolite intrusion,-121.732,46.3398,75.45,0.12,14.32,1.16,0.07,0.26,1.33,4.39,2.81,0.09
1344,Rhyolite intrusion,-121.74,46.3455,75.59,0.12,14.31,1.19,0.06,0.25,1.01,4.52,2.86,0.09
1345,Rhyolite intrusion,-121.6938,46.3335,75.7,0.12,14.45,1.26,0.04,0.25,0.34,4.74,3.02,0.08
1346,Rhyolite intrusion,-121.7447,46.3605,75.83,0.13,14.61,1.43,0.06,0.25,0.24,4.9,2.46,0.09
1347,Rhyolite intrusion,-121.7242,46.3558,77.03,0.11,14.11,1.1,0.04,0.15,0.11,4.6,2.67,0.08
1348,Rhyolite intrusion,-121.6907,46.3228,77.03,0.17,15.38,1.88,0.06,0.1,0.1,2.16,3.03,0.09
1349,Basalt,-121.9625,46.3078,50.33,0.94,19.1,8.78,0.18,6.46,11.09,2.48,0.5,0.12
1350,Basalt,-121.967,46.3202,50.81,0.95,19.14,8.82,0.14,6.63,10.39,2.45,0.55,0.12
1351,Gabbro,-121.8743,46.2877,51.07,1.13,18.55,9.14,0.16,5.82,11.01,2.57,0.42,0.13
1352,Basaltic andesite,-121.8735,46.3219,52.16,1.36,18.51,9.8,0.25,4.9,9.04,3.34,0.41,0.22
1353,Breccia,-121.912,46.3555,52.56,1.32,19.27,9.15,0.19,3.91,9.19,3.35,0.87,0.2
1354,Basaltic andesite intrusion,-121.9062,46.3347,53.07,1.24,18.92,8.94,0.16,4.46,9.51,3.09,0.44,0.17
1355,Basaltic andesite,-121.9117,46.323,53.09,1.34,18.76,8.32,0.34,3.21,9.78,3.74,1.18,0.24
1356,Basaltic andesite,-121.8795,46.3345,53.7,1.68,16.81,10.37,0.17,3.96,8.88,3.36,0.83,0.25
1357,Basaltic andesite,-121.9647,46.2771,54.01,1.78,16.2,10.82,0.17,4.2,8.22,3.46,0.9,0.23
1358,Basaltic andesite,-121.9257,46.2865,54.1,1.8,15.95,10.87,0.2,4.09,8.39,3.49,0.89,0.23
1359,Basaltic andesite intrusion,-121.9255,46.3578,54.46,1.65,17.63,9.66,0.19,3.61,8.22,3.54,0.74,0.31
1360,Basaltic andesite,-122.0,46.26,55.34,1.23,17.25,8.28,0.14,4.93,8.62,3.18,0.77,0.25
1361,Basaltic andesite,-121.8778,46.353,55.42,1.66,17.35,9.14,0.15,3.22,8.41,3.65,0.69,0.3
1362,Basaltic andesite intrusion,-121.9935,46.3297,55.48,1.14,17.36,8.17,0.14,4.39,8.94,3.16,1.03,0.18
1363,Basaltic andesite,-121.8785,46.3552,55.57,1.67,17.33,9.0,0.17,2.69,8.29,3.46,1.52,0.3
1364,Basaltic andesite,-121.8801,46.3725,55.7,1.09,17.43,8.27,0.14,4.54,8.42,3.3,0.95,0.17
1365,Basaltic andesite,-121.9397,46.3407,55.86,1.86,15.97,9.94,0.17,3.52,7.59,3.45,1.31,0.33
1366,Basaltic andesite intrusion,-121.9772,46.2607,55.83,1.37,17.19,9.83,0.21,3.42,6.92,4.04,0.95,0.25
1367,Basaltic andesite,-121.9697,46.3287,55.88,1.11,17.17,8.31,0.17,4.41,9.64,2.88,0.23,0.2
1368,Andesite,-121.942,46.353,56.16,1.18,18.72,8.11,0.19,2.77,7.91,3.88,0.9,0.18
1369,Basaltic andesite,-121.8785,46.373,56.04,1.68,17.05,9.4,0.15,3.02,7.26,3.64,1.48,0.29
1370,Basaltic andesite,-121.9352,46.3592,56.29,1.57,17.07,9.02,0.15,3.08,7.64,3.91,0.96,0.31
1371,Basaltic andesite,-121.9677,46.3547,56.28,0.99,16.24,7.88,0.19,5.05,9.34,2.84,1.01,0.18
1372,Basaltic andesite,-121.9683,46.2883,56.46,1.38,17.05,8.47,0.21,3.22,8.01,3.68,1.25,0.28
1373,Basaltic andesite,-122.0038,46.3612,56.52,0.84,16.64,7.85,0.13,5.18,8.63,3.15,0.81,0.25
1374,Basaltic andesite,-121.9642,46.3485,56.89,1.0,16.18,7.93,0.13,5.1,8.94,2.53,1.12,0.18
1375,Andesite,-121.917,46.3255,57.16,1.92,15.56,9.74,0.21,2.96,6.8,3.7,1.59,0.36
1376,Andesite,-121.9828,46.3358,57.25,1.09,16.5,7.85,0.14,4.56,8.3,2.98,1.12,0.19
1377,Andesite,-121.9075,46.3221,57.38,1.68,16.61,9.0,0.22,2.77,6.49,4.28,1.26,0.3
1378,Andesite,-121.9137,46.3243,57.92,2.02,15.7,9.19,0.22,2.74,6.26,4.15,1.4,0.4
1379,Andesite,-121.8775,46.2707,58.2,1.07,18.58,6.95,0.12,2.67,7.16,3.9,1.03,0.33
1380,Andesite,-121.9175,46.295,58.28,1.33,20.04,5.06,0.17,1.76,8.81,3.37,0.98,0.21
1381,Andesite,-121.955,46.3023,58.53,1.36,16.46,8.13,0.15,2.97,6.77,4.33,0.97,0.34
1382,Andesite intrusion,-121.923,46.3288,59.52,1.25,17.47,7.2,0.15,2.21,6.57,4.16,1.19,0.26
1383,Andesite,-121.9166,46.3253,59.63,1.26,17.88,6.94,0.18,1.34,6.98,4.23,1.3,0.27
1384,Andesite intrusion,-121.9153,46.3249,59.78,1.28,17.73,7.26,0.18,1.48,6.64,4.11,1.28,0.27
1385,Breccia,-121.925,46.3291,60.05,1.05,18.07,6.06,0.14,2.74,6.54,3.87,1.28,0.2
1386,Andesite,-121.945,46.3073,61.54,1.55,15.16,8.32,0.15,1.88,4.67,4.46,1.86,0.42
1387,Andesite,-121.8757,46.35,61.45,1.47,15.31,8.42,0.18,1.63,4.92,4.28,1.95,0.38
1388,Andesite,-121.8767,46.3505,62.04,1.37,15.59,7.74,0.17,2.0,4.63,4.48,1.6,0.38
1389,Dacite,-121.8878,46.3677,62.18,0.86,17.15,6.13,0.14,1.88,5.33,4.54,1.57,0.21
1390,Dacite intrusion,-121.8842,46.349,62.66,0.69,17.77,5.12,0.07,2.52,5.12,4.6,1.28,0.17
1391,Andesite,-121.9967,46.3257,62.97,1.15,15.25,7.84,0.15,2.19,5.53,3.97,0.64,0.32
1392,Dacite intrusion,-121.8902,46.3472,63.13,0.71,16.74,5.07,0.08,3.09,4.35,4.71,1.92,0.19
1393,Dacite intrusion,-121.8757,46.347,63.3,0.69,17.51,5.08,0.09,2.51,4.43,5.09,1.13,0.17
1394,Dacite intrusion,-121.943,46.253,63.84,0.91,16.19,6.03,0.18,1.97,4.42,4.46,1.68,0.31
1395,Dacite,-121.9392,46.3387,64.67,1.26,14.44,7.06,0.12,1.46,4.54,3.71,2.4,0.33
1396,Dacite tuff,-121.9117,46.368,67.41,0.85,15.35,4.65,0.15,0.81,2.94,4.74,2.88,0.2
1397,Dacite tuff,-121.978,46.3253,67.24,0.79,14.94,5.91,0.12,1.26,6.1,2.25,1.2,0.19
1398,Dacite tuff,-121.8825,46.3517,67.46,0.72,16.45,5.4,0.08,1.83,5.98,1.01,0.93,0.13
1399,Dacite tuff,-121.9062,46.3487,68.12,0.71,15.33,4.64,0.1,1.2,3.77,4.1,1.88,0.15
1400,Dacite tuff,-121.9448,46.36,68.26,0.71,15.4,4.49,0.09,1.13,3.53,4.36,1.9,0.14
1401,Dacite tuff,-121.9252,46.3692,68.28,0.87,15.02,4.85,0.11,1.18,4.03,4.15,1.31,0.2
1402,Dacite tuff,-121.9138,46.3375,68.65,0.67,15.07,4.34,0.09,0.96,3.19,4.38,2.5,0.14
1403,Dacite tuff,-121.9307,46.3393,69.1,0.76,14.51,4.86,0.09,0.76,2.56,4.63,2.58,0.16
1404,Dacite tuff,-121.946,46.3443,69.12,0.8,14.14,5.33,0.08,0.89,1.24,4.9,3.33,0.18
1405,Dacite tuff,-121.883,46.3704,69.24,0.8,14.77,4.51,0.07,0.84,2.2,4.61,2.78,0.18
1406,Dacite intrusion,-121.9787,46.3375,69.3,0.48,15.69,3.34,0.06,1.37,3.15,3.31,3.19,0.1
1407,Dacite,-121.9355,46.2762,69.7,0.6,15.93,4.62,0.06,0.1,2.34,4.55,1.86,0.24
1408,Dacite tuff,-121.8803,46.358,70.15,0.79,14.48,4.01,0.08,0.59,2.33,4.85,2.53,0.18
1409,Rhyolite,-121.9772,46.3203,71.55,0.44,14.21,3.74,0.05,0.62,1.7,4.22,3.38,0.08
1410,Rhyolite,-121.9997,46.3533,72.69,0.63,13.82,4.22,0.02,0.27,0.79,4.31,3.1,0.14
1411,Rhyolite,-121.986,46.3458,76.69,0.57,12.04,4.94,0.08,0.22,0.46,3.93,0.94,0.12
1412,Basalt,-121.945,46.4403,51.96,1.59,19.25,9.72,0.17,3.73,9.94,3.21,0.23,0.21
1413,Basaltic andesite,-121.9998,46.4677,52.34,0.96,21.04,7.73,0.15,3.66,10.77,2.85,0.36,0.14
1414,Basaltic andesite,-121.9894,46.4777,52.5,1.14,18.49,8.77,0.17,5.21,9.74,3.06,0.69,0.2
1415,Basaltic andesite,-121.9412,46.4315,53.15,1.07,16.86,9.29,0.19,6.48,8.61,3.5,0.64,0.23
1416,Basaltic andesite,-121.9397,46.4224,53.35,1.38,17.96,9.36,0.27,4.38,8.39,3.45,1.21,0.25
1417,Basaltic andesite,-121.9043,46.4633,54.02,1.62,17.17,9.84,0.17,3.85,9.14,3.43,0.48,0.27
1418,Basaltic andesite,-121.9682,46.4755,54.87,1.17,18.83,7.77,0.16,4.2,8.43,3.69,0.66,0.23
1419,Basaltic andesite,-121.8808,46.411,55.46,1.32,16.24,9.58,0.16,4.76,8.46,3.1,0.72,0.19
1420,Andesite,-121.9897,46.3896,55.54,1.67,17.14,10.06,0.2,2.99,7.37,3.61,1.14,0.29
1421,Basaltic andesite,-121.8765,46.4097,55.66,1.2,16.62,9.12,0.2,4.63,8.65,2.84,0.86,0.21
1422,Basaltic andesite,-121.9652,46.4244,56.18,0.99,16.45,8.12,0.16,5.79,8.11,3.0,1.03,0.17
1423,Basaltic andesite,-121.9678,46.3925,56.3,0.93,17.09,7.73,0.13,4.84,8.89,2.98,0.97,0.14
1424,Basaltic andesite,-121.9935,46.4683,56.54,1.02,18.1,7.52,0.14,4.09,7.98,3.27,1.12,0.21
1425,Basaltic andesite,-121.9648,46.3848,56.48,1.29,18.83,8.04,0.19,3.57,6.62,4.06,0.65,0.27
1426,Basaltic andesite,-121.9299,46.4847,56.87,1.1,17.46,7.75,0.13,3.98,8.03,3.57,0.92,0.18
1427,Andesite,-121.9465,46.404,57.37,1.25,17.31,7.91,0.11,3.38,7.56,3.48,1.41,0.2
1428,Andesite,-121.9533,46.3815,57.72,1.2,16.39,8.0,0.13,4.14,7.77,3.09,1.31,0.23
1429,Andesite,-121.9555,46.3902,57.8,1.18,17.24,7.83,0.1,3.51,7.2,3.41,1.53,0.21
1430,Andesite,-121.9513,46.3963,57.78,1.28,16.46,8.13,0.19,3.73,7.21,3.42,1.55,0.25
1431,Andesite,-121.94,46.4208,58.04,1.33,17.2,8.19,0.13,2.97,6.86,3.89,1.13,0.27
1432,Andesite intrusion,-121.8863,46.3823,58.26,1.03,17.56,7.26,0.12,3.72,7.31,3.41,1.16,0.17
1433,Andesite,-121.9938,46.3873,59.34,1.66,16.17,8.1,0.16,2.56,6.0,4.19,1.29,0.53
1434,Andesite,-121.9098,46.4038,59.34,1.7,15.68,9.06,0.2,2.6,6.5,3.38,1.21,0.33
1435,Andesite,-121.94,46.424,59.74,1.33,16.42,7.88,0.15,2.67,6.08,4.0,1.4,0.33
1436,Andesite,-121.963,46.3845,60.8,1.07,16.48,7.03,0.1,2.92,6.28,3.39,1.7,0.23
1437,Andesite,-121.9547,46.3852,61.73,1.21,16.44,6.76,0.13,2.24,5.8,3.57,1.85,0.26
1438,Dacite,-121.8822,46.497,63.13,1.14,15.29,7.79,0.17,1.45,4.59,4.44,1.65,0.35
1439,Dacite,-121.963,46.4168,65.41,0.92,15.61,5.82,0.15,1.23,3.9,4.62,1.99,0.33
1440,Dacite,-121.964,46.4193,65.55,0.99,15.31,6.33,0.12,1.23,3.68,4.62,1.85,0.31
1441,Dacite,-121.9028,46.4497,66.2,0.98,15.68,5.55,0.1,0.77,3.38,4.92,2.11,0.31
1442,Dacite,-121.9399,46.4277,66.14,1.04,14.93,5.69,0.11,1.24,3.94,4.04,2.59,0.27
1443,Dacite,-121.9237,46.4207,66.44,0.94,15.03,5.45,0.1,1.22,3.96,4.15,2.45,0.26
1444,Dacite,-121.881,46.463,67.26,0.89,15.76,4.84,0.19,0.62,3.38,4.84,1.94,0.29
1445,Dacite,-121.9442,46.4045,70.36,0.86,13.83,4.74,0.07,0.51,3.09,3.89,2.4,0.25
1446,Rhyolite,-121.9565,46.3812,72.79,0.45,13.53,3.48,0.08,0.66,1.25,4.35,3.32,0.08
1447,Rhyolite,-121.959,46.391,72.84,0.45,14.04,3.12,0.05,0.2,1.3,4.78,3.11,0.1
1448,Basalt,-121.7828,46.4687,50.54,1.37,20.13,9.65,0.21,3.44,11.29,2.81,0.4,0.16
1449,Basalt,-121.8048,46.4475,51.26,1.81,16.47,10.67,0.16,6.64,9.89,2.73,0.19,0.19
1450,Basalt sill,-121.8685,46.4058,51.41,1.76,16.96,11.92,0.23,4.45,9.12,2.86,0.98,0.32
1451,Basalt,-121.8438,46.4103,51.86,1.76,17.95,10.82,0.2,3.57,9.05,3.57,0.97,0.25
1452,Basaltic andesite,-121.8337,46.4075,52.88,1.47,17.59,10.73,0.18,4.4,9.29,2.97,0.31,0.18
1453,Basaltic andesite intrusion,-121.7697,46.3858,52.89,1.34,17.29,9.21,0.17,5.19,10.24,2.79,0.67,0.23
1454,Basaltic andesite,-121.8632,46.4762,53.22,1.54,17.44,9.75,0.18,4.0,9.73,3.23,0.67,0.25
1455,Basaltic andesite,-121.8298,46.4778,53.21,1.72,17.02,10.22,0.17,3.83,9.44,3.24,0.86,0.28
1456,Basaltic andesite,-121.84,46.4097,53.34,1.52,18.29,9.78,0.18,3.49,9.27,3.39,0.47,0.25
1457,Basaltic andesite intrusion,-121.8185,46.4078,53.41,1.27,17.08,9.3,0.11,5.42,9.45,3.31,0.5,0.14
1458,Basaltic andesite,-121.8297,46.4798,53.9,1.3,17.28,8.98,0.16,4.63,9.47,3.18,0.86,0.24
1459,Basaltic andesite sill,-121.863,46.3942,53.79,1.69,17.4,10.18,0.16,3.59,7.87,3.48,1.54,0.32
1460,Basaltic andesite,-121.7525,46.4947,54.02,1.79,16.21,10.64,0.19,3.94,8.78,3.56,0.62,0.24
1461,Basaltic andesite intrusion,-121.8457,46.4747,54.04,1.25,17.77,9.05,0.2,4.45,9.68,2.93,0.44,0.2
1462,Basaltic andesite,-121.8112,46.4527,54.68,1.9,15.77,10.85,0.19,3.61,8.23,3.79,0.67,0.3
1463,Basaltic andesite intrusion,-121.7658,46.4492,54.79,1.62,16.69,9.69,0.19,3.97,8.19,3.79,0.83,0.24
1464,Basaltic andesite,-121.865,46.38,54.84,1.61,16.79,9.76,0.16,3.65,8.07,3.54,1.25,0.33
1465,Basaltic andesite intrusion,-121.794,46.3997,54.92,0.87,16.02,8.15,0.14,7.26,8.78,2.9,0.79,0.18
1466,Basaltic andesite,-121.8053,46.4645,55.04,1.9,15.9,10.97,0.22,3.19,7.81,4.02,0.64,0.31
1467,Basaltic andesite,-121.8322,46.4592,55.39,1.6,18.05,9.34,0.15,2.46,8.31,3.58,0.85,0.27
1468,Basaltic andesite,-121.8358,46.4622,55.46,1.79,16.35,10.08,0.18,3.39,7.7,3.85,0.81,0.38
1469,Basaltic andesite,-121.8175,46.4905,55.54,1.88,15.71,11.0,0.09,3.49,7.43,3.63,0.92,0.31
1470,Basaltic andesite intrusion,-121.8203,46.4513,55.47,1.8,16.04,9.82,0.19,3.46,8.87,3.5,0.54,0.32
1471,Basaltic andesite,-121.8735,46.407,55.58,1.25,16.89,9.07,0.15,4.4,8.23,3.28,0.96,0.18
1472,Basaltic andesite intrusion,-121.8033,46.4195,55.76,1.37,17.6,9.49,0.16,2.9,7.91,3.48,1.08,0.26
1473,Basaltic andesite intrusion,-121.8033,46.4253,55.96,1.73,15.77,10.7,0.19,3.25,7.34,3.89,0.89,0.28
1474,Andesite,-121.8427,46.4265,57.19,1.79,15.87,10.1,0.17,2.82,6.92,4.0,0.86,0.26
1475,Andesite,-121.7517,46.49,57.33,1.37,17.66,8.18,0.12,2.27,8.11,3.43,1.23,0.29
1476,Andesite,-121.7517,46.4707,57.5,1.61,16.13,9.21,0.18,3.31,6.06,5.17,0.56,0.27
1477,Andesite,-121.7548,46.4718,57.84,1.63,16.37,8.54,0.2,3.19,6.23,4.85,0.9,0.24
1478,Andesite,-121.7965,46.449,58.35,1.17,17.3,7.46,0.11,3.32,4.91,5.57,1.53,0.27
1479,Andesite intrusion,-121.8178,46.4048,58.59,1.12,17.18,7.05,0.11,3.11,6.82,4.6,1.18,0.25
1480,Andesite,-121.8393,46.4447,58.75,1.4,16.31,9.26,0.19,2.27,6.22,4.23,0.97,0.39
1481,Diorite,-121.7727,46.4132,58.91,0.94,18.55,6.3,0.11,3.24,7.71,3.84,0.19,0.22
1482,Andesite,-121.8503,46.474,59.19,1.56,15.89,8.56,0.17,2.5,6.34,4.49,1.0,0.31
1483,Andesite sill,-121.7855,46.3777,59.29,0.91,17.29,6.0,0.09,4.0,6.78,4.28,1.06,0.3
1484,Andesite,-121.8497,46.4683,59.68,1.59,15.53,9.12,0.2,2.28,5.85,4.28,1.14,0.32
1485,Andesite,-121.8552,46.4718,59.6,1.54,16.08,8.68,0.17,2.25,6.12,4.3,0.96,0.29
1486,Andesite,-121.8458,46.405,59.59,1.38,15.91,9.16,0.18,2.27,5.6,3.82,1.53,0.56
1487,Andesite intrusion?,-121.7982,46.4532,59.67,1.17,17.08,6.91,0.15,2.16,8.47,3.13,1.0,0.26
1488,Diorite,-121.7667,46.4168,60.56,0.89,18.18,5.92,0.1,2.73,7.42,3.73,0.25,0.23
1489,Andesite,-121.8703,46.3837,61.28,1.38,15.78,8.06,0.17,2.06,4.58,4.75,1.57,0.37
1490,Andesite intrusion,-121.8088,46.3758,61.3,0.86,16.71,5.37,0.09,2.87,6.17,3.99,2.26,0.38
1491,Diorite,-121.8632,46.4072,62.08,0.83,17.57,5.57,0.09,2.7,5.62,3.95,1.37,0.21
1492,Diorite,-121.7998,46.3805,62.17,0.74,17.54,5.34,0.11,2.56,6.75,3.29,1.29,0.21
1493,Diorite,-121.8328,46.3783,62.33,0.79,17.63,5.2,0.08,2.58,5.32,4.77,1.11,0.19
1494,Diorite,-121.7773,46.4373,62.48,0.81,17.38,5.58,0.09,2.48,2.52,6.52,1.92,0.21
1495,Quartz diorite,-121.7695,46.4127,62.55,0.71,16.87,5.04,0.07,3.24,5.99,4.14,1.21,0.19
1496,Diorite,-121.8165,46.3983,62.58,0.79,17.06,5.16,0.08,2.69,6.3,4.1,1.04,0.2
1497,Diorite,-121.7833,46.3918,62.6,0.83,17.56,5.01,0.08,1.91,6.72,3.85,1.21,0.23
1498,Andesite intrusion,-121.807,46.4635,62.73,0.79,16.85,5.81,0.11,2.6,5.22,4.06,1.62,0.21
1499,Quartz diorite,-121.7727,46.4247,62.89,0.72,17.03,4.89,0.08,2.82,5.6,4.25,1.51,0.22
1500,Diorite,-121.797,46.3925,62.83,0.82,17.61,5.53,0.09,2.57,5.61,3.95,0.76,0.22
1501,Dacite vitrophyre,-121.8183,46.4467,62.81,0.87,16.04,7.19,0.14,1.72,5.42,4.26,1.34,0.21
1502,Andesite intrusion,-121.8598,46.4827,62.96,1.05,15.82,7.28,0.15,1.74,4.68,4.46,1.52,0.34
1503,Dacite vitrophyre,-121.8238,46.4428,62.93,0.89,16.3,7.09,0.14,1.56,5.3,4.05,1.54,0.21
1504,Dacite vitrophyre,-121.8073,46.4283,62.93,0.86,16.15,7.67,0.17,0.96,4.94,4.41,1.63,0.29
1505,Quartz diorite,-121.86,46.3883,63.04,0.77,17.18,5.05,0.08,2.52,5.7,4.14,1.3,0.21
1506,Quartz diorite,-121.773,46.4075,63.12,0.77,17.89,5.0,0.08,2.01,6.05,4.54,0.3,0.24
1507,Quartz diorite,-121.7682,46.4302,63.18,0.67,16.88,4.87,0.08,2.95,5.44,4.32,1.41,0.2
1508,Quartz diorite,-121.856,46.3838,63.18,0.76,17.14,5.02,0.08,2.51,5.66,4.18,1.27,0.2
1509,Quartz diorite,-121.765,46.4283,63.26,0.68,17.93,4.75,0.06,2.38,6.11,4.23,0.44,0.17
1510,Quartz diorite,-121.7747,46.4328,63.48,0.72,16.87,4.76,0.07,2.61,5.51,4.29,1.47,0.21
1511,Quartz diorite,-121.8687,46.4337,63.45,0.77,17.13,5.02,0.08,2.42,5.57,4.02,1.35,0.2
1512,Quartz diorite,-121.8678,46.41,63.46,0.76,16.85,5.09,0.09,2.44,5.72,4.1,1.27,0.21
1513,Quartz diorite,-121.7657,46.419,63.66,0.71,16.99,4.67,0.07,2.61,5.15,4.43,1.51,0.19
1514,Quartz diorite,-121.7668,46.3808,63.69,0.64,16.87,4.58,0.08,2.71,5.6,4.25,1.38,0.19
1515,Quartz diorite,-121.8425,46.4472,63.67,0.75,17.11,4.97,0.08,2.32,4.89,4.51,1.5,0.19
1516,Dacite vitrophyre,-121.817,46.4807,63.85,1.06,15.02,7.67,0.16,1.34,4.36,4.41,1.77,0.37
1517,Dacite intrusion,-121.8563,46.3975,63.89,1.02,15.89,7.84,0.12,0.58,4.07,4.66,1.55,0.38
1518,Diorite,-121.7938,46.3977,64.13,0.67,17.12,4.82,0.08,2.3,4.87,4.52,1.28,0.22
1519,Diorite,-121.8268,46.4042,64.05,0.62,16.87,4.8,0.09,2.24,6.47,3.2,1.43,0.23
1520,Diorite,-121.8217,46.4182,64.23,0.71,16.73,5.18,0.09,2.6,5.16,4.47,0.62,0.21
1521,Diorite,-121.7582,46.3813,64.32,0.69,16.78,4.94,0.09,2.21,4.55,4.32,1.9,0.2
1522,Diorite,-121.771,46.3815,64.54,0.66,16.94,4.62,0.07,2.3,4.79,4.55,1.33,0.2
1523,Diorite,-121.815,46.3805,64.65,0.67,17.05,4.66,0.08,2.07,5.95,4.06,0.63,0.19
1524,Diorite,-121.863,46.4692,64.74,0.65,17.37,4.39,0.05,1.84,5.16,4.29,1.34,0.18
1525,Dacite intrusion,-121.7915,46.4628,65.03,0.85,15.27,7.09,0.1,1.11,4.28,4.19,1.79,0.29
1526,Dacite,-121.776,46.4722,68.48,0.42,14.92,5.18,0.1,0.62,3.08,4.36,2.69,0.15
1527,Dacite,-121.8285,46.4673,69.37,0.49,14.87,4.77,0.13,0.44,2.14,5.48,2.19,0.12
1528,Dacite,-121.8258,46.475,69.34,0.64,14.37,5.09,0.12,0.83,2.74,4.87,1.84,0.16
1529,Dacite,-121.8012,46.4925,70.06,0.46,16.42,3.27,0.07,0.1,2.52,4.47,2.49,0.12
1530,Rhyolite,-121.7988,46.0,74.51,0.41,15.38,3.9,0.05,0.19,0.17,3.03,2.27,0.09
1531,Gabbro,-121.87,46.29,51.07,1.13,18.55,9.14,0.16,5.82,11.01,2.57,0.42,0.13
1532,Gabbro,-121.86,46.27,51.88,0.98,18.3,9.32,0.16,5.61,10.21,2.91,0.48,0.17
1533,Gabbro,-121.85,46.26,52.57,1.0,17.83,8.63,0.16,6.14,10.25,2.66,0.56,0.18
1534,Basaltic andesite,-121.82,46.34,53.67,1.4,17.48,8.86,0.19,4.98,8.98,3.18,0.97,0.28
1535,Basaltic andesite,-121.87,46.35,54.13,1.15,18.48,8.22,0.16,4.21,9.46,3.17,0.82,0.2
1536,Basaltic andesite,-121.79,46.32,54.19,1.85,16.74,10.27,0.22,3.85,8.79,3.52,0.33,0.24
1537,Basaltic andesite,-121.8,46.28,54.29,1.95,16.53,9.9,0.16,3.92,8.42,3.3,1.22,0.32
1538,Basaltic andesite,-121.87,46.35,54.49,1.59,21.11,6.78,0.28,2.45,6.1,5.14,1.66,0.38
1539,Basaltic andesite,-121.86,46.26,56.64,1.03,17.96,7.49,0.13,3.95,8.0,3.33,1.29,0.17
1540,Diorite,-121.8342,46.2921,57.4,1.49,16.37,8.78,0.15,3.49,7.16,3.7,1.17,0.29
1541,Andesite,-121.817,46.3192,57.6,1.69,16.38,8.74,0.17,3.05,6.72,4.25,1.11,0.28
1542,Diorite,-121.8675,46.2593,57.83,1.27,16.58,8.49,0.16,3.46,6.8,3.76,1.43,0.21
1543,Diorite,-121.8572,46.2669,58.2,1.1,17.52,7.78,0.13,3.39,7.59,3.08,0.99,0.2
1544,Diorite,-121.7533,46.3587,58.31,1.39,17.64,7.78,0.17,2.09,7.74,3.49,0.93,0.45
1545,Hydroclastic breccia,-121.8233,46.2586,58.54,1.31,17.13,8.02,0.16,2.55,6.82,4.11,1.13,0.22
1546,Volcanic breccia,-121.854,46.2786,58.53,1.14,19.93,6.2,0.12,1.48,6.66,4.22,1.39,0.34
1547,Diorite,-121.8245,46.328,58.83,0.92,17.27,5.93,0.1,4.21,6.63,4.5,1.3,0.29
1548,Andesite,-121.8708,46.2987,59.1,1.5,16.83,7.95,0.17,2.46,6.01,4.41,1.09,0.47
1549,Andesite intrusion,-121.8275,46.3618,59.67,1.51,16.67,7.53,0.17,2.32,6.24,4.22,1.27,0.4
1550,Andesite intrusion,-121.8505,46.2772,59.9,0.99,17.29,7.04,0.13,2.98,6.26,3.81,1.4,0.21
1551,Diorite,-121.8393,46.3208,59.83,0.94,18.14,6.05,0.1,3.0,7.28,3.66,0.76,0.24
1552,Diorite,-121.8234,46.3505,60.03,0.92,17.55,6.01,0.1,3.66,6.04,4.34,1.1,0.24
1553,Diorite,-121.825,46.349,60.56,0.89,18.6,5.76,0.1,2.49,5.44,4.78,1.14,0.23
1554,Andesite,-121.8097,46.3282,60.66,1.48,16.14,7.56,0.22,2.21,5.83,4.11,1.31,0.47
1555,Diorite,-121.8118,46.3627,60.76,0.89,17.37,6.09,0.1,3.62,6.02,4.65,0.29,0.2
1556,Andesite,-121.8667,46.2783,61.25,1.28,16.25,7.28,0.18,2.2,5.45,4.44,1.3,0.36
1557,Diorite,-121.8527,46.368,61.31,0.8,18.39,5.37,0.08,2.38,6.5,4.23,0.73,0.2
1558,Andesite,-121.8587,46.271,61.45,1.25,16.21,7.43,0.15,2.46,5.13,4.41,1.17,0.33
1559,Diorite,-121.7597,46.3395,61.73,0.89,17.95,5.55,0.08,2.94,5.34,4.28,1.02,0.22
1560,Diorite,-121.7502,46.35,61.85,0.77,17.74,5.1,0.09,2.72,6.14,3.99,1.42,0.18
1561,Diorite,-121.7578,46.3458,62.39,0.86,17.18,5.59,0.12,2.66,6.46,3.5,1.02,0.22
1562,Diorite,-121.81,46.3357,62.61,0.8,17.56,5.21,0.08,2.79,5.3,4.36,1.08,0.21
1563,Andesite,-121.8533,46.3735,62.58,1.27,15.26,7.66,0.19,1.77,4.44,4.88,1.6,0.36
1564,Diorite,-121.87,46.3322,62.67,0.89,16.71,5.84,0.09,2.7,5.25,4.36,1.25,0.25
1565,Diorite,-121.7783,46.3287,62.79,0.85,17.54,5.4,0.27,2.74,6.1,3.74,0.35,0.22
1566,Andesite,-121.7518,46.3196,62.97,0.9,15.84,6.25,0.14,1.86,5.01,3.61,2.52,0.9
1567,Diorite,-121.8467,46.2867,63.05,1.22,15.97,6.93,0.21,2.37,3.52,5.25,1.09,0.39
1568,Diorite,-121.8567,46.323,63.07,0.69,17.56,5.04,0.09,2.21,5.59,4.31,1.18,0.25
1569,Diorite,-121.8233,46.3303,63.09,0.75,17.28,5.35,0.1,2.81,4.81,4.27,1.33,0.21
1570,Diorite,-121.7708,46.3164,63.18,0.71,17.18,4.87,0.08,2.61,5.74,3.77,1.67,0.19
1571,Granodiorite,-121.7993,46.3577,63.29,0.76,17.33,6.09,0.02,2.45,4.34,3.71,1.8,0.2
1572,Diorite,-121.7673,46.3671,63.33,0.68,17.4,4.89,0.1,2.85,5.79,3.92,0.85,0.18
1573,Diorite,-121.8653,46.3712,63.58,0.76,17.34,4.98,0.06,2.26,4.45,4.94,1.44,0.19
1574,Dacite,-121.7867,46.2678,63.51,1.03,16.25,6.57,0.16,1.33,3.89,3.72,3.15,0.38
1575,Diorite,-121.8103,46.3295,63.68,0.77,17.35,5.04,0.08,2.15,5.63,3.93,1.16,0.21
1576,Diorite,-121.8138,46.3563,63.78,0.74,16.91,5.23,0.09,2.69,4.59,5.03,0.74,0.19
1577,Dacite,-121.7788,46.2873,63.92,0.96,16.29,5.87,0.13,1.43,4.57,4.73,1.72,0.37
1578,Diorite,-121.788,46.2708,64.17,0.73,16.82,4.83,0.07,2.48,4.84,4.17,1.71,0.18
1579,Diorite,-121.8367,46.299,64.21,0.7,17.5,4.77,0.07,2.09,5.12,4.1,1.24,0.19
1580,Dacite,-121.8304,46.3418,64.33,0.97,16.13,5.83,0.11,1.47,4.29,4.25,2.39,0.23
1581,Diorite,-121.7763,46.3692,64.25,0.68,17.47,4.83,0.05,2.2,5.73,3.84,0.75,0.2
1582,Diorite,-121.7545,46.3228,64.42,0.72,16.98,4.76,0.07,2.22,5.08,4.14,1.42,0.19
1583,Hydroclastic breccia,-121.8178,46.2688,64.49,1.08,15.02,6.8,0.14,1.39,3.92,4.77,2.05,0.35
1584,Granodiorite,-121.7929,46.3473,64.6,0.76,17.42,5.02,0.02,2.46,4.43,3.69,1.4,0.19
1585,Diorite,-121.818,46.284,64.6,0.73,17.13,4.69,0.09,2.22,4.8,4.31,1.22,0.21
1586,Diorite,-121.7657,46.3713,64.58,0.73,17.13,5.14,0.1,2.37,5.01,3.88,0.84,0.22
1587,Diorite,-121.8248,46.3412,64.66,0.6,16.53,4.76,0.09,3.01,4.64,3.95,1.52,0.23
1588,Diorite,-121.7633,46.3418,64.64,0.67,16.71,4.65,0.07,2.59,4.74,4.05,1.7,0.17
1589,Diorite,-121.7833,46.3112,64.72,0.74,16.52,4.91,0.08,2.43,4.81,4.47,1.15,0.17
1590,Dacite,-121.8557,46.2528,64.78,1.02,15.01,6.83,0.18,1.41,3.97,4.47,2.0,0.33
1591,Diorite,-121.8176,46.353,64.89,0.72,16.84,4.7,0.08,2.32,4.99,3.72,1.55,0.18
1592,Diorite,-121.7646,46.3622,64.88,0.67,17.16,4.63,0.07,1.97,5.24,4.61,0.59,0.18
1593,Dacite,-121.8657,46.3175,64.92,1.1,14.98,6.53,0.17,1.56,3.56,4.58,2.21,0.4
1594,Diorite,-121.7663,46.3069,64.94,0.74,17.18,5.06,0.07,0.78,5.81,3.9,1.33,0.2
1595,Diorite,-121.863,46.349,65.02,0.69,16.72,4.53,0.08,2.21,4.79,4.27,1.53,0.17
1596,Dacite intrusion,-121.7998,46.3063,64.97,0.99,15.98,6.45,0.15,1.63,3.25,4.79,1.53,0.27
1597,Diorite,-121.7827,46.3622,65.0,0.71,17.06,4.62,0.08,1.97,4.72,4.64,1.01,0.2
1598,Diorite,-121.759,46.3323,65.5,0.67,16.69,4.37,0.07,1.74,5.36,3.72,1.71,0.17
1599,Dacite,-121.8618,46.3173,65.5,0.87,16.45,5.48,0.12,0.57,3.68,5.17,1.82,0.33
1600,Dacite breccia,-121.8173,46.3038,65.95,0.85,15.83,5.65,0.15,1.31,3.89,4.95,1.17,0.24
1601,Dacite breccia,-121.8142,46.3,66.02,0.84,15.77,5.64,0.15,1.3,3.72,5.11,1.22,0.24
1602,Dacite intrusion,-121.7608,46.2513,66.51,0.66,16.63,5.15,0.09,0.53,2.64,5.02,2.58,0.19
1603,Dacite,-121.866,46.3172,67.01,0.78,14.95,5.89,0.18,0.93,3.05,4.95,2.0,0.27
1604,Dacite,-121.811,46.3288,67.84,0.82,15.7,5.4,0.1,1.22,3.12,4.68,0.88,0.25
1605,Rhyolite tuff,-121.7892,46.3317,72.97,0.5,14.83,3.14,0.14,0.84,3.09,2.22,2.19,0.08
1606,Rhyolite tuff,-121.788,46.313,75.27,0.2,14.2,2.12,0.02,0.52,5.92,1.3,0.41,0.06
1607,Rhyolite,-121.8082,46.2588,77.73,0.24,11.19,1.98,0.08,0.46,2.59,2.67,3.01,0.05
1608,Basalt intrusion,-121.61,46.4983,49.14,0.78,25.04,6.66,0.21,2.28,12.94,2.68,0.15,0.13
1609,Gabbro,-121.6027,46.433,49.24,1.0,21.06,9.0,0.17,4.69,11.97,2.44,0.29,0.15
1610,Basalt/microdiorite sill,-121.5818,46.4647,50.13,1.18,20.47,9.57,0.18,4.75,9.97,3.1,0.46,0.17
1611,Basalt/microdiorite sill,-121.5732,46.4512,50.15,1.46,20.1,9.68,0.17,3.67,10.98,3.35,0.28,0.18
1612,Gabbro,-121.6085,46.4383,50.15,1.14,20.63,9.19,0.18,4.14,11.77,2.33,0.35,0.12
1613,Basaltic andesite/microdiorite sill,-121.5145,46.4967,52.01,1.65,20.12,8.57,0.18,3.32,9.65,3.2,0.98,0.33
1614,Andesite,-121.5483,46.449,58.38,2.17,17.72,3.16,0.24,4.77,10.3,2.8,0.15,0.3
1615,Basaltic andesite/microdiorite sill,-121.5155,46.4323,52.77,1.25,19.92,8.38,0.15,3.12,10.02,3.35,0.82,0.22
1616,Basaltic andesite intrusion,-121.5467,46.4628,53.85,2.03,16.11,12.51,0.23,3.03,6.6,4.73,0.7,0.22
1617,Basaltic andesite intrusion,-121.5888,46.4133,54.06,1.66,18.02,9.56,0.15,3.38,9.26,2.5,1.13,0.26
1618,Basaltic andesite intrusion,-121.6228,46.4075,54.27,1.32,18.87,7.97,0.14,3.74,9.43,3.43,0.63,0.19
1619,Basaltic andesite intrusion,-121.6163,46.4008,54.36,1.38,18.89,8.42,0.14,3.75,8.06,3.91,0.92,0.16
1620,Basaltic andesite intrusion,-121.6242,46.4043,54.47,1.2,18.4,8.25,0.14,4.02,8.7,3.98,0.64,0.21
1621,Basaltic andesite intrusion,-121.5963,46.4067,54.66,1.48,17.92,9.61,0.21,3.73,7.85,3.54,0.75,0.25
1622,Basaltic andesite intrusion,-121.5872,46.4123,54.69,1.46,17.69,9.13,0.22,4.23,8.43,3.27,0.67,0.21
1623,Basaltic andesite intrusion,-121.5578,46.4938,54.83,1.97,16.48,10.93,0.17,3.57,5.43,4.8,1.23,0.58
1624,Basaltic andesite/microdiorite sill,-121.5508,46.458,54.99,1.89,16.68,10.05,0.17,3.3,7.11,4.43,0.99,0.38
1625,Basaltic andesite intrusion,-121.6247,46.4422,55.41,1.57,18.1,9.09,0.16,2.88,8.99,2.7,0.84,0.26
1626,Basaltic andesite intrusion,-121.5993,46.3915,55.44,1.26,17.12,7.96,0.14,5.22,8.03,3.68,0.91,0.23
1627,Diorite,-121.5702,46.3807,55.5,1.27,17.54,8.13,0.14,4.23,8.42,3.58,0.94,0.25
1628,Basaltic andesite intrusion,-121.61,46.391,55.67,1.28,16.96,7.97,0.14,5.14,8.15,3.53,0.92,0.23
1629,Basaltic andesite intrusion,-121.5903,46.3942,55.91,1.31,17.98,7.85,0.25,4.2,6.55,4.39,1.3,0.25
1630,Basaltic andesite intrusion,-121.5492,46.4323,55.51,1.24,16.25,8.1,0.15,4.89,8.64,2.99,0.59,1.65
1631,Basaltic andesite intrusion,-121.5467,46.4628,56.84,1.62,15.96,10.58,0.21,3.16,5.74,4.73,0.84,0.32
1632,Andesite intrusion,-121.5888,46.4133,57.01,1.54,15.93,10.22,0.22,2.93,6.2,4.18,1.37,0.4
1633,Andesite/microdiorite sill,-121.6228,46.4075,57.1,1.18,16.61,8.45,0.15,3.89,6.86,4.09,1.44,0.24
1634,Andesite intrusion,-121.6163,46.4008,57.15,1.18,16.59,8.44,0.15,3.88,6.85,4.09,1.43,0.24
1635,Andesite intrusion,-121.6242,46.4043,57.67,1.59,16.68,8.82,0.15,3.01,6.57,3.72,1.48,0.3
1636,Andesite intrusion,-121.5963,46.4067,58.0,1.19,17.42,7.05,0.15,3.36,7.31,3.57,1.62,0.33
1637,Andesite intrusion,-121.5872,46.4123,58.05,1.62,16.27,7.96,0.16,3.39,7.2,3.64,1.25,0.46
1638,Andesite intrusion,-121.5508,46.458,59.01,1.24,17.16,7.69,0.14,2.53,6.5,3.86,1.57,0.31
1639,Andesite intrusion,-121.613,46.3753,59.54,1.06,18.4,6.11,0.1,3.02,5.9,4.71,0.86,0.31
1640,Andesite,-121.502,46.4925,59.99,1.14,16.42,6.89,0.12,3.39,7.64,2.61,1.51,0.3
1641,Andesite intrusion,-121.6097,46.4922,61.73,0.97,17.44,6.44,0.13,1.56,5.15,4.89,1.34,0.34
1642,Andesite,-121.5057,46.4848,62.46,1.0,15.85,5.6,0.12,3.15,5.37,3.32,2.88,0.26
1643,Andesite intrusion,-121.5673,46.482,62.66,0.77,15.25,9.07,0.22,0.81,4.26,5.4,1.25,0.32
1644,Andesite intrusion,-121.618,46.4763,62.75,1.11,15.3,8.35,0.18,1.56,4.54,4.77,1.16,0.3
1645,Dacite intrusion,-121.565,46.4937,64.22,0.74,15.17,8.8,0.2,0.73,4.42,4.42,1.0,0.29
1646,Dacite intrusion,-121.6218,46.3775,64.66,0.7,17.33,4.51,0.08,2.47,4.53,4.29,1.22,0.21
1647,Dacite,-121.515,46.4845,64.88,0.76,16.97,6.46,0.06,0.56,2.7,4.9,2.45,0.26
1648,Microdiorite and dacite,-121.5823,46.3723,66.52,0.59,16.63,3.94,0.09,1.76,4.11,4.6,1.57,0.21
1649,Basalt,-121.6395,46.524,50.27,1.3,21.13,8.6,0.16,3.74,11.44,2.94,0.27,0.15
1650,Basalt,-121.694,46.5585,50.84,1.12,23.35,8.45,0.1,3.77,8.49,3.55,0.2,0.12
1651,Basalt,-121.7003,46.5628,51.82,1.34,20.22,9.56,0.17,2.37,10.82,3.14,0.41,0.14
1652,Basaltic andesite/microdiorite sill,-121.6562,46.6238,53.59,1.67,18.11,8.48,0.41,4.19,8.59,3.83,0.83,0.3
1653,Basaltic andesite,-121.694,46.5062,55.09,1.44,18.52,7.86,0.15,3.43,9.26,3.49,0.55,0.2
1654,Basaltic andesite,-121.738,46.5295,56.19,1.17,16.8,8.05,0.15,4.86,8.62,2.94,1.01,0.2
1655,Andesite,-121.7437,46.5911,58.07,1.04,18.05,8.29,0.12,3.06,6.57,3.58,1.06,0.16
1656,Andesite,-121.675,46.5185,58.53,1.45,14.99,10.04,0.22,1.94,7.01,4.7,0.92,0.19
1657,Andesite and microdiorite sill,-121.6697,46.6132,61.59,1.37,16.24,6.32,0.14,1.83,3.86,5.5,2.68,0.47
1658,Andesite intrusion,-121.7406,46.5746,61.7,1.34,15.27,8.42,0.15,2.13,5.45,3.75,1.44,0.35
1659,Andesite intrusion,-121.6402,46.572,62.39,1.32,15.66,7.0,0.14,1.54,3.62,4.81,3.07,0.44
1660,Andesite intrusion,-121.6493,46.5827,62.45,1.32,15.39,6.9,0.13,1.71,4.34,4.29,3.03,0.45
1661,Dacite,-121.6368,46.55,63.22,1.04,15.66,7.66,0.19,1.59,5.22,4.05,1.02,0.34
1662,Dacite/granodiorite sill,-121.6382,46.6027,68.84,0.59,15.09,4.12,0.12,0.58,4.42,3.6,2.49,0.15
1663,Dacite/granodiorite sill,-121.6332,46.6057,68.86,0.6,15.15,3.89,0.11,0.73,2.1,5.91,2.49,0.14
1664,Dacite/granodiorite sill,-121.6305,46.5937,69.38,0.56,14.92,4.0,0.11,0.6,1.76,5.89,2.65,0.13
1665,Dacite/granodiorite sill,-121.6468,46.6103,70.28,0.5,14.94,3.59,0.1,0.42,1.38,5.67,3.0,0.12
1666,Rhyolite tuff,-121.6755,46.5787,73.19,0.31,14.67,2.85,0.05,0.53,3.07,2.85,2.4,0.09
1667,Rhyolite tuff,-121.6658,46.5743,77.1,0.22,12.96,1.79,0.03,0.22,3.32,2.34,1.96,0.05
1668,Gabbro  ,-121.5722,46.6053,52.58,1.1,18.99,6.99,0.14,5.27,10.89,2.98,0.84,0.21
1669,Gabbro  ,-121.567,46.6081,52.84,1.32,18.32,8.33,0.18,4.35,7.86,4.72,1.72,0.38
1670,Quartz diorite ,-121.5218,46.6144,60.39,1.42,16.89,5.76,0.16,2.38,5.66,4.71,2.23,0.39
1671,Dacite,-121.5858,46.5295,64.13,1.22,11.86,11.33,0.18,2.92,3.87,2.61,1.6,0.28
1672,Quartz diorite ,-121.5221,46.6213,65.53,0.56,17.68,2.95,0.07,1.98,5.75,4.99,0.36,0.14
1673,Dacite  ,-121.6083,46.5565,69.36,0.43,16.28,3.41,0.27,0.81,2.75,5.11,1.47,0.1
1674,Rhyolite,-121.5483,46.5907,71.31,0.41,15.56,3.31,0.09,0.78,0.69,4.46,3.26,0.12
1675,Rhyolite tuff,-121.5247,46.596,76.47,0.22,14.01,1.97,0.04,0.23,0.92,3.3,2.78,0.05
1676,Rhyolite tuff,-121.5802,46.6127,77.68,0.2,12.48,1.64,0.01,0.15,0.91,3.31,3.56,0.04
1677,Gabbro,-121.7,46.4438,49.61,0.91,20.93,9.26,0.17,5.1,10.99,2.54,0.38,0.12
1678,Gabbro,-121.6412,46.395,50.24,1.0,19.28,10.13,0.19,4.76,10.28,3.54,0.47,0.11
1679,Basaltic andesite,-121.65,46.4457,53.01,1.27,17.53,9.04,0.17,4.93,10.34,2.98,0.56,0.18
1680,Basaltic andesite,-121.7475,46.489,53.26,1.82,16.29,10.6,0.22,4.33,9.05,3.54,0.65,0.25
1681,Basaltic andesite intrusion,-121.6763,46.3853,53.5,1.5,20.26,8.4,0.15,2.61,8.79,3.85,0.71,0.25
1682,Basaltic andesite,-121.6835,46.4563,53.53,1.69,16.98,10.34,0.19,4.13,8.45,3.57,0.86,0.26
1683,Basaltic andesite intrusion,-121.6933,46.4138,53.61,1.42,20.39,7.86,0.13,2.92,9.59,3.27,0.58,0.23
1684,Basaltic andesite intrusion,-121.6907,46.4525,53.92,1.27,17.36,8.76,0.15,4.87,10.52,2.7,0.25,0.2
1685,Basaltic andesite intrusion,-121.7048,46.433,54.2,1.73,16.45,10.81,0.21,3.65,8.67,3.36,0.67,0.25
1686,Basaltic andesite intrusion,-121.6863,46.3872,54.42,1.64,19.48,8.66,0.14,2.47,8.59,3.61,0.71,0.28
1687,Basaltic andesite intrusion,-121.6297,46.4522,54.8,1.71,16.33,9.82,0.16,4.17,8.63,3.4,0.73,0.23
1688,Basaltic andesite intrusion,-121.6483,46.424,54.88,1.49,18.19,9.23,0.17,2.97,7.64,4.1,1.03,0.3
1689,Basaltic andesite intrusion,-121.6327,46.4617,54.94,1.27,16.97,8.71,0.14,4.85,8.44,3.41,1.02,0.24
1690,Basaltic andesite intrusion,-121.6257,46.45,54.99,1.39,16.86,8.89,0.15,4.76,8.96,3.38,0.38,0.24
1691,Microdiorite,-121.6388,46.456,55.15,1.34,16.48,9.31,0.18,5.28,8.54,3.1,0.43,0.2
1692,Basaltic andesite,-121.6453,46.4523,55.17,1.85,16.13,10.35,0.17,3.6,7.01,4.91,0.55,0.27
1693,Basaltic andesite,-121.647,46.4503,55.18,1.3,17.64,8.4,0.17,4.16,9.55,3.08,0.3,0.23
1694,Basaltic andesite,-121.6498,46.4353,55.21,1.35,18.1,8.11,0.16,3.72,8.53,3.77,0.72,0.34
1695,Microdiorite,-121.6322,46.4513,55.45,1.25,16.91,8.15,0.14,5.52,8.05,3.61,0.72,0.2
1696,Basaltic andesite intrusion,-121.6865,46.3907,55.75,1.59,16.51,9.9,0.18,3.53,7.41,3.91,0.9,0.33
1697,Basaltic andesite intrusion,-121.6655,46.4102,55.84,1.46,18.75,8.8,0.16,2.89,4.3,5.69,1.9,0.22
1698,Basaltic andesite,-121.7083,46.4913,55.85,1.87,17.11,9.86,0.18,2.77,7.87,3.41,0.77,0.31
1699,Basaltic andesite intrusion,-121.6958,46.4228,55.98,1.61,17.65,8.72,0.16,3.64,6.6,4.33,1.0,0.3
1700,Basaltic andesite,-121.7125,46.3807,56.07,1.87,15.75,10.71,0.19,3.51,6.57,3.93,1.08,0.32
1701,Basaltic andesite,-121.6372,46.4397,56.07,1.19,17.29,8.43,0.16,3.96,8.67,2.97,1.03,0.23
1702,Basaltic andesite,-121.6473,46.4403,56.14,1.38,16.87,8.98,0.14,3.65,8.19,3.68,0.76,0.19
1703,Basaltic andesite,-121.6617,46.4507,56.16,1.4,16.23,9.18,0.15,3.98,7.65,3.88,1.09,0.28
1704,Basaltic andesite,-121.6368,46.4447,56.65,1.33,17.17,8.51,0.15,4.13,9.13,2.29,0.44,0.19
1705,Basaltic andesite,-121.7132,46.4365,56.7,1.04,20.37,5.64,0.14,2.51,6.58,5.81,0.96,0.25
1706,Basaltic andesite,-121.6287,46.475,56.91,1.56,17.18,8.81,0.14,3.24,8.11,2.82,1.0,0.22
1707,Andesite,-121.6562,46.4412,57.13,1.77,15.46,10.49,0.19,3.21,6.95,3.75,0.79,0.26
1708,Andesite,-121.6465,46.4722,57.24,1.3,16.79,8.83,0.14,4.78,7.38,2.4,0.93,0.21
1709,Andesite,-121.7367,46.4297,57.26,1.48,17.43,8.63,0.18,3.05,9.77,0.75,0.91,0.54
1710,Andesite,-121.7265,46.4128,57.37,1.66,16.25,9.34,0.15,3.08,7.37,3.43,1.0,0.34
1711,Andesite,-121.7365,46.4238,57.48,0.99,18.23,6.99,0.12,3.33,7.81,3.37,1.4,0.28
1712,Andesite,-121.7153,46.4957,57.92,1.73,16.05,9.8,0.2,2.53,6.42,4.33,0.75,0.28
1713,Andesite intrusion,-121.746,46.4713,58.05,1.62,16.48,8.29,0.19,3.01,6.35,4.96,0.8,0.26
1714,Andesite,-121.6492,46.479,58.29,1.59,15.99,9.39,0.16,2.8,7.5,2.89,1.12,0.26
1715,Andesite,-121.6518,46.4233,58.76,1.48,16.69,8.49,0.15,2.29,6.48,4.04,1.27,0.34
1716,Andesite intrusion,-121.7445,46.4095,58.82,1.7,16.49,8.16,0.2,3.1,5.76,4.59,0.91,0.27
1717,Andesite intrusion,-121.6695,46.472,58.93,1.06,15.03,11.96,0.29,1.31,6.08,3.83,1.02,0.48
1718,Andesite intrusion,-121.6465,46.4892,59.25,1.26,16.65,7.95,0.13,2.72,5.88,4.2,1.64,0.31
1719,Andesite,-121.6258,46.4778,60.12,1.02,18.28,6.09,0.11,3.16,6.18,3.86,0.89,0.27
1720,Andesite,-121.6583,46.3853,60.17,1.5,16.69,7.8,0.2,2.29,4.56,5.11,1.37,0.31
1721,Andesite,-121.6328,46.4723,60.54,1.31,15.89,9.54,0.12,3.42,6.13,2.58,0.24,0.22
1722,Diorite,-121.7153,46.4373,61.52,0.84,16.29,5.11,0.1,5.82,4.32,4.37,1.29,0.34
1723,Andesite,-121.6283,46.4298,62.03,1.23,15.28,7.72,0.18,2.13,5.14,4.5,1.48,0.31
1724,Diorite,-121.731,46.3893,62.35,0.89,17.29,5.36,0.11,2.61,6.43,3.46,1.29,0.22
1725,Diorite,-121.7112,46.412,62.4,0.74,18.18,5.09,0.09,2.58,5.79,3.9,0.99,0.23
1726,Dacite,-121.7307,46.4403,63.15,1.23,15.51,7.28,0.16,1.64,3.65,5.82,1.1,0.46
1727,Dacite,-121.6617,46.4338,63.57,1.41,14.38,7.83,0.15,1.6,3.25,4.98,2.42,0.4
1728,Diorite,-121.7377,46.442,63.89,0.65,17.04,4.63,0.08,2.73,4.54,4.71,1.56,0.18
1729,Diorite,-121.735,46.4545,64.8,0.76,16.72,4.72,0.07,2.64,4.67,4.34,1.06,0.21
1730,Diorite,-121.6725,46.4373,65.19,0.62,16.74,4.35,0.05,2.35,4.89,4.48,1.15,0.19
1731,Dacite tuff,-121.639,46.4065,65.04,1.21,14.82,6.44,0.12,2.06,6.74,3.13,0.26,0.19
1732,Granodiorite,-121.65,46.4407,65.01,0.64,17.5,4.44,0.1,1.93,5.46,4.07,0.66,0.19
1733,Diorite,-121.6862,46.4507,65.2,0.63,17.02,4.43,0.09,1.95,4.96,4.35,1.19,0.19
1734,Diorite,-121.6928,46.4382,65.33,0.66,16.98,4.47,0.1,2.03,4.42,4.38,1.44,0.19
1735,Diorite,-121.6702,46.4187,65.48,0.65,16.76,4.39,0.08,1.95,4.92,4.04,1.55,0.18
1736,Diorite,-121.6748,46.3933,65.65,0.59,16.74,4.15,0.06,2.17,4.89,4.29,1.28,0.17
1737,Diorite,-121.689,46.412,66.3,0.61,16.42,4.06,0.08,1.21,5.5,4.21,1.43,0.18
1738,Diorite,-121.6293,46.3802,66.87,0.57,16.64,4.0,0.06,1.82,4.1,4.58,1.19,0.17
1739,Intrusion,-121.744,47.164,59.49,0.82,16.37,7.83,0.16,3.6,7.67,2.86,1.04,0.14
1740,Rhyolite tuff,-121.828,47.155,74.78,0.39,13.47,2.18,0.03,0.24,0.96,3.16,4.74,0.05
1741,Andesite,-121.825,47.155,62.55,0.8,16.5,6.16,0.09,3.09,5.53,3.24,1.88,0.16
1742,Andesite,-121.827,47.155,61.73,0.97,16.35,6.92,0.1,3.46,5.42,3.17,1.7,0.18
1743,Dacite intrusion,-121.838,47.161,70.81,0.88,13.9,5.71,0.12,0.46,1.87,3.06,2.97,0.22
1744,Andesite,-121.722,47.165,61.41,0.96,16.75,5.89,0.12,3.11,7.02,2.81,1.73,0.2
1745,Rhyolite tuff,-121.724,47.165,74.36,0.38,13.05,2.68,0.03,0.52,2.11,2.88,3.9,0.09
1746,Andesite,-121.725,47.164,64.84,0.97,16.15,7.39,0.08,2.76,3.49,2.69,1.46,0.17
1747,Andesite,-121.731,47.164,63.66,0.89,15.78,6.05,0.1,2.43,5.53,3.31,2.07,0.18
1748,Andesite,-121.861,47.156,60.21,0.87,17.49,6.61,0.15,3.12,6.82,3.1,1.46,0.16
1749,Andesite,-121.861,47.156,63.16,0.78,15.94,5.64,0.09,3.36,5.96,3.31,1.58,0.17
1750,Rhyolite tuff,-121.863,47.159,76.99,0.35,13.73,0.7,0.0,0.0,0.43,2.79,4.98,0.03
1751,Andesite,-121.715,47.161,63.63,0.81,16.48,6.07,0.08,2.25,5.49,3.32,1.72,0.16
1752,Diorite,-121.725,47.17,59.55,0.94,16.98,7.33,0.13,3.6,6.91,3.27,1.11,0.17
1753,Andesite,-121.724,47.17,61.86,0.88,16.91,6.03,0.11,2.77,6.29,3.43,1.56,0.16
1754,Andesite,-121.783,47.171,62.42,0.78,16.41,6.36,0.13,3.08,6.29,2.84,1.53,0.15
1755,Dacite intrusion,-121.741,47.166,66.4,0.75,15.48,5.1,0.09,2.43,4.87,2.82,1.91,0.15
1756,Diorite,-121.741,47.167,59.47,1.0,17.57,8.09,0.14,3.25,5.95,3.23,1.1,0.18
1757,Andesite,-121.746,47.178,60.06,0.91,16.58,7.12,0.13,4.05,6.49,3.05,1.45,0.16
1758,Andesite,-121.739,47.184,58.47,1.07,16.88,7.23,0.16,3.47,7.55,2.96,1.99,0.22
1759,Andesite,-121.826,47.168,60.67,1.2,15.69,8.19,0.14,2.77,6.38,3.16,1.58,0.21
1760,Andesite,-121.828,47.175,58.71,1.13,17.04,6.79,0.17,3.55,7.63,2.87,1.91,0.2
1761,Basalt,-121.062,46.943,51.42,1.24,19.24,9.48,0.19,4.24,9.77,2.98,1.12,0.32
1762,Basaltic andesite,-120.997,46.941,52.3,1.18,18.57,9.34,0.17,4.93,8.95,3.03,1.23,0.28
1763,Basaltic andesite,-121.019,46.951,52.17,1.25,19.6,8.71,0.14,4.12,9.56,3.04,1.13,0.28
1764,Basaltic andesite,-121.016,46.933,52.46,1.2,19.72,8.41,0.16,4.61,9.35,2.79,1.01,0.29
1765,Basaltic andesite,-120.966,46.959,52.5,1.37,18.59,9.13,0.17,4.16,9.35,2.97,1.41,0.36
1766,Basaltic andesite,-120.996,46.932,52.82,1.28,19.38,9.4,0.17,3.46,9.03,3.02,1.13,0.31
1767,Basaltic andesite,-120.983,46.93,53.03,1.5,17.68,10.64,0.17,3.88,8.13,3.19,1.36,0.43
1768,Basaltic andesite,-121.03,46.949,53.06,1.38,19.32,8.88,0.17,3.33,8.96,3.34,1.22,0.35
1769,Basaltic andesite,-120.988,46.954,53.18,1.34,17.98,9.8,0.17,4.11,8.36,3.26,1.38,0.43
1770,Basaltic andesite,-121.016,46.933,53.46,1.22,19.4,9.0,0.17,3.32,8.65,3.37,1.07,0.32
1771,Basaltic andesite,-121.038,46.957,53.46,1.31,20.17,8.43,0.15,2.69,8.97,3.38,1.13,0.31
1772,Basaltic andesite,-121.025,46.968,53.63,1.13,19.56,8.19,0.16,3.38,8.81,3.52,1.27,0.34
1773,Basaltic andesite,-121.031,46.955,53.92,1.38,17.95,9.73,0.19,3.98,7.94,3.35,1.22,0.34
1774,Basaltic andesite,-121.031,46.955,54.27,1.4,18.01,9.33,0.19,3.95,7.93,3.31,1.24,0.37
1776,Basaltic andesite,-121.019,46.951,53.96,1.2,19.73,7.96,0.14,3.73,8.97,2.78,1.21,0.3
1777,Basaltic andesite,-121.02,46.97,55.34,1.04,18.52,8.99,0.18,3.32,7.67,3.58,1.01,0.34
1778,Basaltic andesite,-121.001,46.968,55.58,1.46,17.22,10.08,0.2,3.33,6.79,3.21,1.68,0.46
1779,Basaltic andesite,-120.998,46.969,54.45,1.53,18.43,9.72,0.2,3.21,6.71,3.34,1.97,0.43
1780,Andesite,-121.015,46.969,57.77,0.93,18.4,8.36,0.19,2.29,6.56,3.86,1.25,0.39
1781,Andesite,-120.989,46.952,58.69,1.5,16.65,8.55,0.16,2.28,5.92,3.62,2.06,0.58
1782,Andesite,-121.062,46.945,58.75,0.95,19.36,6.0,0.13,1.84,7.07,3.62,1.89,0.39
1783,Andesite,-121.003,46.946,60.5,1.2,17.04,7.46,0.18,2.22,5.19,3.72,1.98,0.51
1784,Dacite,-121.065,46.945,66.08,0.75,16.29,5.33,0.1,0.76,3.46,4.05,2.91,0.25
1785,Basaltic andesite,-121.01,46.914,53.0,1.14,18.41,8.51,0.17,5.1,9.22,3.1,1.0,0.34
1786,Basaltic andesite,-121.005,46.911,53.39,1.13,18.25,8.68,0.15,5.46,8.98,2.82,0.79,0.34
1787,Basaltic andesite,-121.049,46.983,53.73,1.22,18.21,9.22,0.19,4.35,8.54,3.23,1.02,0.28
1788,Basaltic andesite dike,-121.058,46.938,53.92,1.04,18.74,9.06,0.18,4.33,8.39,3.03,1.03,0.27
1789,Basaltic andesite,-121.059,46.939,54.78,1.32,17.7,9.47,0.17,3.81,7.9,3.08,1.36,0.42
1790,Basaltic andesite,-121.068,46.908,55.95,1.29,17.58,9.28,0.19,3.22,7.02,3.69,1.38,0.38
1791,Andesite,-121.022,46.93,58.75,0.9,19.62,5.78,0.14,1.98,7.16,3.31,2.03,0.34
1792,Andesite,-121.091,46.906,61.95,1.04,16.0,7.42,0.18,1.55,4.13,3.71,3.56,0.46
1793,Andesite,-121.059,46.926,62.45,0.71,18.08,5.22,0.07,1.52,5.86,3.6,2.24,0.25
1794,Andesite,-121.013,46.916,62.76,0.86,17.15,5.97,0.11,1.48,4.78,3.55,2.95,0.38
1795,Dacite,-121.023,46.911,64.22,0.74,16.45,5.83,0.16,0.9,3.83,4.17,3.41,0.29
1796,Basaltic andesite,-121.01,46.894,55.38,0.91,16.57,8.58,0.17,5.38,8.76,2.73,1.35,0.17
1797,Andesite,-121.074,46.899,58.74,0.96,16.71,8.12,0.16,3.28,7.12,3.03,1.7,0.17
1798,Andesite,-121.097,46.894,59.14,1.03,16.83,7.85,0.14,3.27,6.86,3.05,1.65,0.18
1799,Andesite,-120.994,46.89,59.51,0.99,16.67,7.95,0.15,3.21,6.61,3.0,1.74,0.17
1800,Andesite,-120.994,46.89,61.3,0.9,16.17,7.39,0.15,2.89,5.95,3.09,1.98,0.17
1801,Andesite,-121.049,46.892,61.21,1.0,16.92,6.87,0.12,2.25,6.19,3.29,1.94,0.21
1802,Andesite,-122.282,46.699,59.67,0.92,17.78,7.11,0.13,3.09,6.94,3.63,0.53,0.19
1803,Basaltic andesite,-122.309,46.643,56.37,1.43,18.19,8.61,0.15,3.11,7.74,3.36,0.82,0.22
1804,Basaltic andesite,-122.327,46.659,52.25,1.09,19.09,8.41,0.14,4.96,10.68,3.09,0.12,0.16
1805,Basaltic andesite,-122.338,46.69,52.95,0.96,19.57,7.59,0.13,4.79,10.08,3.41,0.35,0.17
1806,Andesite,-122.36,46.697,59.17,1.33,16.62,7.68,0.14,3.23,7.14,3.46,0.88,0.34
1807,Andesite,-122.324,46.726,60.05,0.83,18.03,6.71,0.12,2.91,6.64,3.48,1.02,0.2
1808,Basaltic andesite,-122.396,46.708,53.59,1.37,18.73,8.95,0.17,4.25,8.88,3.37,0.46,0.22
1809,Basaltic andesite,-122.425,46.712,52.3,1.04,16.61,8.77,0.14,7.97,9.84,2.84,0.31,0.16
1810,Basaltic andesite,-122.394,46.733,55.72,0.77,19.28,7.72,0.14,4.22,8.18,3.3,0.52,0.14
1811,Basaltic andesite,-122.379,46.688,52.35,1.39,19.63,8.41,0.16,4.06,10.23,3.34,0.16,0.27
1812,Andesite,-122.395,46.687,59.03,1.31,16.13,8.12,0.1,2.95,7.5,3.33,1.19,0.33
1813,Basalt,-122.39,46.7,51.19,1.3,18.8,9.08,0.22,5.43,10.29,3.2,0.24,0.26
1814,Basaltic andesite,-122.41,46.693,54.27,1.42,17.86,9.06,0.15,4.58,9.14,3.11,0.17,0.24
1815,Basaltic andesite,-122.376,46.7,56.98,0.96,18.63,7.62,0.13,3.43,7.57,3.63,0.86,0.19
1816,Basaltic andesite,-122.386,46.7,53.59,1.02,18.94,8.14,0.13,4.45,10.0,3.36,0.21,0.16
1817,Basaltic andesite,-122.369,46.665,52.26,1.08,18.96,8.52,0.14,5.07,10.37,3.11,0.32,0.16
1818,Andesite,-122.463,46.655,57.98,0.94,17.33,7.08,0.13,4.04,6.79,3.77,1.65,0.27
1819,Andesite,-122.426,46.653,59.82,0.92,17.04,6.97,0.13,3.57,6.95,3.41,1.01,0.16
1820,Basaltic andesite,-122.437,46.697,52.64,1.08,18.74,8.14,0.13,5.25,10.47,3.19,0.13,0.22
1821,Basaltic andesite,-122.46,46.713,54.09,1.53,18.9,8.84,0.15,3.59,9.16,3.24,0.15,0.35
1822,Basaltic andesite,-122.351,46.69,52.9,1.19,17.96,7.96,0.13,5.74,10.08,3.34,0.52,0.18
1823,Andesite,-122.459,46.664,57.5,1.03,17.48,6.77,0.1,4.1,7.95,3.39,1.46,0.24
1824,Basaltic andesite,-123.249,46.33,53.33,3.33,14.38,11.98,0.2,3.45,8.24,3.21,1.2,0.68
1825,Basaltic andesite,-123.188,46.333,55.01,2.74,15.0,11.2,0.17,3.35,7.44,3.01,1.31,0.77
1826,Basaltic andesite,-123.053,46.267,55.68,2.22,14.75,12.12,0.23,3.19,6.35,3.21,1.47,0.78
1827,Basaltic andesite,-122.1012,44.7047,54.08,2.45,15.09,11.05,0.23,3.55,8.41,3.73,0.56,0.85
1828,Basaltic andesite,-122.04,44.748,54.11,2.21,15.27,11.21,0.22,3.6,7.92,4.09,0.79,0.6
1829,Basaltic andesite,-122.142,44.7047,55.49,1.93,16.12,10.15,0.24,2.59,6.97,3.97,2.07,0.48
1830,Basaltic andesite dike,-121.9992,44.8058,54.43,2.06,16.4,10.92,0.17,3.88,7.28,3.28,1.21,0.37
1831,Basaltic andesite,-121.8972,44.7625,55.73,1.99,15.48,10.83,0.19,3.7,7.09,3.7,0.93,0.36
1832,Andesite plug,-121.9176,44.7769,56.77,2.03,15.45,10.21,0.24,2.37,7.86,3.92,0.87,0.27
1833,Andesite dike,-121.9788,44.7914,56.72,1.29,16.98,9.95,0.2,2.61,6.03,4.35,1.38,0.49
1834,Andesite,-121.9584,44.8058,59.27,1.36,16.36,8.55,0.2,1.52,5.85,3.71,2.67,0.48
1835,Andesite,-121.9992,44.8203,57.71,1.32,17.17,8.53,0.13,2.04,6.97,3.86,1.89,0.38
1844,Basaltic andesite,-122.2138,44.8955,54.42,1.13,19.71,7.12,0.12,3.94,8.74,3.78,0.76,0.26
1845,Basaltic andesite,-122.244,44.7625,54.32,1.1,17.91,7.59,0.19,5.16,9.08,3.27,1.09,0.29
1846,Basaltic andesite,-122.3944,44.9597,55.33,1.06,18.14,7.44,0.14,5.69,7.62,3.37,1.04,0.17
1847,Basaltic andesite,-122.3663,44.861,56.31,0.93,17.29,7.17,0.14,5.77,8.0,3.29,0.93,0.16
1848,Andesite,-122.2032,44.7914,60.42,0.94,17.24,6.16,0.11,3.77,6.6,3.53,1.0,0.24
1849,Andesite,-122.4018,45.0509,59.05,0.94,17.66,6.47,0.11,3.94,6.66,3.57,1.42,0.17
1850,Andesite,-122.0196,44.7336,61.19,1.0,16.48,6.34,0.12,2.56,6.52,3.51,2.09,0.2
1851,Andesite,-122.2626,44.9243,61.11,0.87,17.11,6.15,0.08,2.86,5.95,3.93,1.76,0.18
1852,Andesite,-121.9584,44.6758,61.66,0.74,16.48,6.11,0.13,3.13,6.48,3.5,1.62,0.14
1853,Andesite plug,-122.142,44.8203,61.45,0.74,17.38,5.34,0.09,3.26,6.15,3.91,1.53,0.14
1854,Andesite,-122.244,44.748,63.4,1.08,15.83,6.06,0.11,2.82,4.62,4.08,1.74,0.26
1855,Dacite,-122.3611,45.0694,64.63,0.73,17.03,4.51,0.07,2.26,4.18,4.97,1.4,0.22
1856,Dacite tuff,-122.04,44.748,66.01,1.06,15.75,5.72,0.09,0.77,3.69,3.91,2.73,0.27
1857,Dacite tuff,-122.244,44.7625,68.39,0.85,15.41,4.07,0.06,0.67,2.76,5.0,2.6,0.19
1858,Rhyolite,-122.1746,44.9819,73.71,0.39,14.14,2.31,0.03,0.31,1.94,3.91,3.22,0.05
1859,Basaltic andesite,-122.244,44.7625,53.74,1.05,18.14,8.47,0.14,5.82,8.98,2.88,0.62,0.15
1860,Basaltic andesite,-122.244,44.7625,52.69,1.13,18.85,7.71,0.15,6.02,9.3,3.11,0.83,0.19
1861,Basaltic andesite,-122.244,44.7625,53.87,0.99,20.52,7.56,0.14,3.73,8.92,3.44,0.72,0.12
1862,Basaltic andesite,-122.244,44.7625,54.22,1.06,18.95,7.81,0.15,4.74,8.48,3.4,1.0,0.19
1863,Basaltic andesite,-122.244,44.7625,53.6,1.01,18.1,8.47,0.13,5.98,8.76,3.04,0.72,0.18
1864,Andesite,-122.244,44.7625,58.58,1.05,18.54,7.06,0.12,3.25,6.96,3.66,0.65,0.13
1865,Basaltic andesite,-122.244,44.7625,54.53,1.12,19.36,7.13,0.11,4.56,8.51,3.33,1.11,0.25
1866,Basaltic andesite,-121.9176,44.7336,54.46,1.1,18.19,8.32,0.14,4.44,8.58,3.59,0.87,0.31
1867,Andesite,-122.1624,44.7914,59.57,0.92,17.09,5.83,0.09,3.53,6.71,4.07,1.84,0.37
1868,Andesite,-122.0808,44.8203,60.53,0.84,16.84,6.31,0.13,3.98,6.23,3.43,1.53,0.18
1869,Andesite,-122.1828,44.7914,60.24,0.74,16.89,5.53,0.09,4.47,6.64,3.43,1.82,0.13
1870,Dacite,-122.1216,44.8203,68.29,0.78,15.99,3.78,0.07,1.03,3.62,4.39,1.86,0.18
1871,Dacite tuff,-122.142,44.7914,68.25,0.52,16.28,3.61,0.07,1.39,3.68,4.05,2.02,0.11
1872,Dacite dike,-122.2032,44.7769,68.4,0.76,15.22,4.0,0.09,0.67,4.36,3.8,2.51,0.19
1873,Dacite,-122.1624,44.7914,67.14,0.8,16.63,3.55,0.06,1.0,3.9,4.22,2.54,0.16
1874,Basalt,-121.938,44.8058,49.76,1.49,17.04,10.98,0.17,7.78,7.78,3.76,0.97,0.27
1875,Basalt,-121.9176,44.748,50.71,0.99,17.51,9.63,0.18,9.04,9.04,2.75,0.05,0.11
1876,Basaltic andesite,-121.8972,44.748,56.66,1.04,18.93,8.67,0.17,5.18,5.18,3.2,0.8,0.16
1877,Andesite,-121.938,44.7336,57.26,1.19,18.42,8.62,0.14,4.64,4.64,3.76,1.01,0.34
1878,Andesite,-121.9584,44.748,58.44,1.22,18.91,7.99,0.14,3.95,3.95,4.02,1.05,0.33
1879,Andesite,-121.9584,44.7336,60.38,1.71,17.18,8.61,0.18,2.69,2.69,4.95,1.15,0.45
1880,Dacite,-121.938,44.7336,67.3,0.83,16.31,4.79,0.15,0.97,0.97,6.46,2.0,0.21
1881,Basalt,-121.9584,44.7191,51.45,1.31,17.64,9.55,0.18,6.63,9.36,2.91,0.6,0.39
1882,Basalt,-121.9584,44.7191,51.97,1.33,17.02,10.03,0.17,6.4,9.07,3.06,0.62,0.32
1883,Basalt,-121.9788,44.7191,50.52,1.24,17.55,9.14,0.17,8.11,9.05,3.22,0.66,0.34
1884,Basaltic andesite,-121.938,44.7336,54.83,1.18,18.22,7.97,0.14,5.33,7.81,3.52,0.8,0.2
1885,Basaltic andesite,-121.9992,44.748,55.63,1.17,17.69,8.11,0.15,3.99,8.54,3.41,0.96,0.36
1886,Basaltic plug,-121.9992,44.748,56.93,1.06,18.82,6.69,0.1,2.9,8.35,3.63,1.15,0.36
1887,Andesite plug,-121.9176,44.6902,59.27,1.0,16.89,6.91,0.13,2.89,6.84,3.61,2.05,0.4
1888,Andesite dike,-121.9584,44.7769,60.39,0.71,16.73,6.06,0.12,4.31,6.23,3.61,1.7,0.13
1889,Basalt dike,-121.9992,44.7336,50.49,1.45,17.67,10.6,0.19,6.11,9.74,2.99,0.44,0.33
1890,Basaltic andesite,-121.9788,44.7336,54.24,1.18,17.26,7.78,0.15,4.63,8.98,3.65,1.68,0.45
1891,Basaltic andesite,-121.938,44.7191,54.68,1.22,16.64,7.97,0.15,5.27,9.77,2.96,1.01,0.33
1892,Andesite,-121.938,44.7336,58.13,0.93,16.54,7.3,0.15,5.04,7.4,3.21,1.12,0.17
1910,Andesite,-122.339,44.58,59.45,0.95,17.55,6.12,0.12,3.45,6.81,4.59,0.75,0.19
1911,Andesite,-122.319,44.57,65.1,1.1,16.48,6.2,0.16,2.63,1.2,6.46,0.34,0.34
1912,Basalt,-122.359,44.58,53.41,1.11,17.97,7.41,0.12,5.16,11.15,2.79,0.59,0.29
1913,Dacite,-122.299,44.61,66.12,0.81,15.8,4.73,0.1,1.62,3.21,4.65,2.74,0.22
1914,Andesite,-122.299,44.58,60.68,0.91,17.29,5.7,0.11,2.95,6.72,3.85,1.56,0.22
1915,Andesite,-122.299,44.6,57.25,1.07,19.1,6.51,0.12,3.58,8.37,3.4,0.36,0.24
1916,Dacite,-122.279,44.61,70.47,0.68,12.6,2.76,0.06,0.43,7.22,2.79,2.93,0.05
1917,Andesite,-122.279,44.54,57.78,1.01,18.59,6.03,0.12,4.54,8.03,3.03,0.67,0.19
1918,Andesite,-122.279,44.61,58.93,0.11,18.79,7.07,0.11,3.41,7.44,3.44,0.43,0.26
1919,Andesite,-122.299,44.58,54.76,0.99,16.0,8.03,0.13,5.67,9.49,2.94,1.6,0.39
1920,Andesite,-122.339,44.61,56.82,1.49,15.96,9.0,0.16,3.62,7.09,3.78,1.77,0.32
1921,Diorite,-122.298,44.594,61.26,0.92,18.5,5.72,0.1,2.51,4.88,4.04,1.86,0.2
1922,Diorite,-122.291,44.601,53.3,0.99,18.07,7.45,0.17,6.25,8.46,3.56,1.58,0.17
1923,Granite,-122.313,44.519,70.09,0.6,14.45,3.29,0.07,1.22,2.59,4.04,3.54,0.1
1924,Diorite,-122.348,44.587,75.82,0.77,3.23,0.11,6.15,3.19,3.99,3.99,2.63,0.13
1925,Granodiorite,-122.283,44.562,63.16,0.77,15.83,5.2,0.09,3.06,4.85,3.43,3.42,0.2
1926,Quartz monzonite,-122.281,44.606,72.81,1.06,13.04,2.1,0.07,0.63,2.22,3.67,4.34,0.06
1927,Aplite,-122.368,44.587,76.25,0.92,11.55,1.4,0.03,0.69,1.65,0.42,7.08,0.01
1997,Dacite,-121.155,46.7767,65.42,1.04,16.4,5.96,0.07,1.86,3.78,3.29,1.84,0.35
1998,Andesite,-121.1553,46.7783,62.19,1.01,16.57,7.76,0.12,2.95,6.8,2.18,0.23,0.19
1999,Andesite,-121.1433,46.7617,59.99,1.09,17.86,6.73,0.14,2.65,6.38,3.48,1.37,0.31
2000,Andesite,-121.135,46.76,57.93,1.04,17.62,7.71,0.15,3.33,7.11,3.5,1.36,0.26
2001,Basaltic andesite dike,-121.1567,46.7717,54.73,1.15,18.09,8.0,0.15,4.61,9.35,2.68,0.98,0.26
2002,Andesite,-121.1617,46.7717,57.93,1.45,18.08,8.31,0.18,1.58,7.09,3.84,1.08,0.45
2003,Dacite,-121.1467,46.755,65.87,0.68,16.14,5.29,0.1,1.0,4.16,4.25,2.31,0.19
2004,Dacite,-121.14,46.755,65.23,0.68,16.18,5.34,0.12,1.15,4.01,4.82,2.28,0.19
2005,Andesite dike,-121.1383,46.76,58.33,1.02,17.35,7.87,0.17,3.54,6.32,3.25,1.86,0.29
2006,Andesite,-121.1383,46.76,58.51,1.0,17.74,7.69,0.14,3.04,6.3,3.7,1.59,0.28
2007,Basaltic andesite sill,-121.1433,46.76,56.3,1.17,17.48,8.29,0.19,5.03,7.03,3.1,1.15,0.27
2008,Basaltic andesite intrusion,-121.145,46.7783,53.77,1.2,18.48,8.86,0.19,3.98,9.7,2.76,0.81,0.24
2009,Dacite,-121.145,46.765,65.65,0.67,16.07,5.13,0.11,1.09,3.59,4.7,2.81,0.19
2010,Andesite,-121.1467,46.7567,64.7,0.73,16.42,5.69,0.13,1.61,5.39,4.29,0.83,0.2
2012,Basaltic andesite,-121.195,46.725,54.14,1.25,18.34,8.28,0.24,4.15,8.98,3.26,1.04,0.32
2013,Andesite,-121.1867,46.7217,59.84,1.39,16.39,7.88,0.15,2.29,5.63,4.01,2.03,0.38
2014,Basalt dike,-121.185,46.705,52.08,1.0,17.64,7.31,0.13,5.65,12.1,2.87,1.05,0.16
2015,Basaltic andesite,-121.185,46.7133,54.87,1.39,17.55,9.87,0.18,3.44,7.95,3.21,1.26,0.27
2016,Andesite,-121.1867,46.7233,63.04,1.09,15.87,6.78,0.15,1.55,4.34,4.19,2.62,0.37
2017,Basaltic andesite intrusion ,-121.1883,46.6967,54.75,0.95,17.32,8.36,0.17,5.72,8.69,2.74,1.09,0.2
2018,Andesite dike,-121.1933,46.7017,57.97,1.12,17.85,7.33,0.19,2.82,7.92,3.27,1.33,0.22
2019,Basaltic andesite,-121.13,46.7417,57.1,1.12,17.89,7.38,0.12,3.69,7.95,2.72,1.75,0.27
2020,Basaltic andesite,-121.13,46.7333,57.64,1.07,17.64,7.51,0.15,3.5,7.33,3.31,1.58,0.26
2021,Andesite,-121.1517,46.74,62.3,0.9,16.52,7.23,0.17,1.32,4.75,4.81,1.64,0.35
2022,Basaltic andesite,-121.1633,46.745,61.01,0.95,16.85,6.96,0.13,2.77,6.01,3.02,2.13,0.17
2023,Basalt,-121.976,45.745,49.92,1.25,18.93,11.5,0.19,4.05,9.8,3.68,0.32,0.36
2024,Basalt,-121.985,45.748,51.32,2.47,16.75,11.25,0.19,4.18,9.47,2.98,0.72,0.67
2025,Basalt,-121.947,45.73,55.0,1.63,17.68,8.85,0.14,3.12,8.32,3.81,1.18,0.28
2026,Basalt,-121.799,45.77,52.06,1.83,17.95,9.35,0.24,6.81,7.09,3.39,0.91,0.38
2027,Basalt,-121.789,45.81,55.15,0.88,17.7,8.2,0.19,5.45,7.89,3.54,0.77,0.22
2028,Basalt,-121.809,45.88,53.76,1.59,18.08,9.33,0.16,3.58,8.88,3.82,0.56,0.23
2029,Basalt,-121.949,45.97,54.56,0.91,19.11,8.42,0.19,4.68,7.89,2.9,1.14,0.19
2030,Andesite,-121.949,45.92,59.99,1.07,16.98,7.49,0.14,2.53,5.38,4.14,2.07,0.22
2031,Diorite,-121.809,45.73,64.2,0.59,16.6,5.73,0.14,2.34,6.03,3.36,0.85,0.16
2032,Diorite,-121.7477,45.73,65.17,0.57,17.65,4.12,0.04,2.27,4.29,4.49,1.14,0.26
2033,Quartz diorite,-121.7684,45.701,66.28,0.78,17.55,3.77,0.03,2.16,3.43,4.57,1.15,0.28
2034,Basalt,-121.999,45.794,52.68,1.86,16.96,10.99,0.19,4.03,8.25,3.76,0.99,0.29
2035,Dacite,-121.935,45.796,67.5,0.76,14.14,6.63,0.16,1.04,2.88,4.38,2.29,0.22
2036,Andesite tuff breccia,-121.848,45.772,64.49,0.72,14.91,6.2,0.18,1.17,6.57,2.95,1.77,1.03
2037,Basaltic andesite,-121.839,45.742,54.54,1.51,17.79,8.89,0.18,3.52,8.26,4.03,0.98,0.29
2038,Basaltic andesite,-121.818,45.716,54.86,1.71,16.05,10.34,0.17,3.63,7.59,4.17,1.18,0.3
2039,Gabbro,-121.929,45.815,53.84,1.36,19.29,8.92,0.15,3.02,8.05,4.35,0.78,0.24
2040,Diorite/andesite,-121.893,45.842,56.84,1.79,16.51,10.48,0.19,2.62,5.45,4.79,1.03,0.29
2041,Diorite,-121.915,45.822,57.19,1.93,15.53,9.97,0.2,2.82,6.23,4.03,1.62,0.48
2042,Diorite,-121.9,45.819,56.96,1.85,15.93,9.83,0.19,3.04,5.94,4.17,1.65,0.44
2043,Diorite,-121.907,45.806,62.04,1.45,14.82,9.08,0.18,1.49,5.59,3.52,1.38,0.46
2044,Diorite,-121.905,45.8,55.4,1.82,16.02,11.28,0.22,3.22,6.46,4.26,1.0,0.32
2045,Diorite,-121.883,45.791,57.88,1.89,16.47,8.76,0.17,2.82,5.89,4.31,1.5,0.31
2046,Diorite,-121.805,45.738,59.63,1.07,16.67,7.13,0.12,3.66,6.64,3.74,1.1,0.22
2047,Diorite,-121.795,45.73,59.27,0.92,17.53,6.55,0.11,3.81,6.47,4.03,1.14,0.16
2048,Rhyolite tuff,-122.1674,44.3994,71.31,0.43,15.55,2.86,0.05,0.37,2.1,4.66,2.61,0.06
2049,Andesite,-122.1579,44.4225,58.39,0.88,17.53,6.42,0.1,4.4,7.36,3.5,1.26,0.16
2050,Basaltic andesite,-122.1446,44.396,52.64,1.15,17.58,8.92,0.16,5.98,8.66,3.39,1.02,0.5
2051,Basaltic andesite,-122.1003,44.3968,55.7,1.05,17.89,7.36,0.12,4.74,7.91,3.77,1.11,0.33
2052,Basaltic andesite,-122.13,44.3923,56.38,0.98,18.0,7.18,0.13,4.34,7.58,3.8,1.28,0.33
2053,Basaltic andesite,-122.1168,44.4072,53.7,1.31,18.09,8.83,0.16,4.39,7.6,3.9,1.32,0.7
2054,Basaltic andesite intrusion,-122.1191,44.4265,56.04,1.03,17.86,7.46,0.14,4.89,8.18,3.24,0.88,0.28
2055,Basaltic andesite,-122.1244,44.4217,53.73,1.25,17.8,8.54,0.15,5.09,8.4,3.48,1.05,0.51
2056,Basaltic andesite,-122.127,44.4196,53.44,1.33,17.88,8.58,0.14,4.95,7.92,4.0,1.18,0.58
2057,Basalt intrusion,-122.129,44.414,51.92,1.6,18.38,9.37,0.15,4.85,8.73,3.76,0.87,0.37
2058,Andesite,-122.158,44.3976,58.71,0.79,18.33,5.89,0.11,3.97,7.59,3.73,0.74,0.14
2059,Andesite,-122.1357,44.3457,58.79,0.78,18.38,5.96,0.1,3.78,7.16,3.88,1.0,0.17
2060,Basaltic andesite,-122.1234,44.385,53.73,1.19,17.98,8.43,0.14,5.09,8.08,3.58,1.28,0.49
2061,Basaltic andesite,-122.0989,44.3684,53.83,1.18,17.77,8.42,0.15,5.04,8.07,3.9,1.13,0.49
2062,Basaltic andesite intrusion,-122.0783,44.3838,55.17,2.09,16.01,10.28,0.2,3.34,7.24,4.51,0.58,0.57
2063,Basalt,-122.0784,44.3601,51.9,1.22,17.88,8.68,0.15,5.65,8.41,4.13,1.34,0.63
2064,Basaltic andesite,-122.1542,44.3372,56.73,1.75,16.06,8.98,0.17,3.07,6.84,4.97,1.11,0.33
2065,Andesite intrusion,-122.1505,44.3025,58.27,0.92,18.49,6.61,0.12,3.6,7.39,3.55,0.79,0.26
2066,Basaltic andesite,-122.0971,44.3236,52.16,1.63,17.88,9.22,0.16,4.75,8.82,3.94,1.0,0.44
2067,Basaltic andesite,-122.0722,44.3082,55.81,1.32,17.72,8.27,0.13,3.7,7.49,4.06,1.05,0.45
2068,Dacite,-122.0905,44.3338,65.23,0.89,15.99,5.32,0.11,1.34,3.66,4.97,2.21,0.28
2069,Basaltic andesite,-122.0644,44.3121,55.41,1.29,17.82,8.08,0.14,4.03,7.7,4.06,1.04,0.43
2070,Basaltic andesite,-122.0538,44.3198,54.92,1.33,17.82,8.25,0.14,4.14,7.66,4.07,1.21,0.46
2071,Basaltic andesite,-122.0472,44.3198,54.78,1.33,17.85,8.34,0.14,4.19,7.78,4.01,1.11,0.47
2072,Andesite,-121.9049,45.3447,61.63,0.82,17.31,5.7,0.09,3.19,6.12,3.92,1.03,0.19
2074,Andesite,-121.875,45.3838,56.46,0.97,20.1,6.51,0.1,2.58,7.83,4.23,1.01,0.21
2076,Basalt,-121.8207,45.3507,51.48,1.11,17.39,8.52,0.16,7.4,10.66,2.86,0.28,0.14
2078,Andesite ,-121.829,45.358,58.78,0.97,19.22,5.86,0.09,3.95,6.77,3.95,0.19,0.22
2079,Dacite,-121.8298,45.4192,65.62,0.58,17.42,4.27,0.08,1.77,4.46,4.27,1.34,0.19
2081,Andesite,-121.8468,45.2503,60.16,0.97,16.91,6.22,0.14,4.95,6.57,3.28,0.63,0.17
2082,Andesite,-121.8637,45.2593,53.8,1.45,18.37,7.84,0.13,4.92,8.85,3.53,0.81,0.3
2083,Andesite,-121.7935,45.466,60.74,0.85,17.58,5.85,0.1,3.33,6.19,3.9,1.3,0.16
2084,Andesite,-121.8225,45.4005,58.98,0.95,17.29,6.17,0.08,4.63,6.87,3.7,1.16,0.17
2088,Andesite,-121.9167,45.3522,60.31,0.77,17.61,5.7,0.1,3.8,6.61,3.81,1.14,0.15
2089,Andesite,-121.8128,45.35,59.69,0.97,17.31,6.04,0.13,4.18,6.82,3.37,1.32,0.17
2090,Andesite,-121.8048,45.3473,59.14,0.99,17.23,6.29,0.11,4.53,6.0,3.43,2.1,0.18
2091,Andesite,-121.7187,45.4172,56.86,1.14,19.43,6.9,0.11,3.36,7.18,4.27,0.51,0.24
2092,Intrusion,-121.814,45.3058,56.49,1.11,18.15,6.84,0.15,4.66,7.85,3.88,0.66,0.21
2094,Intrusion,-121.8287,45.3065,65.14,0.68,17.37,3.16,0.04,2.58,4.57,5.49,0.96,0.01
2095,Intrusion,-121.8197,45.3032,61.59,0.9,16.61,5.61,0.09,3.24,5.76,4.41,1.62,0.17
2096,Intrusion,-121.8377,45.2748,60.54,0.89,16.17,6.51,0.04,4.14,6.35,3.52,1.69,0.15
2097,Intrusion,-121.8377,45.2745,61.9,1.05,15.42,7.25,0.06,3.29,5.46,3.43,1.94,0.2
2098,Dacite,-122.4342,43.2614,66.49,0.87,15.71,4.61,0.1,1.18,4.07,4.55,2.2,0.21
2099,Dacite,-122.4477,43.2692,66.06,0.9,15.81,4.71,0.1,1.31,4.15,4.55,2.19,0.22
2100,Basaltic andesite,-122.259,43.1985,52.12,1.04,18.01,8.65,0.14,6.1,9.34,3.41,0.91,0.28
2101,Basaltic andesite,-122.2862,43.198,53.79,1.3,18.64,8.45,0.14,3.85,8.72,3.53,1.15,0.43
2102,Basaltic andesite,-122.3415,43.2205,56.71,1.09,18.63,7.73,0.12,2.95,6.7,4.14,1.64,0.29
2103,Basaltic andesite,-122.2825,43.2208,53.24,1.02,19.4,8.4,0.13,5.02,7.65,3.8,1.07,0.27
2104,Basaltic andesite,-122.2997,43.2065,56.32,0.96,18.15,7.85,0.14,4.21,6.76,3.92,1.35,0.34
2105,Basaltic andesite,-122.3175,43.1685,52.07,1.48,17.56,9.73,0.12,5.18,8.87,3.46,1.08,0.45
2106,Andesite,-122.3652,43.2053,58.55,1.08,17.58,7.73,0.14,2.67,6.34,4.15,1.52,0.24
2107,Basaltic andesite,-122.2965,43.1788,53.45,1.2,17.91,9.03,0.16,5.12,7.82,3.74,1.04,0.53
2108,Andesite,-122.3478,43.2017,61.68,1.0,17.4,6.33,0.11,1.46,5.46,4.89,1.44,0.23
2109,Basaltic andesite,-122.3257,43.1305,56.79,1.05,16.34,8.12,0.14,5.43,6.48,3.74,1.49,0.42
2110,Basaltic andesite,-122.3365,43.1368,55.92,1.64,16.96,9.2,0.2,2.87,7.17,4.41,1.18,0.45
2111,Basaltic andesite,-122.3243,43.0987,55.59,1.65,16.79,9.5,0.19,3.18,7.02,4.3,1.33,0.45
2112,Basaltic andesite,-122.0865,44.4789,55.03,0.81,19.55,7.19,0.13,4.56,7.86,3.57,1.04,0.26
2113,Basaltic andesite,-122.0648,44.4207,53.14,1.16,18.05,8.42,0.16,5.06,8.24,4.06,1.16,0.55
2114,Basaltic andesite,-122.0684,44.419,55.94,0.82,18.5,7.29,0.14,4.56,7.22,3.56,1.57,0.4
2115,Basaltic andesite,-122.0573,44.4129,52.45,1.03,17.6,8.96,0.1,5.07,8.25,4.18,1.55,0.81
2116,Basaltic andesite,-122.0745,44.4558,53.65,1.17,17.66,9.14,0.1,5.06,8.2,3.83,0.62,0.57
2117,Basalt,-122.0635,44.4971,51.59,1.12,17.93,8.93,0.17,6.81,8.58,3.2,1.16,0.51
2118,Basaltic andesite,-122.0676,44.4973,52.41,1.04,18.32,8.95,0.1,5.2,8.56,3.79,0.97,0.66
2119,Basalt,-122.0712,44.4967,51.8,1.13,18.55,9.19,0.1,5.65,8.83,3.82,0.46,0.47
2120,Basaltic andesite,-122.0734,44.4964,56.9,0.85,17.8,7.63,0.07,4.18,7.55,3.2,1.26,0.56
2121,Basaltic andesite,-122.0758,44.4962,55.53,1.14,18.0,8.01,0.14,4.16,7.89,3.88,0.92,0.33
2122,Basaltic andesite,-122.0916,44.4468,53.45,1.09,17.42,8.78,0.1,4.99,8.18,4.0,1.3,0.69
2123,Basalt,-122.0518,44.5405,51.08,1.05,17.08,9.72,0.11,8.01,9.22,2.95,0.39,0.39
2124,Basalt,-122.0305,44.5938,50.78,0.88,17.53,9.08,0.11,8.2,9.9,2.97,0.28,0.27
2125,Basaltic andesite,-122.0433,44.5887,55.89,1.0,17.72,7.87,0.08,3.94,7.49,4.11,1.29,0.61
2126,Basaltic andesite,-122.0457,44.5963,53.22,1.22,17.6,9.42,0.1,4.66,8.13,3.97,0.93,0.75
2127,Basaltic andesite,-122.0428,44.6033,56.57,1.02,17.3,8.06,0.08,4.15,6.94,3.84,1.42,0.62
2128,Basalt,-122.073,44.5545,51.36,1.22,17.52,10.75,0.12,5.77,8.37,3.78,0.62,0.49
2129,Basaltic andesite,-122.1051,44.4144,55.04,1.26,17.06,8.51,0.15,4.78,7.75,3.74,1.17,0.54
2130,Andesite,-122.0813,44.565,58.05,1.23,16.55,8.56,0.1,2.48,6.15,4.96,1.44,0.48
2131,Andesite,-122.0928,44.5695,60.13,0.78,17.28,6.8,0.06,3.58,5.55,3.93,1.63,0.26
2132,Andesite,-122.0666,44.4837,64.81,0.78,15.82,5.6,0.08,1.23,3.65,4.92,2.72,0.39
2133,Dacite,-122.0656,44.4822,64.48,0.8,15.72,5.57,0.08,1.06,3.35,5.63,2.79,0.52
2134,Basaltic andesite,-122.0952,44.5137,54.79,0.94,18.61,7.82,0.18,4.91,8.09,3.34,1.02,0.3
2135,Basalt,-122.115,44.4838,50.89,1.02,17.87,9.48,0.11,6.5,10.47,3.12,0.28,0.26
2136,Andesite,-122.063,44.5002,58.62,0.75,18.11,6.43,0.08,3.47,7.22,4.05,0.98,0.29
2137,Andesite,-122.1037,44.4705,59.17,1.07,16.55,7.89,0.08,2.57,6.36,4.4,1.56,0.33
2138,Basaltic andesite,-122.1148,44.5673,55.49,0.94,17.58,7.46,0.06,5.14,8.25,3.67,1.0,0.4
2139,Andesite,-122.102,44.5768,49.39,0.95,17.24,10.8,0.13,7.99,10.01,2.73,0.5,0.27
2140,Basalt,-122.0622,44.5715,51.26,1.12,17.5,9.92,0.1,6.71,9.22,3.33,0.39,0.45
2141,Andesite,-122.0969,44.4985,57.74,0.73,16.27,6.35,0.05,5.67,8.6,3.57,0.71,0.31
2142,Andesite,-122.0897,44.5272,63.62,0.9,16.62,5.81,0.1,1.41,4.29,4.04,2.92,0.29
2143,Andesite,-122.0297,44.5768,71.18,0.29,14.39,3.03,0.02,0.33,1.37,6.04,3.24,0.1
2144,Andesite,-122.015,44.6063,66.43,0.71,15.33,4.77,0.04,1.31,3.26,4.87,2.98,0.31
2145,Basaltic andesite,-122.0493,44.6172,56.43,1.03,18.13,7.53,0.13,4.24,6.89,3.5,1.64,0.48
2146,Andesite,-122.0378,44.541,63.21,0.57,18.09,4.78,0.08,2.35,5.24,3.71,1.77,0.18
2147,Dacite tuff,-122.0803,44.6123,65.69,0.37,18.65,2.97,0.02,0.5,2.23,5.54,3.95,0.08
2148,Basaltic andesite,-122.2682,44.7507,54.78,0.95,20.4,6.13,0.09,4.59,7.55,4.12,0.8,0.59
2149,Basaltic andesite,-122.3035,44.7877,56.95,1.14,17.88,7.76,0.12,4.14,7.62,2.7,1.13,0.56
2150,Basaltic andesite,-122.3036,44.7863,56.92,1.17,18.14,7.49,0.15,3.26,9.35,2.95,0.09,0.48
2151,Andesite,-122.2773,44.7797,62.14,1.12,18.66,5.16,0.05,1.2,3.95,6.03,1.22,0.47
2152,Rhyolite,-122.2621,44.7925,78.06,0.2,12.39,1.16,0.03,0.17,0.88,3.14,3.91,0.06
2153,Andesite,-122.2744,44.7846,61.52,0.61,18.44,4.77,0.1,2.04,5.79,4.3,2.04,0.39
2154,Rhyolite,-122.2713,44.7847,78.13,0.13,12.88,1.3,0.04,0.41,1.33,4.5,1.13,0.15
2155,Rhyolite,-122.2692,44.7848,78.28,0.12,11.47,0.72,0.0,0.03,0.24,2.18,6.83,0.13
2156,Andesite,-122.256,44.7918,58.73,0.9,18.25,5.66,0.09,3.64,7.26,3.6,1.36,0.51
2157,Andesite,-122.2901,44.7884,60.6,0.91,18.3,6.0,0.12,2.9,5.86,3.78,1.21,0.32
2158,Andesite intrusion,-122.2753,44.7694,60.31,0.88,17.83,6.02,0.11,3.78,6.14,3.63,0.97,0.33
2159,Andesite intrusion,-122.2635,44.787,63.27,0.88,16.39,5.31,0.09,2.61,5.29,4.0,1.82,0.34
2160,Andesite ,-122.2773,44.7797,62.16,0.86,17.69,6.21,0.06,3.15,5.13,3.06,1.31,0.37
2161,Andesite intrusion,-122.2717,44.7954,61.97,0.87,16.94,5.47,0.09,3.05,5.24,3.93,2.06,0.38
2162,Granodiorite dike,-122.266,44.756,62.82,0.85,16.72,5.27,0.09,3.04,5.86,3.76,1.27,0.32
2163,Granodiorite,-122.266,44.756,68.7,0.51,15.74,3.56,0.1,1.59,2.36,3.91,3.33,0.2
2164,Granodiorite,-122.266,44.756,70.34,0.49,14.84,2.97,0.06,0.99,2.66,4.73,2.71,0.21
2165,Quartz diorite,-122.25,44.715,58.02,0.9,19.09,7.21,0.17,3.29,6.7,3.63,0.68,0.31
2166,Quartz diorite,-122.25,44.715,61.51,0.83,16.61,5.74,0.09,3.78,6.21,4.06,0.87,0.3
2167,Diorite,-122.25,44.715,61.49,0.79,17.64,5.45,0.12,2.93,6.17,4.08,1.03,0.3
2168,Granodiorite,-122.25,44.715,67.97,0.52,15.54,3.56,0.1,1.57,3.37,3.81,3.34,0.22
2169,Tonalite,-122.25,44.715,76.41,0.44,13.66,0.75,0.02,0.65,1.29,5.98,0.67,0.13
2170,Rhyolite,-121.8724,44.7248,72.06,0.25,14.53,2.15,0.0,0.05,0.83,5.55,4.44,0.14
2171,Andesite tuff,-121.9975,44.6892,63.18,0.35,17.86,4.33,0.01,1.96,2.02,5.79,4.34,0.16
2172,Dacite,-121.9274,44.6241,68.54,0.44,15.15,3.57,0.01,1.23,3.22,4.99,2.74,0.11
2173,Basaltic andesite,-121.9833,44.6822,54.8,0.93,17.96,8.02,0.08,3.27,7.53,4.55,2.18,0.68
2174,Basalt,-122.3523,45.2711,48.98,1.23,16.83,11.32,0.19,7.92,10.12,2.88,0.39,0.14
2175,Andesite,-122.634,42.5707,55.86,1.34,17.17,7.83,0.15,3.76,6.84,4.17,2.26,0.62
2176,Andesite,-122.445,42.7418,59.73,1.18,17.74,6.64,0.11,1.61,5.01,4.74,2.72,0.52
2177,Andesite,-122.446,42.7402,57.49,1.29,17.38,7.27,0.15,2.85,6.32,4.3,2.29,0.66
2178,Andesite,-122.472,42.714,57.71,1.28,17.15,7.42,0.16,2.79,6.21,4.09,2.51,0.68
2179,Andesite,-122.8948,42.4688,57.82,1.28,16.68,7.12,0.14,2.91,6.22,4.82,2.36,0.63
2180,Andesite,-122.9472,42.452,58.73,1.31,17.13,6.67,0.14,2.68,5.8,4.44,2.51,0.6
2181,Basalt,-122.9773,43.9162,51.39,2.85,13.27,16.15,0.23,2.83,7.9,2.95,1.3,1.13
2182,Basaltic andesite,-122.9773,43.9162,52.14,2.87,12.71,16.38,0.27,2.83,7.84,2.67,1.13,1.16
2183,Basalt,-122.7833,44.35,50.07,2.58,15.53,13.06,0.27,4.56,8.77,3.58,0.69,0.89
2184,Basalt,-122.75,44.4,50.76,2.53,14.95,13.06,0.26,4.71,8.83,3.57,0.45,0.88
2185,Basalt,-122.7542,44.3958,51.19,2.66,14.95,12.96,0.37,4.15,8.62,3.58,0.48,1.04
2186,Basalt,-122.7833,44.3667,51.2,2.66,14.88,13.14,0.28,4.09,8.59,3.59,0.55,1.03
2187,Basalt,-122.7898,44.3958,51.2,2.66,14.9,13.04,0.3,4.11,8.6,3.59,0.54,1.06
2189,Basalt,-122.6167,44.4167,50.47,2.05,14.98,13.59,0.19,5.01,9.48,3.21,0.75,0.27
2190,Basalt,-122.6042,44.4083,50.84,2.08,15.67,13.07,0.22,4.88,9.39,2.96,0.63,0.26
2191,Basalt,-123.0096,43.8695,49.49,1.21,15.88,10.19,0.19,10.27,10.14,2.29,0.19,0.15
2192,Basalt,-122.8586,44.0333,50.29,1.65,17.34,10.79,0.22,6.5,9.18,2.89,0.65,0.5
2193,Basalt,-123.0,44.0375,50.72,1.33,16.97,10.39,0.2,7.07,10.0,2.51,0.51,0.3
2194,Basalt,-122.8144,44.5119,51.61,0.81,15.78,8.59,0.17,9.18,11.09,2.32,0.33,0.12
2195,Basalt,-123.1,44.0,51.29,1.86,16.76,10.42,0.21,5.37,9.65,3.47,0.59,0.38
2197,Basalt,-123.0,44.0375,51.04,1.41,17.07,10.01,0.16,6.76,9.71,2.89,0.61,0.34
2198,Basaltic andesite,-123.0208,44.2083,52.46,1.04,16.84,8.96,0.2,6.73,10.85,2.41,0.34,0.19
2199,Basaltic andesite,-122.7515,44.4389,53.42,1.8,16.22,9.75,0.21,4.68,8.47,3.92,1.01,0.52
2200,Basaltic andesite,-123.0433,43.8474,53.7,1.5,17.92,9.08,0.14,4.01,9.85,3.2,0.39,0.21
2201,Basaltic andesite,-123.05,44.4667,53.7,1.56,15.79,9.68,0.25,6.19,8.62,3.25,0.71,0.25
2202,Basaltic andesite,-123.0447,43.8145,54.39,1.5,17.9,9.01,0.15,3.85,8.75,3.43,0.69,0.33
2203,Basaltic andesite,-122.875,44.0167,54.1,1.75,15.82,11.12,0.19,4.47,8.63,3.2,0.5,0.23
2204,Basaltic andesite,-122.9833,44.4042,54.86,1.6,17.57,9.42,0.15,3.13,8.48,3.58,0.98,0.23
2205,Basaltic andesite,-123.0445,43.8236,54.8,1.5,17.29,8.65,0.14,3.75,9.43,3.83,0.37,0.24
2206,Basaltic andesite,-122.8658,44.5388,54.62,1.77,15.39,11.16,0.24,4.27,8.0,3.49,0.8,0.26
2207,Basaltic andesite,-122.8667,44.4833,55.56,0.96,16.59,7.98,0.14,6.38,8.48,2.82,0.95,0.14
2208,Basaltic andesite,-123.0147,43.7903,54.67,1.93,15.94,10.49,0.21,3.98,7.61,3.98,0.87,0.32
2209,Basaltic andesite,-123.0542,44.4542,56.13,1.6,15.92,9.78,0.2,4.02,7.48,3.69,0.91,0.27
2210,Basaltic andesite,-123.0542,44.4542,56.1,1.62,16.03,9.85,0.19,3.79,7.4,3.83,0.92,0.27
2211,Basaltic andesite,-122.8833,44.5333,56.65,1.22,16.44,8.22,0.21,4.93,7.65,3.26,1.22,0.2
2212,Basaltic andesite,-122.992,44.285,56.49,0.78,15.92,7.81,0.15,6.13,9.03,2.75,0.83,0.11
2214,Basaltic andesite,-123.0466,43.7941,56.9,1.26,16.5,7.86,0.15,5.09,7.92,3.08,0.98,0.26
2215,Andesite,-122.9027,44.3343,57.96,1.13,17.47,9.14,0.14,2.57,6.74,3.8,0.8,0.25
2216,Andesite,-123.025,44.4125,58.27,1.33,15.7,8.48,0.18,3.33,7.1,4.13,1.24,0.24
2217,Andesite,-122.8585,44.5586,59.24,1.44,15.98,8.58,0.19,2.73,5.89,4.3,1.34,0.31
2218,Andesite,-122.9833,44.4208,60.37,1.24,15.36,8.79,0.19,2.59,5.84,4.35,1.05,0.22
2219,Andesite,-122.9133,44.339,59.85,0.9,16.97,8.6,0.13,2.1,5.83,4.11,1.22,0.29
2220,Andesite,-122.8667,44.35,62.12,0.83,17.16,6.57,0.12,2.15,5.03,4.04,1.75,0.23
2221,Andesite,-122.9859,44.3433,64.11,1.19,14.43,7.7,0.17,1.67,4.36,4.35,1.7,0.32
2224,Basalt intrusion?,-122.6575,43.9055,51.14,1.01,18.41,8.57,0.15,6.2,10.07,3.26,1.02,0.17
2225,Basaltic andesite,-122.6135,43.8975,53.49,1.17,19.1,8.0,0.14,3.9,9.8,3.5,0.65,0.25
2226,Andesite,-122.5902,43.8977,59.66,1.61,15.07,8.1,0.15,2.89,5.71,4.19,2.22,0.4
2227,Andesite,-122.5187,43.8667,58.09,1.65,15.91,8.87,0.18,3.19,6.99,3.72,0.94,0.46
2228,Dacite,-122.524,43.9345,62.15,1.25,15.49,7.06,0.14,2.54,5.69,4.24,1.15,0.29
2229,Dacite,-122.5202,43.8868,62.9,1.56,14.84,6.82,0.1,1.64,5.03,4.85,1.72,0.54
2230,Dacite,-122.556,43.8573,63.49,1.3,14.4,7.62,0.18,1.55,4.8,4.85,1.39,0.42
2231,Dacite,-122.5523,43.892,69.55,0.54,14.09,4.64,0.13,0.62,2.43,5.7,2.18,0.12
2232,Dacite tuff,-122.599,43.9005,70.25,1.86,13.96,4.04,0.13,0.2,2.0,5.21,2.31,0.04
2233,Rhyolite tuff,-122.599,43.9005,71.18,1.59,14.02,3.87,0.14,0.15,1.71,4.53,2.77,0.04
2234,Rhyolite tuff,-122.5783,43.8947,71.83,0.68,13.93,4.09,0.13,0.86,1.84,3.76,2.71,0.17
2235,Rhyolite tuff,-122.5748,43.8887,71.8,0.38,13.98,4.04,0.16,0.23,2.02,4.16,3.19,0.04
2236,Rhyolite tuff,-122.5678,43.8913,72.24,0.3,13.71,3.63,0.13,0.15,1.8,4.19,3.81,0.04
2237,Basaltic andesite intrusion ,-122.9133,42.8282,55.56,1.54,16.11,10.18,0.18,3.72,8.45,3.02,0.99,0.25
2238,Basaltic andesite,-122.9285,42.8025,52.05,1.02,20.72,7.88,0.15,3.9,8.56,4.45,1.09,0.18
2239,Basaltic andesite,-122.8888,42.8082,56.87,1.61,17.15,8.97,0.18,2.91,7.47,3.3,1.25,0.29
2240,Basaltic andesite,-122.9263,42.7672,54.01,0.95,15.64,8.27,0.19,7.17,10.95,2.17,0.5,0.15
2241,Rhyolite tuff,-122.908,42.764,76.81,0.19,13.28,1.47,0.02,0.21,1.04,3.41,3.54,0.03
2242,Basaltic andesite,-122.8878,42.7712,52.73,1.08,19.97,7.81,0.15,4.26,10.45,2.53,0.74,0.28
2243,Basaltic andesite,-122.3974,44.5934,59.19,1.08,18.01,6.59,0.12,3.46,7.43,3.58,0.16,0.38
2244,Andesite,-122.3775,44.5885,62.34,1.18,16.36,6.3,0.13,2.24,5.38,3.82,1.84,0.41
2245,Basalt,-122.347,44.587,53.11,1.09,18.2,7.46,0.14,4.92,9.99,3.12,1.54,0.43
2246,Dacite,-122.3835,44.5597,67.44,0.89,16.15,4.19,0.17,1.46,1.65,4.23,3.46,0.36
2247,Basaltic andesite,-122.358,44.588,56.24,1.08,18.83,6.96,0.14,3.54,7.89,4.14,0.78,0.41
2248,Andesite,-122.422,44.6008,63.63,0.75,16.29,5.03,0.11,2.63,5.18,3.88,2.2,0.3
2249,Quartz monzodiorite,-122.37,44.587,64.12,0.83,15.76,4.88,0.08,2.76,4.65,4.05,2.57,0.3
2250,Granophyre,-122.368,44.587,77.14,0.11,11.96,1.36,0.03,0.14,1.36,0.41,7.36,0.13
2251,Basalt dike,-122.356,44.592,56.71,0.95,17.31,6.63,0.14,4.49,5.44,5.1,2.9,0.33
2252,Andesite dike,-122.375,44.589,62.75,1.47,16.25,7.34,0.14,2.1,2.77,5.38,1.27,0.53
2253,Basalt dike,-122.3797,44.5887,57.77,0.94,16.09,6.45,0.12,4.04,7.8,2.97,3.41,0.41
2254,Gabbro plug,-122.4175,44.5605,51.73,1.22,19.77,9.62,0.21,3.52,10.4,2.76,0.45,0.32
2255,Rhyolite dike,-122.37,44.576,75.92,0.24,13.32,2.53,0.01,0.17,0.41,3.36,3.87,0.17
2256,Basaltic andesite,-122.37,44.587,56.0,1.41,16.76,9.37,0.18,3.52,7.22,3.75,1.55,0.25
2257,Altered andesite,-122.374,44.589,70.03,0.89,17.18,4.32,0.04,2.43,0.25,0.29,4.34,0.23
2258,Altered andesite,-122.3784,44.5885,59.87,0.89,18.23,5.97,0.11,3.66,6.89,3.4,0.63,0.35
2259,Altered andesite,-122.4116,44.5632,53.97,1.1,18.67,12.89,0.02,2.46,3.39,4.93,2.19,0.38
2260,Basalt,-122.957,44.074,49.88,1.12,14.99,9.94,0.18,9.79,11.52,1.84,0.59,0.15
2261,Basaltic andesite,-122.527,44.393,52.59,1.42,19.05,10.37,0.18,3.24,9.52,2.94,0.53,0.16
2262,Basaltic andesite,-122.3133,43.9635,55.51,1.02,19.52,7.16,0.15,3.78,8.38,3.58,0.76,0.14
2263,Basaltic andesite,-122.494,44.714,55.35,1.62,17.07,10.0,0.18,3.54,6.87,4.14,1.01,0.22
2264,Andesite,-122.4117,45.0989,62.11,0.8,17.18,5.55,0.1,3.46,5.08,3.86,1.73,0.13
2265,Andesite,-122.006,45.3456,62.16,0.67,17.91,5.12,0.08,2.75,5.7,4.27,1.22,0.12
2266,Dacite tuff,-122.598,43.9005,71.12,0.32,14.14,4.14,0.13,0.17,2.09,5.03,2.83,0.03
2267,Rhyolite,-122.3888,43.6203,70.11,0.59,14.9,3.87,0.08,0.63,2.13,4.97,2.63,0.09
2268,Rhyolite tuff,-121.976,44.693,71.09,0.4,15.22,3.13,0.08,0.34,2.12,5.04,2.52,0.06
2269,Rhyolite tuff,-122.3217,43.707,72.32,0.39,15.08,2.33,0.06,0.41,1.83,3.87,3.67,0.04
2270,Rhyolite tuff,-122.483,44.055,73.78,0.39,14.61,1.92,0.01,0.23,1.66,3.94,3.42,0.04
2271,Rhyolite,-122.3603,44.3389,73.09,0.18,15.35,1.69,0.04,0.1,1.12,4.57,3.86,0.0
2272,Rhyolite tuff,-122.9413,43.2358,75.97,0.12,14.06,1.46,0.06,0.32,1.13,3.59,3.28,0.01
2273,Basaltic andesite,-121.9065,44.7365,54.37,1.37,18.84,8.0,0.13,4.66,8.32,3.44,0.53,0.34
2274,Dacite tuff,-121.958,44.7188,67.29,0.52,19.0,3.39,0.09,5.07,3.03,1.12,0.44,0.05
2275,Dacite tuff,-121.9567,44.7188,62.33,1.2,16.84,5.98,0.11,2.7,4.82,3.92,1.84,0.26
2276,Dacite tuff,-121.9558,44.7187,65.51,0.78,16.81,4.77,0.16,1.98,3.17,3.85,2.84,0.13
2277,Dacite tuff,-121.9544,44.7194,58.63,1.63,17.33,7.43,0.13,3.08,7.49,2.25,1.67,0.36
2278,Dacite tuff,-121.9558,44.7201,70.04,0.39,15.3,2.91,0.06,1.35,2.29,2.8,4.8,0.06
2279,Basaltic andesite,-121.9461,44.7282,55.48,1.13,17.57,7.51,0.16,3.82,7.44,3.79,2.54,0.56
2280,Basaltic andesite,-121.9521,44.7225,53.13,1.41,17.49,8.97,0.14,5.34,9.17,3.38,0.66,0.31
2281,Basaltic andesite,-121.9305,44.7185,54.22,1.47,17.35,8.65,0.14,4.68,8.98,3.54,0.71,0.26
2282,Andesite,-122.26,44.129,60.68,0.9,17.15,5.84,0.11,2.75,5.55,4.83,1.98,0.21
2283,Andesite,-122.265,44.125,60.58,1.52,15.97,7.19,0.13,2.47,6.5,3.76,1.37,0.51
2284,Rhyolite tuff,-122.236,44.147,72.27,0.36,15.32,2.55,0.09,0.38,1.68,4.9,2.34,0.11
2285,Rhyolite tuff,-122.242,44.144,72.53,0.54,13.7,3.57,0.03,1.47,5.27,0.49,2.33,0.07
2286,Rhyolite tuff,-122.276,44.13,71.57,0.51,14.95,3.04,0.05,1.97,4.18,1.46,2.19,0.08
2287,Dacite tuff,-122.285,44.086,66.9,0.66,16.55,3.71,0.09,2.04,4.83,3.0,2.11,0.11
2288,Andesite,-122.24,44.104,56.64,0.91,17.58,6.82,0.13,5.46,8.68,3.1,0.51,0.17
2289,Andesite,-122.193,44.088,58.18,0.9,17.41,6.62,0.12,4.09,7.34,3.95,1.22,0.17
2290,Andesite,-122.189,44.089,62.37,0.88,17.4,5.1,0.1,2.52,5.71,3.63,2.1,0.19
2291,Andesite,-122.211,44.098,58.78,0.85,18.11,6.66,0.09,3.21,6.46,3.92,1.76,0.16
2292,Andesite,-122.21,44.088,59.43,0.84,18.48,6.54,0.15,3.13,5.7,3.79,1.78,0.16
2293,Andesite,-122.272,44.032,58.99,0.95,20.04,5.8,0.12,2.18,6.3,4.23,1.12,0.27
2294,Basaltic andesite,-122.215,44.119,52.42,1.02,16.94,8.6,0.14,7.76,9.05,3.31,0.62,0.14
2295,Basaltic andesite,-122.198,44.118,52.5,1.08,17.16,8.44,0.14,7.52,8.78,3.41,0.79,0.18
2296,Basaltic andesite,-122.214,44.119,54.43,0.92,17.15,7.46,0.13,6.67,9.02,3.3,0.81,0.11
2297,Dacite intrusion,-122.236,44.13,63.56,1.13,15.72,5.72,0.12,2.42,5.23,4.77,1.11,0.22
2298,Andesite,-122.207,44.149,60.2,1.09,17.39,6.17,0.1,3.22,6.73,3.95,0.96,0.19
2299,Basaltic andesite,-122.182,44.092,52.15,1.49,16.53,10.96,0.18,5.39,8.03,3.51,1.11,0.65
2300,Basalt,-122.205,44.08,48.58,2.43,17.13,11.83,0.21,6.46,8.73,3.3,0.63,0.7
2301,Basaltic andesite,-122.204,44.079,54.0,1.27,17.11,9.1,0.17,4.34,7.6,3.87,1.66,0.88
2302,Basalt,-122.195,44.072,48.58,1.49,17.23,11.22,0.2,8.03,9.91,2.47,0.39,0.48
2303,Basalt,-122.181,44.093,48.33,1.36,17.86,11.89,0.18,7.99,9.37,2.32,0.38,0.32
2304,Basaltic andesite tuff and lava,-122.5293,43.8002,56.1,0.65,16.9,7.25,0.16,5.83,9.42,2.57,0.92,0.2
2305,Dacite tuff and lava,-122.5298,43.789,71.22,0.99,14.73,3.98,0.07,0.27,2.66,4.36,1.52,0.2
2306,Dacite,-122.5467,43.7865,71.93,0.86,14.89,1.23,0.11,1.3,3.62,4.22,1.64,0.2
2307,Andesite,-122.6588,43.8222,60.7,1.13,16.16,8.66,0.13,2.03,6.24,3.55,1.06,0.34
2308,Basaltic andesite,-122.5597,43.8115,52.38,1.6,17.5,10.73,0.28,3.99,7.63,4.86,0.61,0.42
2309,Basaltic andesite,-122.5583,43.8125,53.54,1.3,18.17,10.21,0.18,3.65,8.75,3.38,0.52,0.3
2310,Basaltic andesite,-122.559,43.8143,55.87,1.23,16.2,10.03,0.18,3.98,7.94,3.63,0.67,0.27
2311,Andesite,-122.5468,43.812,57.93,1.99,14.65,9.9,0.19,3.32,6.92,4.11,0.63,0.36
2312,Andesite,-122.5445,43.8142,59.58,1.47,15.83,8.14,0.15,2.95,6.4,4.15,0.86,0.47
2313,Andesite,-122.5743,43.7907,58.09,1.19,16.18,9.35,0.17,2.87,7.25,3.91,0.66,0.33
2314,Andesite,-122.5422,43.8192,58.25,1.34,16.81,7.25,0.15,3.29,8.34,3.61,0.66,0.3
2315,Andesite,-122.6232,43.7592,60.24,1.09,17.21,6.6,0.14,2.67,6.65,4.08,1.02,0.3
2316,Andesite,-122.5292,43.8278,68.13,0.86,15.83,3.94,0.09,0.8,3.4,4.74,2.0,0.21
2317,Andesite intrusion,-122.5973,43.8183,62.29,1.45,15.65,6.76,0.15,2.18,5.88,4.14,1.15,0.35
2318,Basalt,-122.6335,43.7658,50.94,1.33,16.12,10.0,0.15,8.26,8.22,3.36,1.24,0.38
2319,Basalt,-122.2723,43.4963,51.87,1.31,16.93,8.92,0.18,6.72,8.39,3.34,1.67,0.67
2320,Basalt,-122.2622,43.484,54.43,1.36,16.58,8.4,0.16,5.37,8.62,3.48,1.05,0.55
2321,Basalt,-122.2568,43.476,53.75,1.09,17.58,8.51,0.18,5.26,8.41,3.57,1.01,0.64
2322,Basalt,-122.2737,43.4737,54.0,1.04,16.61,8.52,0.16,6.63,8.73,3.3,0.68,0.33
2323,Basalt,-122.2668,43.4773,53.18,1.04,17.88,8.49,0.16,5.36,9.06,3.7,0.74,0.39
2324,Basalt,-122.276,43.478,52.52,1.45,17.44,8.96,0.17,6.24,8.65,3.56,0.67,0.34
2325,Basalt,-122.2813,43.4767,55.7,1.15,17.32,7.35,0.15,4.54,8.73,3.48,1.26,0.32
2326,Basalt,-122.277,43.4672,54.32,1.03,17.95,7.89,0.16,5.43,8.68,3.31,0.85,0.38
2327,Basalt,-122.2782,43.515,54.4,0.92,17.8,7.93,0.16,5.3,8.66,3.6,0.84,0.39
2328,Basalt,-122.2618,43.5272,53.61,0.77,17.41,8.77,0.17,6.09,8.53,3.68,0.61,0.36
2329,Basalt,-122.3042,43.5312,51.9,1.33,18.42,8.95,0.18,6.34,8.61,3.29,0.57,0.41
2330,Basalt,-122.2198,43.4557,55.46,1.15,17.5,7.64,0.15,4.93,8.49,3.36,1.05,0.27
2331,Basalt,-122.2613,43.5465,54.69,1.14,17.78,7.61,0.15,4.88,8.88,3.47,1.09,0.31
2332,Basalt,-122.2688,43.5437,55.61,1.06,17.49,8.18,0.13,4.94,7.86,3.32,1.11,0.3
2333,Basalt,-122.2673,43.4912,55.74,1.08,17.21,7.64,0.16,4.51,8.23,3.58,1.29,0.56
2334,Andesite,-122.2196,43.5925,56.3,0.96,18.74,7.12,0.13,4.53,7.71,3.31,0.9,0.3
2335,Andesite,-122.242,43.596,58.22,0.97,19.17,7.13,0.06,3.85,6.8,2.84,0.81,0.15
2336,Andesite,-122.2218,43.595,54.88,0.75,19.78,6.97,0.17,3.9,9.0,3.76,0.62,0.17
2337,Andesite,-122.2437,43.5625,56.95,0.94,19.0,6.63,0.12,4.26,7.72,3.5,0.73,0.15
2338,Andesite,-122.2572,43.5683,56.17,0.96,18.43,6.94,0.12,4.63,8.34,3.57,0.7,0.14
2339,Andesite,-122.2553,43.5675,56.67,0.92,18.35,6.92,0.13,4.44,8.06,3.61,0.75,0.15
2340,Andesite,-122.2625,43.5652,53.85,0.94,20.43,7.04,0.13,3.86,9.29,3.86,0.46,0.14
2341,Andesite,-122.2402,43.5619,57.17,0.63,18.7,6.81,0.12,4.28,7.76,3.65,0.73,0.15
2342,Andesite,-122.2342,43.5685,57.0,0.85,18.5,6.73,0.1,4.37,8.0,3.57,0.74,0.14
2343,Basaltic andesite,-121.9484,44.73,53.91,1.18,17.27,8.52,0.15,5.5,8.62,3.56,0.91,0.38
2344,Basaltic andesite,-121.942,44.73,53.33,1.36,17.08,8.94,0.16,5.98,8.71,3.61,0.51,0.32
2345,Basalt,-121.906,44.7166,51.58,1.27,17.62,8.69,0.16,6.97,9.58,3.25,0.6,0.28
2346,Basaltic andesite,-121.9057,44.7161,52.85,1.17,17.58,8.38,0.15,6.29,9.2,3.4,0.69,0.29
2347,Basaltic andesite,-121.9183,44.748,53.62,1.06,18.13,8.53,0.1,4.92,8.69,3.6,1.07,0.28
2348,Basaltic andesite,-121.9106,44.7397,55.12,1.14,17.99,7.07,0.11,5.03,9.12,3.29,0.92,0.21
2349,Basaltic andesite,-121.922,44.7212,53.52,1.37,17.11,8.72,0.17,4.95,9.48,3.56,0.81,0.31
2350,Basaltic andesite,-121.9235,44.7177,51.34,1.37,17.76,8.95,0.15,7.1,9.45,3.23,0.39,0.26
2351,Basaltic andesite,-121.909,44.7379,55.69,1.65,17.0,8.49,0.17,3.31,7.21,4.13,1.71,0.64
2352,Basaltic andesite,-121.9157,44.7433,52.68,1.21,18.28,8.67,0.16,5.58,9.56,3.07,0.57,0.22
2353,Andesite intrusion,-121.9246,44.7182,58.77,1.13,17.05,7.22,0.14,2.84,6.04,4.65,1.62,0.54
2354,Rhyolite,-122.1772,43.641,73.31,0.14,15.5,1.49,0.03,0.18,1.37,4.73,3.2,0.05
2355,Rhyolite,-122.1468,43.631,73.85,0.13,15.07,1.55,0.06,0.13,1.21,4.44,3.2,0.36
2356,Rhyolite,-122.1445,43.6345,74.2,0.14,14.94,1.46,0.05,0.2,1.2,4.7,3.06,0.05
2357,Basaltic andesite,-122.2422,43.6762,54.98,0.89,18.64,7.32,0.14,4.58,9.12,3.43,0.73,0.17
2358,Basaltic andesite,-122.197,43.6393,55.94,1.38,17.48,7.73,0.2,4.42,8.26,3.61,0.54,0.44
2359,Basaltic andesite,-122.161,43.6547,57.96,0.9,18.89,6.74,0.11,2.36,7.21,4.37,1.26,0.2
2360,Basaltic andesite,-122.274,43.7193,53.19,1.14,18.19,8.21,0.14,5.92,8.41,3.75,0.81,0.24
2361,Basaltic andesite,-122.153,43.7188,52.76,1.23,16.96,8.69,0.16,6.97,8.33,3.35,1.21,0.34
2362,Basaltic andesite,-122.1535,43.7178,53.03,1.32,17.77,8.92,0.15,4.8,7.82,4.04,1.3,0.85
2363,Basaltic andesite,-122.154,43.7172,55.15,1.09,18.49,7.81,0.15,4.47,7.8,3.75,0.82,0.47
2364,Basaltic andesite,-122.1545,43.7165,53.84,1.33,17.89,8.47,0.14,4.63,7.31,4.03,1.5,0.86
2365,Andesite,-122.0893,43.6917,63.11,0.71,17.23,5.14,0.1,2.1,4.72,4.61,2.07,0.21
2366,Andesite,-122.2402,43.7403,57.6,1.21,18.44,7.06,0.11,3.41,6.87,3.75,1.24,0.31
2367,Andesite,-122.1125,43.7452,60.77,0.81,17.61,5.66,0.11,3.01,5.59,4.44,1.77,0.23
2368,Andesite,-122.2432,43.7122,61.75,1.02,17.84,6.25,0.14,2.68,5.47,4.06,0.57,0.22
2369,Basalt,-122.1512,43.7218,51.26,1.66,18.05,9.41,0.17,5.47,9.55,3.62,0.46,0.35
2370,Basalt,-122.1508,43.7208,51.26,1.28,17.49,9.34,0.17,7.03,8.88,3.52,0.67,0.36
2371,Basalt,-122.1512,43.7203,51.56,1.23,17.31,9.38,0.17,6.69,9.15,3.45,0.77,0.29
2372,Basalt,-122.1518,43.7198,51.96,1.24,16.89,8.82,0.16,7.52,8.78,3.45,0.82,0.36
2373,Basalt,-122.2182,43.7023,51.89,1.38,17.44,9.24,0.18,7.06,8.45,3.4,0.66,0.3
2374,Basalt,-122.1812,43.7005,51.35,1.33,17.46,8.66,0.17,7.12,9.7,3.19,0.64,0.38
2375,Basaltic andesite,-122.1642,43.6898,52.21,1.3,18.17,8.75,0.16,5.54,9.09,3.81,0.65,0.32
2376,Basalt,-122.2317,43.6104,53.11,1.13,17.48,8.5,0.16,5.91,8.44,3.74,1.05,0.48
2377,Basaltic andesite,-122.174,43.5864,52.72,1.25,17.79,8.88,0.18,5.23,8.65,3.79,0.94,0.57
2378,Basalt,-122.2183,43.5709,49.19,1.9,15.94,10.72,0.17,7.58,9.5,3.17,1.27,0.56
2436,Basalt,-122.1219,43.9743,48.57,1.26,17.63,10.26,0.17,8.29,10.28,2.9,0.43,0.21
2437,Andesite,-122.2582,43.5163,49.08,1.61,16.61,11.04,0.17,7.4,9.3,3.44,0.95,0.4
2438,Basalt,-122.0084,43.9618,50.04,1.73,17.07,9.81,0.17,6.89,9.64,3.52,0.73,0.4
2439,Basalt,-122.2304,43.5292,50.3,1.63,16.35,9.93,0.17,6.87,9.28,3.52,1.4,0.55
2440,Andesite intrusion?,-122.1907,43.6683,50.62,1.35,17.38,9.27,0.15,7.31,9.22,3.3,1.03,0.37
2441,Basalt intrusion?,-122.2335,43.823,50.92,1.46,16.54,9.79,0.15,7.74,9.14,3.19,0.81,0.26
2442,Basalt,-122.1418,43.9483,51.11,1.73,16.2,11.03,0.19,5.95,8.33,3.69,1.15,0.62
2443,Basalt,-122.0267,43.9445,51.0,1.3,18.97,8.94,0.15,5.84,9.23,3.66,0.62,0.29
2444,Basalt,-122.152,43.7195,51.31,1.22,17.65,9.14,0.14,6.65,8.92,3.41,1.05,0.51
2445,Basalt,-122.2292,43.6968,51.34,1.35,16.95,9.37,0.16,7.46,8.85,3.57,0.68,0.27
2446,Basalt,-122.2245,43.5354,51.25,1.12,17.0,7.9,0.13,6.78,9.41,3.45,2.38,0.58
2447,Basalt,-122.1517,43.7198,51.35,1.3,17.04,9.01,0.15,7.58,8.85,3.53,0.84,0.35
2448,Basalt,-122.2865,43.8182,51.73,1.11,18.25,8.5,0.15,6.78,9.62,3.33,0.34,0.19
2449,Basaltic andesite,-122.1372,43.9448,52.8,1.27,16.96,8.93,0.15,6.86,8.28,3.51,0.9,0.34
2450,Basaltic andesite,-122.1076,43.9336,52.88,1.4,18.05,9.25,0.16,4.6,7.9,3.68,1.43,0.65
2451,Basaltic andesite,-122.058,43.9491,54.0,1.09,17.79,7.3,0.12,5.32,8.32,3.94,1.76,0.36
2452,Basaltic andesite,-122.168,43.9193,54.26,1.35,17.18,8.99,0.13,4.19,7.25,4.16,1.64,0.85
2453,Basaltic andesite,-122.0731,43.8882,54.33,1.18,17.92,8.25,0.15,4.42,7.73,3.84,1.59,0.59
2454,Basaltic andesite,-122.247,43.7175,54.32,0.89,19.09,8.08,0.14,5.08,7.92,3.7,0.66,0.12
2455,Basaltic andesite,-122.1025,43.9025,54.41,1.31,17.66,8.57,0.15,4.1,7.65,3.91,1.67,0.57
2457,Basaltic andesite,-122.1807,43.9412,54.78,1.18,18.31,8.02,0.15,4.62,7.27,4.3,1.05,0.32
2458,Andesite,-122.1227,43.9799,58.09,1.02,17.34,7.1,0.12,3.35,6.54,4.25,1.65,0.54
2459,Basalt,-122.341,43.452,49.17,1.32,16.13,11.44,0.17,7.95,9.99,2.96,0.65,0.22
2460,Basalt,-122.3567,43.0077,49.9,1.64,16.77,10.89,0.18,6.71,9.33,3.23,0.91,0.44
2461,Basalt,-122.2518,43.75,51.09,1.21,18.04,9.19,0.14,6.3,10.29,3.06,0.52,0.16
2462,Basalt,-122.315,43.4332,51.2,1.32,17.21,9.6,0.15,7.64,8.75,3.47,0.5,0.16
2463,Basalt,-122.275,43.4885,51.61,1.32,17.91,9.32,0.15,5.75,8.87,3.56,0.93,0.58
2464,Basalt,-122.2323,43.4023,51.68,1.03,17.32,8.87,0.13,8.31,8.69,3.18,0.63,0.16
2465,Basalt,-122.2015,43.294,51.84,1.09,18.08,8.26,0.12,6.1,8.15,4.45,1.48,0.43
2466,Basaltic andesite,-122.3298,43.5467,52.06,1.34,17.43,9.01,0.14,6.74,8.81,3.52,0.68,0.27
2467,Basaltic andesite,-122.315,43.5628,52.51,1.33,17.61,9.17,0.15,6.63,8.24,3.46,0.66,0.24
2468,Basaltic andesite,-122.2892,43.3942,52.54,1.36,17.69,8.41,0.13,5.43,9.37,3.59,1.09,0.39
2469,Basaltic andesite,-122.2872,43.7495,52.77,1.31,17.55,9.16,0.15,5.54,8.67,3.65,0.91,0.29
2470,Basaltic andesite,-122.145,43.5943,52.87,1.37,16.58,8.37,0.13,6.32,8.56,3.84,1.42,0.54
2471,Basaltic andesite,-122.1785,43.3273,52.95,1.12,18.04,7.96,0.13,5.94,8.3,3.87,1.36,0.33
2472,Basaltic andesite,-122.143,43.7048,53.8,1.06,17.72,8.0,0.13,5.83,8.25,3.73,1.22,0.26
2473,Basaltic andesite,-122.294,43.235,54.18,1.3,17.36,8.92,0.16,4.28,7.29,3.88,1.85,0.78
2474,Basaltic andesite,-122.3388,43.5945,54.21,1.29,17.44,8.44,0.15,4.95,8.17,3.52,1.33,0.5
2475,Basaltic andesite,-122.2948,43.4757,54.55,1.21,17.2,8.21,0.14,5.48,8.07,3.36,1.41,0.37
2476,Basaltic andesite,-122.313,43.2377,54.54,1.07,18.46,7.77,0.12,4.39,8.0,4.18,1.22,0.25
2477,Basaltic andesite,-122.1558,43.716,55.14,1.08,17.96,7.75,0.14,4.86,8.03,3.71,0.94,0.39
2478,Basaltic andesite,-122.2267,43.2893,55.49,0.89,18.35,6.86,0.1,5.41,7.88,3.97,0.88,0.17
2479,Basaltic andesite,-122.3267,43.7597,56.35,1.2,17.69,7.79,0.13,3.95,7.33,3.96,1.3,0.3
2480,Basaltic andesite,-122.2545,43.1897,56.35,1.1,17.82,7.12,0.12,4.3,7.66,4.11,1.02,0.4
2481,Andesite,-122.1997,43.7731,58.83,0.77,18.41,5.99,0.1,3.5,7.31,3.93,0.93,0.23
2482,Andesite,-122.2498,43.2973,62.42,1.18,16.78,5.95,0.13,1.46,4.17,5.18,2.31,0.42
2483,Dacite,-122.2692,43.5872,53.1,1.19,18.74,8.33,0.12,4.96,8.99,3.49,0.87,0.21
2484,Andesite,-122.279,43.8675,54.14,1.18,18.43,7.35,0.12,5.31,9.08,3.33,0.81,0.25
2485,Basaltic andesite,-122.2868,43.8283,54.55,1.1,18.25,7.1,0.12,5.3,8.91,3.48,0.9,0.29
2486,Andesite,-122.2648,43.865,55.1,1.05,18.59,7.12,0.12,4.64,8.88,3.5,0.76,0.24
2487,Andesite,-122.2475,43.7702,55.48,1.23,19.35,7.24,0.12,2.88,8.23,3.96,1.2,0.31
2488,Andesite,-122.259,43.7187,56.31,1.38,17.21,7.83,0.13,4.49,7.41,3.52,1.37,0.35
2489,Andesite,-122.2398,43.56,56.39,0.94,18.9,6.76,0.1,4.18,8.15,3.63,0.81,0.14
2490,Andesite,-122.259,43.7177,56.76,1.11,17.86,7.47,0.12,4.01,7.51,3.81,1.09,0.26
2491,Andesite,-122.2012,43.879,57.28,0.94,18.97,6.22,0.11,4.24,7.86,3.66,0.55,0.17
2492,Andesite,-122.12,43.9692,57.32,0.95,18.56,6.39,0.12,3.72,7.29,4.39,1.04,0.22
2493,Andesite,-122.1848,43.7247,57.65,1.05,18.02,6.8,0.11,3.62,7.54,3.64,1.23,0.34
2494,Andesite,-122.2326,43.8726,58.36,0.86,16.87,6.02,0.09,5.58,7.36,3.74,0.97,0.15
2495,Andesite,-122.213,43.909,59.04,1.13,17.97,7.13,0.11,2.37,6.35,4.21,1.49,0.2
2496,Andesite,-122.2233,43.9575,59.3,1.5,16.48,8.02,0.14,2.11,5.68,4.84,1.61,0.31
2497,Andesite,-122.2333,43.742,59.24,1.06,17.5,7.02,0.12,3.27,6.02,4.04,1.56,0.17
2498,Andesite,-122.2792,43.7335,59.36,1.04,17.62,6.86,0.11,2.94,6.21,4.14,1.52,0.2
2499,Dacite,-122.224,43.6073,59.5,1.01,17.81,6.95,0.12,2.61,6.08,4.44,1.21,0.27
2500,Andesite,-122.324,43.84,59.95,0.69,18.78,5.09,0.11,2.98,7.68,3.79,0.76,0.17
2501,Andesite,-122.2547,43.7227,60.62,1.01,17.29,6.65,0.11,2.77,5.52,4.14,1.68,0.21
2502,Andesite,-122.2585,43.7202,59.36,1.04,17.62,6.86,0.11,2.94,6.21,4.14,1.52,0.2
2503,Andesite,-122.3192,43.3895,61.55,0.85,17.78,5.84,0.09,2.58,5.87,3.73,1.56,0.15
2504,Andesite,-122.1964,43.8075,61.76,0.76,17.03,5.83,0.1,2.78,6.22,3.82,1.41,0.29
2505,Andesite,-122.1827,43.6673,62.27,0.87,18.06,5.74,0.1,2.3,4.82,3.72,1.93,0.2
2506,Andesite,-122.1978,43.6715,64.14,0.81,16.26,5.41,0.09,2.23,4.62,4.1,2.13,0.21
2507,Andesite,-122.1795,43.8736,65.34,0.54,17.5,3.63,0.06,1.75,5.66,4.36,1.03,0.13
2508,Andesite,-122.1721,43.6099,67.41,0.59,15.72,4.28,0.05,1.6,3.74,4.18,2.28,0.15
2509,Basaltic andesite,-122.2264,45.5323,53.32,1.98,18.77,8.98,0.15,5.22,9.06,1.92,0.44,0.16
2510,Basaltic andesite,-122.2279,45.5367,53.48,1.2,18.1,8.25,0.2,5.63,9.33,3.02,0.57,0.22
2511,Basaltic andesite,-122.2376,45.5374,53.86,1.2,18.47,8.51,0.16,5.59,9.03,2.55,0.46,0.17
2512,Basaltic andesite,-122.2281,45.5324,53.92,1.25,18.06,8.79,0.15,5.41,9.22,2.56,0.46,0.18
2513,Basaltic andesite,-122.2097,45.5411,55.63,1.11,18.36,8.03,0.13,5.01,8.58,2.2,0.78,0.17
2514,Andesite,-122.2377,45.5374,57.57,0.99,18.22,7.13,0.19,4.35,7.99,2.01,1.35,0.2
2515,Dacite,-122.2167,45.5375,66.19,0.88,17.01,4.46,0.22,1.35,2.88,4.19,2.58,0.24
2516,Basaltic andesite,-122.985,44.4367,53.83,1.87,15.23,10.93,0.29,4.33,8.81,3.3,1.16,0.25
2517,Andesite,-122.8825,44.5342,57.85,1.37,15.98,8.05,0.28,3.62,7.79,3.51,1.31,0.24
2518,Basaltic andesite,-122.675,44.4683,52.68,1.3,19.08,9.91,0.28,3.13,9.88,3.14,0.46,0.14
2519,Andesite,-122.6467,44.5683,57.83,1.73,14.72,10.3,0.28,3.04,6.84,3.95,0.98,0.33
2520,Basalt,-122.2883,44.5417,50.91,1.43,17.7,9.33,0.23,6.2,9.2,3.96,0.72,0.32
2521,Basalt,-122.72,44.0917,50.18,1.42,19.29,10.2,0.27,4.71,11.01,2.44,0.3,0.18
2522,Basalt,-122.708,44.725,51.63,1.69,19.19,9.56,0.27,3.67,10.15,3.02,0.52,0.3
2523,Basaltic andesite,-122.7483,44.6908,56.53,2.14,14.01,11.17,0.27,3.5,7.09,3.23,1.78,0.28
2524,Basaltic andesite,-122.545,44.6908,52.97,1.95,15.63,12.37,0.3,4.34,8.42,3.18,0.57,0.27
2525,Basalt,-122.855,44.0683,51.22,1.67,16.12,9.43,0.27,7.69,10.48,2.45,0.43,0.24
2526,Basalt,-122.7767,44.1692,51.76,1.47,19.08,9.97,0.28,3.6,10.38,2.91,0.34,0.21
2528,Basalt,-122.715,44.287,51.76,1.96,17.11,11.51,0.31,4.27,9.55,3.03,0.22,0.28
2529,Basaltic andesite,-122.74,44.1675,52.15,1.59,19.02,10.38,0.27,3.07,9.96,2.88,0.46,0.22
2530,Basalt,-122.665,44.278,50.96,1.36,20.48,8.91,0.25,3.68,11.33,2.45,0.37,0.21
2531,Basalt,-122.6483,44.2983,51.48,2.06,15.45,12.69,0.31,5.17,9.04,2.96,0.57,0.27
2532,Basalt,-122.641,44.303,51.25,1.69,19.19,9.89,0.27,3.63,10.6,2.99,0.21,0.28
2533,Basalt,-122.645,44.3058,51.84,1.52,18.4,10.23,0.25,3.89,10.09,3.36,0.2,0.22
2534,Basalt,-122.785,44.3483,51.44,2.64,14.61,13.03,0.48,4.04,8.59,3.72,0.45,1.0
2535,Andesite,-122.2583,44.055,61.91,0.95,14.31,6.22,0.18,3.56,6.89,4.08,1.68,0.22
2536,Basaltic andesite,-122.315,44.68,54.11,1.14,18.34,7.15,0.21,5.26,9.29,3.47,0.74,0.29
2537,Basaltic andesite,-122.4517,44.6933,55.11,1.39,16.95,8.69,0.24,4.28,8.13,3.7,0.91,0.6
2539,Basaltic andesite,-122.481,44.699,53.65,1.26,16.68,8.78,0.23,6.07,8.74,3.36,0.72,0.51
2540,Basaltic andesite,-122.333,44.759,59.71,0.87,17.25,6.09,0.19,3.26,7.13,3.53,1.75,0.22
2541,Basalt,-122.622,44.376,52.29,2.88,13.36,13.7,0.32,4.62,8.07,3.08,1.2,0.48
2542,Basaltic andesite,-122.3783,44.7617,54.1,1.08,15.77,7.51,0.2,6.66,9.49,3.01,1.73,0.45
2543,Andesite,-122.2783,44.0283,61.22,0.95,15.92,5.93,0.17,3.25,6.26,3.82,2.29,0.19
2544,Basalt,-122.761,44.094,50.31,1.34,17.98,10.99,0.29,5.69,10.74,2.29,0.23,0.14
2545,Basalt,-122.7617,44.0967,49.95,1.33,18.1,11.37,0.31,5.68,10.7,2.22,0.21,0.13
2546,Basaltic andesite,-122.9995,43.3313,53.08,1.48,16.43,9.9,0.27,4.73,10.33,3.0,0.54,0.24
2547,Basalt,-122.854,43.2752,51.38,1.27,18.6,9.69,0.28,4.75,10.54,2.77,0.5,0.22
2548,Basaltic andesite,-122.7382,43.3152,56.82,1.6,15.34,10.28,0.24,3.36,7.93,3.32,0.87,0.24
2549,Andesite,-122.5333,43.38,59.73,1.16,15.91,6.9,0.22,3.23,7.11,3.88,1.53,0.33
2550,Basalt,-122.51,43.5367,50.7,1.01,18.12,9.13,0.25,6.58,11.17,2.26,0.59,0.19
2551,Basalt,-122.7242,43.7112,51.94,1.53,18.32,10.46,0.26,4.32,9.61,3.13,0.22,0.21
2552,Basaltic andesite,-122.6155,43.7555,54.61,0.92,18.52,7.16,0.19,5.02,9.78,2.8,0.81,0.19
2553,Basaltic andesite,-122.3497,43.5533,53.71,1.16,17.12,8.24,0.21,6.15,8.61,3.57,0.86,0.37
2554,Basaltic andesite,-122.248,43.769,55.46,1.21,19.36,7.13,0.18,3.09,7.92,4.06,1.26,0.33
2555,Basalt,-122.5067,43.8917,49.23,1.29,16.48,9.1,0.24,8.91,10.16,3.19,0.94,0.46
2556,Rhyolite tuff,-122.599,43.9005,71.36,0.36,13.57,4.24,0.22,0.25,2.04,5.14,2.74,0.08
2557,Andesite,-122.8502,43.3078,62.35,0.82,16.31,5.58,0.17,3.03,6.93,3.46,1.18,0.17
2558,Andesite,-122.7953,43.3245,61.51,0.94,16.08,6.23,0.17,3.34,6.61,3.1,1.84,0.18
2560,Basaltic andesite,-122.4783,43.31,57.37,1.49,16.27,8.28,0.22,3.6,7.48,4.19,0.79,0.31
2561,Basalt,-122.4,43.3833,52.46,1.21,17.54,8.59,0.23,6.58,8.65,3.61,0.68,0.45
2563,Basalt,-122.4567,43.15,51.94,1.37,17.07,9.49,0.26,5.78,8.58,3.88,1.07,0.56
2564,Dacite tuff,-122.6275,43.1673,66.98,1.29,13.08,6.05,0.25,1.6,4.85,4.31,1.27,0.32
2565,Basalt,-122.7298,43.2655,51.52,1.1,18.01,8.57,0.28,6.56,11.06,2.24,0.48,0.18
2566,Dacite tuff?,-122.7673,43.2352,67.47,0.96,14.33,5.15,0.21,1.27,4.21,4.54,1.66,0.2
2567,Basaltic andesite,-122.8098,43.2002,54.31,1.35,17.63,9.26,0.24,4.41,9.57,2.81,0.18,0.24
2568,Basaltic andesite,-121.987,44.851,55.2,1.94,15.95,10.16,0.17,3.71,7.53,3.39,1.62,0.33
2569,Basalt,-121.932,44.769,50.55,1.22,16.99,9.11,0.14,6.8,9.83,3.55,1.37,0.44
2570,Andesite,-121.976,44.846,59.25,0.95,17.89,5.66,0.1,3.51,7.23,4.11,1.17,0.13
2571,Andesite,-121.971,44.847,60.14,0.94,17.68,5.89,0.09,3.49,6.22,4.06,1.32,0.17
2572,Andesite,-121.999,44.983,60.87,0.85,18.18,5.48,0.1,2.93,6.8,3.56,1.1,0.13
2573,Andesite,-121.968,44.918,61.32,0.89,17.07,5.74,0.09,3.35,6.56,3.69,1.18,0.11
2574,Andesite,-121.965,44.846,62.26,0.92,17.23,5.67,0.07,2.27,5.94,4.14,1.39,0.11
2575,Andesite intrusion,-121.965,44.964,62.79,0.62,17.87,5.43,0.11,1.93,5.51,4.5,1.1,0.14
2576,Dacite,-121.977,44.994,63.27,0.78,16.54,5.37,0.08,2.53,5.63,4.06,1.57,0.17
2577,Dacite,-121.958,44.904,63.42,0.74,16.88,4.65,0.07,3.04,5.81,3.98,1.32,0.09
2578,Dacite dike,-121.986,45.001,64.21,0.66,16.99,4.44,0.07,2.5,5.52,4.4,1.1,0.11
2579,Dacite sill,-121.984,44.948,64.84,0.66,16.12,4.79,0.09,2.4,5.33,4.19,1.45,0.13
2580,Basalt,-121.957,44.837,50.81,0.79,16.13,9.03,0.16,8.85,11.6,2.51,0.03,0.09
2581,Basalt,-121.974,44.976,53.26,1.43,17.67,8.67,0.13,4.62,8.4,3.9,1.32,0.6
2582,Basaltic andesite,-121.959,44.862,54.09,1.21,17.88,7.59,0.12,5.69,8.6,3.59,0.84,0.39
2583,Basaltic andesite,-121.9,44.81,54.11,1.31,16.91,8.75,0.15,5.11,8.14,3.93,1.01,0.58
2584,Basaltic andesite,-121.975,44.941,55.03,1.09,16.89,7.64,0.14,5.94,8.7,3.4,0.88,0.29
2585,Basaltic andesite,-121.889,44.803,56.24,1.09,17.29,6.97,0.12,5.38,7.81,4.07,0.76,0.27
2586,Basaltic andesite,-121.881,44.986,57.05,1.37,17.26,7.86,0.1,3.56,7.27,3.94,1.37,0.22
2587,Basaltic andesite,-121.835,44.984,57.33,1.16,17.3,7.74,0.12,3.54,7.22,3.95,1.27,0.37
2588,Basaltic andesite,-121.934,44.851,57.43,1.1,17.12,7.06,0.12,4.47,7.42,4.1,0.9,0.28
2589,Basaltic andesite,-121.93,44.994,57.65,1.22,17.87,7.06,0.1,3.51,6.87,4.18,1.27,0.27
2590,Basaltic andesite,-121.9,44.939,58.3,0.77,17.25,6.98,0.1,4.45,7.36,3.59,1.08,0.12
2591,Basaltic andesite,-121.944,44.885,58.85,1.04,18.1,7.01,0.11,3.86,7.18,3.2,0.49,0.16
2592,Andesite,-121.838,44.947,62.4,1.25,15.52,7.27,0.11,1.63,4.57,4.38,2.53,0.34
2593,Andesite,-121.9083,45.3456,59.39,0.98,16.94,5.93,0.11,3.87,7.48,4.1,1.05,0.15
2594,Andesite ,-121.9114,45.3426,59.22,0.78,16.85,7.02,0.07,3.79,7.86,3.64,0.61,0.16
2595,Andesite,-121.9034,45.3477,60.01,0.83,17.16,6.41,0.1,3.23,6.96,4.01,1.12,0.17
2596,Basaltic andesite,-121.6733,45.2673,53.78,1.38,16.43,8.38,0.15,6.17,9.63,3.34,0.54,0.2
2597,Basaltic andesite,-121.7043,45.2748,54.47,1.34,16.31,8.6,0.13,5.39,8.69,3.66,1.15,0.26
2598,Andesite,-121.7935,45.2752,58.69,0.93,15.52,7.75,0.13,4.04,7.87,3.68,1.19,0.2
2599,Andesite,-121.7917,45.2733,58.77,0.89,16.59,7.29,0.12,3.75,7.61,3.87,0.92,0.19
2600,Andesite,-121.8832,45.3441,58.71,1.04,16.69,7.24,0.1,3.75,7.31,3.66,1.34,0.16
2601,Andesite,-121.7777,45.2953,62.0,1.2,15.88,6.35,0.09,2.01,5.4,4.67,2.09,0.31
2602,Andesite,-121.8608,45.3143,59.35,0.85,17.15,6.3,0.12,3.69,7.48,3.9,0.97,0.19
2603,Andesite,-121.8895,45.3145,58.72,0.82,17.76,6.65,0.11,3.48,7.27,3.97,1.06,0.16
2604,Andesite,-121.82,45.4838,56.63,1.31,17.14,7.93,0.11,4.16,7.6,3.63,1.26,0.23
2605,Andesite,-121.7652,45.4955,57.93,1.4,16.26,8.37,0.13,3.05,6.4,4.32,1.72,0.42
2606,Andesite,-121.7925,45.4682,60.07,0.83,16.94,6.42,0.09,3.04,6.75,3.99,1.72,0.15
2607,Andesite,-121.8407,45.4975,60.98,0.94,15.83,6.7,0.08,3.04,6.6,3.87,1.76,0.2
2608,Andesite,-121.8008,45.4278,61.25,0.76,16.77,5.94,0.09,2.93,6.67,4.04,1.4,0.15
2609,Intrusion,-121.8543,45.3848,62.06,0.67,16.75,5.28,0.07,2.88,6.8,4.1,1.26,0.13
2610,Intrusion,-121.832,45.3923,61.9,0.65,16.75,5.34,0.06,2.9,6.94,4.06,1.27,0.13
2611,Intrusion,-121.7925,45.2698,59.69,0.77,15.67,7.56,0.1,3.65,7.52,4.26,0.61,0.17
2612,Intrusion,-121.847,45.2683,61.63,0.88,15.14,6.93,0.16,2.94,6.63,3.71,1.78,0.2
2613,Intrusion,-121.82,45.303,62.63,0.98,15.02,6.61,0.07,2.18,5.59,4.48,2.25,0.19
2614,Intrusion,-121.82,45.303,68.08,0.72,14.77,4.09,0.02,0.82,3.27,4.11,4.03,0.09
2615,Intrusion,-121.8177,45.2722,74.71,0.3,12.95,1.99,0.01,0.3,1.61,3.94,4.14,0.05
2616,Andesite,-121.814,45.3973,58.82,0.84,19.75,6.58,0.12,2.86,7.35,3.25,0.29,0.14
2617,Andesite,-121.814,45.3973,60.56,0.85,19.97,5.08,0.17,2.53,6.99,3.31,0.39,0.15
2618,Dacite,-121.814,45.3973,63.95,0.76,17.94,5.24,0.07,2.06,5.0,3.51,1.26,0.21
2619,Andesite,-121.8132,45.397,60.01,0.86,17.73,6.61,0.15,3.29,7.09,3.22,0.88,0.16
2620,Basaltic andesite,-121.8117,45.3968,56.21,0.99,19.17,7.69,0.09,3.62,7.91,3.28,0.87,0.17
2621,Andesite,-121.832,45.3932,59.37,0.86,17.98,6.89,0.13,3.33,7.27,3.19,0.82,0.16
2622,Dacite,-121.8303,45.394,64.09,0.62,17.58,4.56,0.08,2.61,5.95,3.35,1.03,0.13
2623,Dacite,-121.8302,45.3947,63.91,0.61,17.56,5.01,0.08,2.59,5.75,3.3,1.07,0.12
2624,Dacite,-121.8258,45.395,63.41,0.91,17.83,4.8,0.12,2.05,6.01,2.24,2.52,0.11
2625,Dacite,-121.8257,45.3945,64.75,0.67,18.08,4.63,0.07,2.38,5.03,3.03,1.24,0.12
2626,Andesite,-121.8253,45.394,62.73,0.78,17.94,5.97,0.1,2.87,5.55,3.35,0.52,0.19
2627,Dacite,-121.825,45.3935,65.34,0.69,18.61,3.76,0.09,1.2,5.05,3.84,1.26,0.16
2628,Andesite,-121.8243,45.3925,59.38,0.85,19.71,6.44,0.13,3.61,6.23,3.34,0.18,0.13
2629,Andesite,-121.824,45.307,60.73,1.06,16.87,7.17,0.1,3.37,5.88,3.33,1.26,0.23
2630,Andesite,-121.8295,45.3952,60.2,1.03,17.02,6.84,0.1,3.84,6.51,3.11,1.17,0.18
2631,Andesite,-121.8262,45.3955,57.33,1.0,19.15,6.95,0.09,3.88,7.34,3.16,0.92,0.18
2632,Andesite,-121.8312,45.3973,59.03,1.0,17.76,7.16,0.1,3.55,7.02,3.12,1.05,0.21
2633,Andesite,-121.8113,45.3973,59.94,1.0,17.6,6.47,0.12,3.62,6.53,3.36,1.18,0.18
2634,Andesite,-121.8108,45.3982,61.32,0.84,18.33,6.15,0.08,2.81,5.99,3.02,1.32,0.14
2635,Andesite,-121.8095,45.3982,58.79,0.92,20.37,5.87,0.1,2.34,6.69,3.55,1.18,0.19
2636,Andesite,-121.807,45.3968,58.67,1.06,18.62,7.64,0.15,2.71,6.32,3.64,0.88,0.31
2637,Andesite,-121.8058,45.3992,58.92,0.87,18.26,6.83,0.13,3.51,6.91,3.43,0.97,0.17
2638,Andesite,-121.8077,45.3993,59.92,0.86,17.76,6.89,0.12,3.26,6.86,3.19,0.98,0.16
2639,Andesite,-121.8093,45.399,61.29,0.83,18.22,5.99,0.09,2.83,5.95,3.47,1.15,0.18
2640,Rhyolite tuff,-122.7941,42.4738,75.56,0.28,14.16,1.9,0.04,0.63,2.88,2.23,2.28,0.04
2641,Andesite,-122.8201,42.4704,58.12,1.19,18.14,8.08,0.12,2.23,7.38,3.3,1.22,0.21
2642,Andesite,-122.8922,42.4653,57.81,1.35,17.33,7.04,0.15,2.76,5.92,4.6,2.41,0.63
2643,Andesite,-122.8921,42.465,57.59,1.34,17.43,7.11,0.14,2.92,6.05,4.61,2.21,0.6
2644,Basalt dike,-122.8904,42.2795,52.51,0.66,13.84,9.12,0.19,11.53,9.75,1.68,0.61,0.13
2645,Basalt plug,-122.7832,42.3524,50.94,0.69,14.34,9.33,0.17,12.4,10.08,1.57,0.37,0.11
2646,Andesite,-122.7787,42.3448,54.03,1.17,16.08,11.72,0.23,4.41,8.63,2.73,0.85,0.14
2647,Andesite,-122.7823,42.4143,53.14,1.16,17.06,12.12,0.22,3.92,8.98,2.87,0.39,0.14
2648,Andesite,-122.6,44.6,58.38,1.63,15.19,9.16,0.12,2.78,6.73,3.5,2.18,0.33
2649,Andesite,-122.61,43.5917,54.28,1.06,17.4,8.86,0.15,5.22,9.78,2.32,0.73,0.2
2650,Andesite,-122.3524,44.2216,55.05,1.3,16.7,8.82,0.13,4.53,8.92,3.51,0.81,0.23
2651,Andesite,-122.6531,43.5729,56.52,1.49,15.95,9.15,0.14,4.25,7.78,3.15,1.43,0.14
2652,Andesite,-122.6335,43.5729,64.33,0.97,15.43,6.16,0.1,2.25,3.93,4.29,2.32,0.22
2653,Rhyolite,-122.6637,43.581,71.6,0.45,14.08,3.22,0.07,0.65,2.76,3.77,3.31,0.09
2654,Diorite,-122.6531,43.5729,54.06,1.16,17.82,8.38,0.17,5.19,9.03,3.14,0.75,0.3
2655,Quartz diorite,-122.633,43.6077,60.69,1.15,15.79,7.4,0.17,3.21,6.27,3.71,1.36,0.25
2656,Dacite intrusion,-122.6495,43.5722,64.06,0.75,16.21,5.69,0.06,2.85,4.77,3.64,1.65,0.32
2657,Granodiorite,-122.6335,43.5873,64.23,0.84,15.64,5.46,0.11,2.86,5.21,3.49,1.91,0.25
2658,Granodiorite,-122.6303,43.5792,65.78,0.75,15.39,4.96,0.09,2.24,4.74,3.66,2.1,0.29
2659,Granodiorite,-122.6348,43.6105,66.73,0.82,14.51,5.13,0.18,2.18,4.19,3.6,2.46,0.2
2660,Aplite,-122.6303,43.5792,72.0,0.51,12.84,3.46,0.06,1.31,2.7,2.5,4.22,0.4
2661,Granite,-122.421,44.114,71.76,0.0,13.59,3.68,0.03,0.53,1.52,4.76,4.1,0.03
2662,Andesite,-122.939,42.749,60.64,1.37,16.54,7.49,0.13,1.87,6.77,3.14,1.78,0.27
2663,Andesite,-122.927,42.67,58.1,1.53,15.54,9.66,0.22,2.9,7.0,3.66,1.1,0.29
2664,Andesite,-122.893,42.676,58.62,0.86,16.65,7.38,0.17,4.25,7.65,2.98,1.29,0.15
2665,Andesite,-122.904,42.688,58.93,1.63,15.53,9.78,0.17,1.97,6.52,3.62,1.52,0.33
2666,Gabbro,-122.925,42.728,52.33,1.14,19.22,9.2,0.16,3.84,10.18,3.07,0.68,0.18
2667,Andesite,-122.876,42.724,55.32,2.13,15.31,11.38,0.21,3.47,7.59,3.08,1.16,0.35
2668,Andesite,-122.874,42.73,56.36,1.31,16.8,9.65,0.16,3.18,7.48,3.64,1.21,0.21
2669,Basalt,-122.94,44.729,52.29,1.14,17.79,8.17,0.15,6.84,8.91,3.39,0.78,0.53
2670,Basalt,-121.989,44.674,54.76,1.18,18.22,7.9,0.14,4.63,8.11,3.47,0.93,0.66
2671,Basalt,-122.044,44.622,55.11,1.19,18.14,7.86,0.22,4.32,7.58,3.72,1.19,0.66
2672,Andesite,-121.951,44.718,59.76,1.57,15.99,7.46,0.15,2.43,5.59,4.72,1.6,0.72
2693,Basalt,-123.119,43.3821,49.83,1.84,13.43,13.12,0.2,6.9,11.37,2.19,0.33,0.8
2694,Basalt dike,-123.1981,43.4551,49.37,2.2,14.21,13.28,0.16,6.37,11.02,1.78,0.76,0.85
2695,Gabbro,-123.19,43.51,51.55,1.35,16.27,10.13,0.12,7.02,10.43,1.62,1.0,0.5
2696,Quartz diorite,-123.0002,43.5573,55.11,0.94,18.45,7.97,0.11,5.08,8.1,2.31,1.19,0.74
2697,Basaltic andesite,-122.2903,45.7828,54.51,1.64,15.89,11.69,0.18,4.09,8.68,2.92,0.24,0.16
2698,Basalt,-122.2447,45.9333,52.11,1.08,17.39,9.7,0.17,5.92,10.44,2.75,0.3,0.14
2699,Basaltic andesite,-122.3264,45.6253,52.98,1.92,15.35,13.1,0.21,4.34,8.6,2.81,0.46,0.23
2700,Basaltic andesite,-122.0082,46.0417,53.2,1.54,18.28,9.76,0.16,4.39,8.94,2.87,0.61,0.25
2701,Andesite,-122.0408,46.5583,59.77,1.05,18.52,7.13,0.14,2.07,7.13,3.44,0.55,0.2
2702,Andesite,-121.8603,46.4758,60.5,1.24,16.76,8.28,0.14,6.72,2.27,1.09,2.8,0.2
2703,Basaltic andesite,-121.7444,46.0417,56.42,1.27,17.01,8.65,0.13,4.23,8.72,3.0,0.36,0.21
2704,Andesite,-122.1858,46.7647,64.02,1.03,17.02,5.4,0.1,1.72,5.15,2.94,2.27,0.35
2705,Dacite,-122.1361,46.8833,66.26,0.84,13.86,5.28,0.11,2.54,5.02,3.14,2.65,0.3
2706,Basaltic andesite,-121.9236,45.8625,52.78,2.13,17.06,10.98,0.18,4.28,8.92,2.51,0.85,0.31
2707,Andesite,-122.5531,46.2892,61.04,1.14,16.22,7.25,0.11,3.32,6.43,2.93,1.36,0.2
2708,Basaltic andesite,-122.4167,46.1714,56.0,1.58,16.51,9.25,0.15,4.08,8.45,3.17,0.5,0.31
2709,Basaltic andesite,-122.3533,46.1933,53.64,1.08,16.92,9.24,0.14,6.47,9.53,2.58,0.24,0.16
2710,Andesite,-122.2264,46.5578,62.6,1.37,15.84,7.8,0.15,1.85,4.69,3.56,1.65,0.49
2711,Andesite,-122.2822,46.5561,59.97,0.95,17.82,7.18,0.13,3.16,6.95,3.15,0.5,0.19
2712,Andesite,-122.8097,46.339,59.32,1.12,16.24,7.55,0.14,6.95,3.63,1.4,3.43,0.22
2713,Andesite,-122.1858,46.7647,63.33,0.93,16.7,5.64,0.1,2.66,6.15,3.09,1.22,0.18
2714,Andesite,-121.8889,46.0028,57.21,1.09,18.58,8.03,0.23,2.99,7.95,3.2,0.53,0.19
2715,Dacite,-121.9237,46.4207,68.02,0.92,14.83,5.49,0.11,3.74,1.07,2.4,3.2,0.22
2716,Andesite,-121.7142,46.288,57.39,1.12,19.19,7.56,0.14,7.75,2.29,1.05,3.26,0.25
2717,Diorite,-121.6736,45.7833,65.98,0.61,17.43,4.19,0.08,1.71,5.57,3.32,0.95,0.16
2718,Quartz diorite,-121.7597,45.7186,67.35,0.49,17.08,3.87,0.08,1.48,4.95,3.62,0.92,0.16
2719,Basaltic andesite,-121.7319,45.7931,53.21,1.45,17.93,9.16,0.16,4.19,9.81,3.28,0.56,0.25
2720,Basaltic andesite,-122.2919,46.3622,55.24,1.06,16.14,8.32,0.15,6.45,9.16,2.44,0.86,0.18
2721,Basaltic andesite,-122.1811,46.4853,54.1,1.51,17.64,9.04,0.16,4.62,9.27,2.97,0.42,0.27
2722,Basaltic andesite,-121.9981,45.7942,53.33,2.31,16.55,11.58,0.18,4.25,8.08,2.66,0.76,0.3
2723,Basaltic andesite,-122.6306,46.6258,56.07,1.43,16.88,9.97,0.15,3.61,7.96,3.24,0.47,0.22
2724,Andesite,-122.3139,46.5708,57.52,1.29,17.57,7.79,0.12,3.48,7.81,3.21,0.9,0.31
2725,Dacite dike,-122.6801,42.7479,72.78,0.72,14.18,3.53,0.08,0.66,0.96,4.81,2.12,0.16
2726,Dacite tuff,-122.6608,42.748,68.85,0.77,15.8,3.83,0.07,0.8,2.66,4.87,2.14,0.21
2727,Andesite dike,-122.6788,42.7473,66.52,0.79,15.62,4.63,0.14,1.39,3.06,5.59,2.04,0.22
2728,Dacite tuff,-122.6798,42.7469,73.93,0.37,13.59,2.26,0.07,0.39,1.02,4.6,3.69,0.08
2729,Andesite dike,-122.6776,42.7435,57.12,1.5,15.85,9.73,0.19,3.52,7.4,3.55,0.76,0.38
2730,"Dacite, altered",-122.6856,42.7421,74.82,0.34,14.04,2.12,0.07,0.28,2.09,3.89,2.28,0.07
2731,Dacite tuff,-122.6874,42.739,75.78,0.27,14.12,1.54,0.02,0.12,0.82,4.61,2.67,0.05
2732,Dacite tuff,-122.6845,42.7346,66.39,1.05,15.95,5.24,0.08,0.68,3.88,4.44,2.01,0.29
2733,Dacite,-122.7006,42.7332,73.9,0.41,13.47,2.31,0.06,0.88,2.7,3.13,3.05,0.09
2734,Dacite tuff,-122.5892,42.7309,69.99,0.52,15.35,3.33,0.09,0.82,4.3,3.3,2.19,0.12
2735,Andesite dike,-122.7328,42.7124,60.34,1.27,16.22,7.52,0.14,3.06,6.64,3.11,1.36,0.32
2736,Dacite dike,-122.7109,42.7096,63.09,0.96,16.83,6.11,0.13,2.47,4.84,4.08,1.2,0.32
2737,Basalt,-122.75,42.7076,52.51,1.3,17.57,10.77,0.25,4.52,9.37,2.87,0.66,0.18
2738,Dacite tuff,-122.7484,42.699,76.54,0.2,12.96,1.41,0.04,0.14,1.0,4.41,3.08,0.21
2739,Dacite,-122.7374,42.6922,63.6,0.84,16.78,5.53,0.12,2.18,5.97,3.16,1.63,0.2
2740,Dacite tuff,-122.5613,42.6862,72.2,0.59,14.36,3.52,0.04,0.42,2.28,4.27,2.2,0.11
2741,Andesite,-122.7301,42.6813,52.96,1.28,16.94,11.3,0.24,4.3,9.43,2.81,0.59,0.15
2742,Andesite,-122.7228,42.6742,55.99,1.23,18.06,8.97,0.18,3.39,8.94,2.75,0.35,0.14
2743,Andesite,-122.7294,42.6726,58.74,1.37,16.68,7.2,0.15,2.73,5.41,4.3,2.77,0.63
2744,Basalt,-122.6497,42.6608,51.09,1.53,17.91,10.35,0.18,4.51,8.39,3.8,1.47,0.78
2745,Andesite,-122.6619,42.6597,58.27,1.37,16.84,7.31,0.15,2.7,5.87,4.55,2.33,0.62
2746,Andesite,-122.6481,42.6396,53.73,1.33,17.57,8.93,0.22,3.95,7.58,4.03,1.79,0.87
2747,Andesite,-122.7186,42.6272,53.94,1.63,17.42,10.93,0.16,3.25,9.18,2.73,0.52,0.24
2748,Basalt,-122.9139,42.6151,54.27,1.14,16.13,9.19,0.2,6.25,9.18,2.49,0.95,0.2
2749,Basalt,-122.9073,42.6098,53.98,0.97,17.99,7.86,0.17,5.45,9.95,2.59,0.87,0.16
2750,Basalt,-122.8764,42.6094,53.59,1.03,17.62,8.45,0.22,5.69,9.98,2.69,0.56,0.18
2751,Basalt,-122.8801,42.5805,52.56,0.54,13.4,9.01,0.19,11.96,10.51,1.6,0.19,0.06
2752,Basalt,-122.9178,42.575,52.36,1.0,17.56,8.61,0.17,6.7,11.04,2.17,0.27,0.13
2753,Basaltic andesite,-122.5606,42.3717,53.93,0.75,17.98,8.01,0.15,6.01,9.82,2.71,0.55,0.1
2754,Dacite,-122.5308,42.3705,70.3,0.9,15.64,2.74,0.02,0.14,3.08,4.97,1.95,0.26
2755,Dacite,-122.5421,42.365,64.8,0.75,16.48,4.98,0.08,1.66,4.95,3.93,2.19,0.18
2756,Dacite tuff,-122.5393,42.3569,69.82,0.63,14.31,4.47,0.07,1.69,3.87,2.59,2.41,0.14
2757,Dacite,-122.5477,42.3553,67.15,0.83,15.56,4.88,0.17,0.98,3.91,4.35,1.93,0.24
2758,Rhyolite,-122.506,42.3528,73.17,0.35,15.46,1.67,0.04,0.22,2.44,4.78,1.77,0.1
2759,Dacite,-122.6208,42.3483,65.4,1.32,12.56,9.19,0.28,1.55,4.85,2.83,1.37,0.66
2760,Dacite,-122.5382,42.3473,66.13,0.69,15.53,4.98,0.09,1.93,4.2,3.99,2.31,0.15
2761,Dacite,-122.5247,42.3414,67.06,0.66,17.27,4.63,0.15,0.86,2.96,4.42,1.79,0.2
2762,Dacite,-122.5575,42.3405,72.18,0.82,14.27,3.05,0.02,0.36,2.36,4.32,2.43,0.18
2763,Dacite,-122.5487,42.3381,68.47,0.72,15.95,3.65,0.08,1.26,3.88,3.72,2.09,0.18
2764,Rhyolite dike,-122.5199,42.33,71.64,0.56,14.88,2.69,0.07,0.63,2.63,3.64,3.14,0.12
2765,Dacite,-122.5439,42.3225,67.77,0.68,15.73,3.93,0.09,1.32,3.78,4.41,2.11,0.18
2766,Dacite,-122.5469,42.3155,69.93,0.52,16.08,3.43,0.04,0.41,2.98,3.95,2.54,0.11
2767,Rhyolite,-122.5415,42.3156,71.02,0.49,15.15,3.0,0.02,0.32,2.99,4.22,2.68,0.1
2768,Dacite,-122.5717,42.3132,66.41,0.88,14.99,5.4,0.1,1.64,4.2,4.21,1.92,0.25
2769,Rhyolite tuff,-122.5357,42.3096,70.89,0.52,15.36,3.04,0.03,0.33,2.85,4.13,2.75,0.09
2770,Dacite tuff,-122.5808,42.2943,70.36,0.6,15.74,2.9,0.06,0.43,3.12,4.16,2.52,0.12
2771,Basaltic andesite,-122.6191,42.2675,54.45,0.83,19.12,8.35,0.18,4.26,8.79,2.91,0.92,0.2
2772,Andesite,-122.8447,42.6079,59.65,1.38,17.55,7.2,0.26,2.07,7.22,3.27,1.15,0.25
2773,Andesite,-122.8108,42.6111,58.85,0.96,17.16,7.61,0.15,3.29,7.12,3.45,1.2,0.2
2774,Dacite tuff,-122.7986,42.6126,73.99,0.21,14.71,2.68,0.07,0.17,2.24,3.56,2.26,0.1
2775,Andesite,-122.7503,42.6061,55.24,1.9,14.77,12.17,0.24,3.39,7.91,3.26,0.84,0.27
2776,Andesite,-122.8033,42.5928,56.91,0.81,17.67,8.08,0.16,4.18,8.21,2.75,1.07,0.15
2777,Andesite,-122.8108,42.5909,58.03,0.95,17.47,7.73,0.16,3.05,7.94,3.28,1.21,0.2
2778,Andesite,-122.8669,42.5832,56.3,1.35,17.77,9.16,0.24,2.48,8.46,3.3,0.7,0.25
2779,Andesite,-122.8663,42.568,67.9,0.98,15.09,5.56,0.11,1.84,5.32,1.81,1.15,0.24
2780,Andesite,-122.8663,42.568,65.77,1.1,15.88,6.27,0.11,1.91,5.16,2.35,1.18,0.25
2781,Basalt,-122.839,42.5481,57.48,1.37,17.48,9.16,0.16,2.35,7.71,2.94,1.11,0.24
2782,Andesite,-122.826,42.5638,61.44,1.32,14.67,8.87,0.17,2.25,6.07,3.3,1.65,0.24
2783,Andesite,-122.8213,42.5557,62.68,1.36,14.76,8.98,0.17,1.59,3.94,4.45,1.82,0.26
2784,Andesite,-122.778,42.5681,62.3,0.96,15.47,7.5,0.11,2.44,8.05,2.48,0.57,0.13
2785,Andesite,-122.7502,42.5509,60.66,0.92,18.24,6.76,0.21,1.46,6.45,3.93,1.15,0.21
2786,Dacite ,-122.7774,42.545,68.6,0.65,15.58,3.96,0.07,0.26,3.59,4.09,2.86,0.33
2787,Dacite tuff,-122.8047,42.5349,66.89,0.65,16.16,4.94,0.13,1.49,4.68,2.64,2.28,0.15
2788,Basalt,-122.8583,42.5358,56.28,0.7,18.25,7.79,0.16,4.16,8.89,2.77,0.85,0.13
2789,Andesite,-122.8709,42.5198,59.42,1.23,16.63,7.49,0.13,2.27,7.52,3.4,1.68,0.23
2790,Basalt,-122.8482,42.5238,54.56,0.81,20.05,7.21,0.13,3.46,9.98,2.74,0.91,0.15
2791,Gabbro,-122.8392,42.5081,52.17,2.48,15.63,12.64,0.21,3.44,9.49,2.33,1.19,0.4
2792,Dacite,-122.7543,42.5158,64.79,0.92,16.04,5.96,0.08,0.98,5.11,4.52,1.36,0.25
2793,Dacite tuff,-122.7521,42.5166,63.58,1.11,14.43,3.34,0.53,0.72,11.68,3.2,1.04,0.37
2794,Rhyolite tuff,-122.7466,42.5236,74.78,0.32,14.77,0.9,0.02,0.03,2.15,2.65,4.34,0.04
2795,Rhyolite tuff,-122.7466,42.5236,74.75,0.32,14.79,0.92,0.02,0.03,2.17,2.64,4.32,0.04
2796,Dacite,-122.7369,42.49,65.45,0.48,17.32,5.04,0.38,0.14,3.59,3.98,3.39,0.24
2797,Andesite,-122.6934,42.4907,62.19,0.64,19.32,5.14,0.1,1.12,6.14,3.88,1.29,0.19
2798,Andesite,-122.6874,42.4867,58.95,0.77,20.54,5.75,0.1,1.24,7.75,3.87,0.86,0.15
2799,Andesite,-122.6421,42.4882,57.75,1.76,17.71,9.0,0.06,0.91,5.77,3.02,3.4,0.62
2800,Andesite tuff,-122.6491,42.4856,61.24,0.95,21.37,4.8,0.07,2.31,6.17,2.6,0.34,0.15
2801,Andesite,-122.6677,42.4778,61.19,0.64,19.37,5.5,0.08,0.97,6.78,4.21,1.1,0.16
2802,Andesite,-122.6492,42.4712,58.79,0.68,19.84,6.01,0.11,1.92,7.9,3.66,0.93,0.15
2803,Andesite,-122.6352,42.4614,58.41,1.36,16.02,8.76,0.13,2.62,6.85,3.99,1.51,0.33
2804,Dacite tuff,-122.6493,42.4547,72.02,0.81,19.26,7.32,0.15,0.11,0.0,0.02,0.12,0.19
2805,Andesite,-122.6458,42.451,57.98,0.74,18.27,6.9,0.14,3.75,7.79,3.45,0.85,0.14
2806,Andesite tuff,-122.664,42.453,58.47,0.73,18.9,7.11,0.12,1.55,12.05,0.37,0.58,0.14
2807,Andesite,-122.6752,42.4496,59.14,0.66,18.3,7.07,0.11,2.57,7.27,3.54,1.16,0.17
2808,Andesite,-122.6752,42.4496,59.21,0.67,18.25,7.07,0.11,2.56,7.26,3.53,1.19,0.17
2809,Dacite tuff,-122.6793,42.4466,71.71,0.76,19.89,6.62,0.2,0.02,0.1,0.12,0.38,0.2
2810,Basalt,-122.721,42.522,51.03,1.64,17.71,10.96,0.17,4.52,10.41,2.79,0.55,0.22
2811,Andesite,-122.6896,42.4436,58.39,0.78,19.12,6.17,0.09,3.19,7.69,3.6,0.82,0.14
2812,Andesite,-122.6842,42.4433,58.45,0.77,18.52,7.07,0.14,3.01,7.3,3.62,0.97,0.14
2813,Rhyolite,-122.6733,42.4392,79.76,0.74,16.76,2.47,0.0,0.0,0.0,0.06,0.06,0.14
2814,Andesite tuff,-122.6436,42.4086,62.56,1.1,16.29,6.81,0.11,1.32,3.97,3.83,3.45,0.55
2815,Rhyolite tuff,-122.6421,42.4044,75.85,0.88,15.21,4.11,0.03,0.88,0.56,0.3,1.98,0.2
2816,Rhyolite tuff,-122.636,42.404,72.73,0.46,13.73,2.99,0.08,0.0,2.03,4.69,3.15,0.12
2817,Basalt,-122.626,42.4004,52.58,1.09,17.49,9.48,0.18,5.61,10.06,2.73,0.58,0.19
2818,Dacite,-122.6718,42.4002,63.8,0.67,17.08,5.2,0.08,2.14,5.29,2.83,2.74,0.17
2819,Andesite,-122.6431,42.3868,62.38,1.15,16.72,6.71,0.13,0.98,5.51,4.3,1.8,0.32
2820,Basaltic andesite,-122.7214,42.3892,54.07,1.09,21.69,7.09,0.11,1.9,9.49,3.38,0.98,0.2
2821,Basaltic andesite,-122.7324,42.3824,53.06,1.31,18.3,9.38,0.15,3.87,10.22,3.02,0.52,0.16
2822,Dacite tuff,-122.6607,42.383,68.64,0.61,14.88,6.12,0.05,0.15,1.65,3.19,4.67,0.04
2823,Basalt,-122.654,44.299,53.34,1.75,16.46,11.2,0.2,4.1,8.87,3.21,0.64,0.23
2824,Andesite,-122.643,44.297,57.55,1.68,16.25,9.73,0.29,2.5,7.29,3.68,0.81,0.22
2825,Basalt,-122.643,44.301,50.57,1.11,21.01,8.94,0.2,4.01,11.2,2.72,0.08,0.16
2826,Basalt,-122.643,44.306,51.05,1.33,18.74,10.15,0.18,4.67,10.62,2.66,0.37,0.23
2827,Basalt,-122.645,44.309,51.41,1.39,18.16,10.29,0.18,4.87,10.77,2.61,0.13,0.19
2828,Basalt,-122.591,44.278,53.01,1.81,16.86,11.99,0.27,3.61,8.28,3.6,0.31,0.26
2829,Basaltic andesite,-122.59,44.279,54.12,1.2,19.01,8.94,0.19,2.61,9.69,3.45,0.6,0.19
2830,Basalt,-122.589,44.28,51.48,1.48,19.69,10.08,0.26,3.25,9.93,3.35,0.27,0.21
2831,Basalt,-122.588,44.281,51.28,1.2,19.58,9.47,0.21,3.97,11.02,2.84,0.28,0.15
2832,Basalt,-122.587,44.282,51.75,1.42,19.16,9.39,0.37,4.14,10.58,2.69,0.34,0.16
2833,Basaltic andesite,-122.586,44.283,55.1,1.46,17.5,9.18,0.44,3.1,8.64,3.13,1.22,0.23
2834,Dacite,-122.64,44.294,64.81,0.94,14.68,7.07,0.3,1.35,4.82,4.53,1.09,0.41
2835,Basaltic andesite,-122.654,44.299,53.75,1.15,16.88,8.65,0.17,4.54,12.14,2.42,0.17,0.13
2836,Basaltic andesite,-122.639,44.302,54.49,1.43,18.25,8.48,0.0,3.69,10.46,2.64,0.36,0.2
2837,Basaltic andesite,-122.63,44.307,52.49,1.68,17.24,10.22,0.2,5.15,10.07,2.69,0.02,0.24
2838,Dacite,-122.64,44.294,64.75,0.72,15.52,7.22,0.22,1.28,4.34,4.6,0.99,0.36
2839,Basalt,-122.617,44.372,51.4,1.2,17.65,10.35,0.17,5.58,10.36,2.68,0.42,0.19
2840,Basalt,-122.618,44.372,50.9,0.98,18.37,10.56,0.15,5.37,10.4,2.63,0.46,0.18
2841,Basalt,-122.731,44.272,52.77,1.16,16.87,11.29,0.19,4.01,9.89,3.08,0.54,0.2
2842,Basalt,-122.691,44.251,50.63,1.08,19.69,10.62,0.17,3.79,10.6,2.79,0.36,0.27
2843,Basalt,-122.647,44.261,51.13,1.24,19.69,9.91,0.17,3.35,11.01,2.86,0.37,0.27
2844,Basalt,-122.645,44.264,53.59,1.57,15.88,12.63,0.19,3.53,8.44,3.36,0.45,0.36
2845,Basalt,-122.717,44.279,51.22,1.4,17.91,11.07,0.21,4.27,10.5,2.83,0.39,0.2
2846,Dacite dike,-122.61,44.281,60.91,1.09,16.17,8.29,0.21,1.83,5.99,4.39,0.76,0.36
2847,Basalt dike,-122.59,44.28,51.5,1.4,18.41,11.09,0.18,3.47,10.24,3.11,0.3,0.3
2848,Basaltic andesite,-122.622,44.317,55.31,2.23,15.57,9.4,0.21,4.26,8.29,3.46,0.83,0.44
2849,Andesite,-122.609,44.322,57.87,2.2,14.86,9.54,0.23,2.94,6.95,3.96,1.08,0.37
2850,Basaltic andesite,-122.606,44.314,55.03,2.12,15.57,10.51,0.19,3.94,7.76,3.78,0.75,0.35
2851,Basaltic andesite,-122.59,44.315,55.05,1.69,17.51,8.66,0.16,3.63,8.89,3.3,0.82,0.29
2852,Basaltic andesite,-122.586,44.284,54.53,1.67,17.87,9.38,0.25,3.51,7.34,4.33,0.66,0.46
2853,Basalt,-122.591,44.285,53.18,2.02,15.9,10.63,0.19,3.94,8.13,4.03,1.55,0.43
2854,Basaltic andesite,-122.591,44.285,53.17,1.92,15.94,10.69,0.19,4.2,8.48,3.59,1.47,0.35
2855,Basaltic andesite,-122.591,44.285,53.46,1.84,15.83,11.11,0.19,3.51,7.35,4.2,2.06,0.45
2856,Basaltic andesite,-122.59,44.285,54.42,1.82,15.74,9.83,0.32,2.88,8.1,4.26,2.19,0.44
2857,Basaltic andesite,-122.59,44.286,53.51,2.07,15.83,10.7,0.18,3.95,8.26,3.84,1.32,0.34
2858,Basalt,-122.59,44.286,52.51,1.97,16.53,10.76,0.17,4.02,8.65,3.64,1.39,0.36
2859,Basalt,-122.589,44.286,51.04,1.74,20.34,8.39,0.21,2.95,10.49,3.41,1.11,0.32
2860,Basalt,-122.589,44.286,51.07,1.7,19.26,8.62,0.19,3.76,10.55,3.26,1.26,0.33
2861,Basalt,-122.589,44.287,50.74,1.56,19.64,8.8,0.15,4.11,10.96,3.07,0.67,0.3
2862,Basalt,-122.588,44.287,51.74,1.33,19.73,8.5,0.14,3.91,11.01,2.41,0.95,0.28
2863,Basalt,-122.588,44.287,50.94,1.23,19.58,8.64,0.13,4.28,11.56,2.7,0.69,0.25
2864,Basalt,-122.588,44.287,51.38,1.96,17.28,10.38,0.17,4.11,9.58,3.38,1.39,0.37
2865,Basalt,-122.587,44.288,51.81,2.18,15.85,11.85,0.26,4.13,8.54,3.69,1.27,0.42
2866,Basalt,-122.587,44.288,52.31,2.24,16.08,11.27,0.19,3.97,8.71,3.37,1.43,0.43
2867,Basalt,-122.587,44.288,52.6,1.87,16.29,10.63,0.25,4.5,9.07,3.29,1.14,0.36
2868,Andesite,-122.587,44.288,58.1,1.39,16.48,7.88,0.19,2.58,6.17,4.91,1.79,0.51
2869,Andesite,-122.586,44.289,59.96,1.59,16.46,7.88,0.17,1.8,5.68,4.52,1.45,0.49
2870,Basaltic andesite,-122.586,44.289,57.23,1.58,16.91,8.62,0.22,2.65,6.81,4.27,1.33,0.38
2871,Basalt,-122.586,44.29,53.17,1.5,19.31,8.24,0.15,3.37,9.7,3.41,0.89,0.26
2872,Basaltic andesite,-122.586,44.29,53.86,1.5,19.08,8.27,0.12,3.34,9.66,3.21,0.69,0.27
2873,Andesite,-122.582,44.291,58.88,1.6,15.06,9.05,0.19,2.57,6.16,4.4,1.39,0.7
2874,Basalt,-122.578,44.292,52.57,1.42,19.4,8.86,0.15,3.69,9.58,3.36,0.63,0.34
2875,Basaltic andesite,-122.575,44.293,56.82,1.97,15.65,9.43,0.15,3.47,6.75,4.06,1.15,0.55
2876,Basaltic andesite,-122.573,44.295,53.41,1.27,19.21,8.38,0.16,3.69,9.71,3.32,0.6,0.25
2877,Basalt,-122.533,44.324,53.01,1.61,18.86,8.56,0.19,3.47,9.12,3.55,1.26,0.37
2878,Basalt,-122.534,44.324,51.93,2.2,15.87,11.48,0.22,4.18,8.23,3.84,1.63,0.42
2879,Basalt,-122.535,44.324,52.6,2.25,16.09,11.14,0.38,3.85,8.23,3.75,1.27,0.44
2880,Basalt,-122.536,44.325,50.84,1.53,19.21,9.57,0.16,3.71,10.09,3.16,1.39,0.34
2881,Basaltic andesite,-122.54,44.327,55.18,1.73,17.07,8.76,0.18,3.03,7.44,4.21,1.98,0.42
2882,Basaltic andesite,-122.539,44.329,54.74,1.89,16.42,9.43,0.18,3.04,7.57,4.23,2.07,0.43
2883,Basaltic andesite,-122.54,44.329,55.21,1.58,16.73,9.2,0.2,2.99,7.46,4.1,2.11,0.42
2884,Andesite,-122.54,44.33,58.77,1.53,15.73,7.9,0.19,2.54,5.55,4.49,2.6,0.7
2885,Basalt,-122.539,44.33,51.61,2.11,16.86,10.64,0.17,4.17,9.05,3.25,1.73,0.41
2886,Andesite,-122.541,44.332,57.94,1.72,15.86,8.25,0.2,2.5,5.78,4.45,2.59,0.71
2887,Basaltic andesite,-122.542,44.333,56.01,1.75,15.66,9.74,0.19,3.17,6.43,4.05,2.44,0.56
2888,Andesite,-122.545,44.334,59.43,1.69,15.24,7.75,0.24,2.38,5.25,4.31,2.97,0.74
2889,Andesite,-122.547,44.336,59.75,1.29,15.6,7.82,0.17,2.25,5.08,4.36,3.02,0.66
2890,Basaltic andesite,-122.544,44.335,56.87,2.04,15.64,9.34,0.18,2.14,6.45,3.84,2.87,0.63
2891,Basalt,-122.541,44.334,52.3,1.75,18.73,9.03,0.17,3.62,9.54,3.22,1.34,0.3
2892,Basalt,-122.541,44.335,51.61,1.72,18.8,9.32,0.18,3.6,9.73,3.14,1.62,0.28
2893,Basaltic andesite,-122.6658,42.3479,52.75,0.83,15.81,8.89,0.18,8.9,9.52,2.36,0.64,0.12
2894,Basaltic andesite,-122.6658,42.3479,52.67,0.82,15.75,8.96,0.18,8.94,9.57,2.36,0.62,0.12
2895,Basaltic andesite,-122.6841,42.334,56.19,1.31,18.83,8.15,0.17,2.23,7.77,3.95,1.14,0.25
2896,Basaltic andesite,-122.7246,42.3349,53.34,0.93,21.31,6.8,0.1,3.4,10.11,2.97,0.86,0.18
2897,Basaltic andesite,-122.7095,42.3322,54.07,0.96,22.23,6.56,0.11,2.22,9.77,3.08,0.82,0.18
2898,Andesite tuff,-122.7241,42.329,61.41,0.94,20.65,4.95,0.11,0.35,8.06,2.58,0.78,0.18
2899,Andesite,-122.6364,42.327,62.89,1.45,16.64,6.33,0.08,1.03,5.37,3.82,2.01,0.39
2900,Andesite,-122.6364,42.327,62.77,1.46,16.71,6.36,0.08,1.02,5.34,3.83,2.03,0.39
2901,Andesite dike,-122.649,42.3216,58.79,0.83,19.11,6.39,0.14,2.13,7.11,3.96,1.1,0.45
2902,Andesite,-122.6658,42.3195,62.29,0.84,20.87,3.98,0.02,0.77,6.81,3.52,0.72,0.19
2903,Basaltic andesite,-122.6783,42.3135,55.35,1.11,18.14,8.19,0.16,3.89,8.67,2.88,1.34,0.25
2904,Basalt,-122.7447,42.3154,51.84,0.93,19.04,9.29,0.16,5.62,10.18,2.52,0.29,0.12
2905,Basaltic andesite,-122.7315,42.3149,53.64,1.2,20.17,7.7,0.15,3.23,9.71,3.08,0.87,0.25
2906,Rhyolite tuff,-122.7391,42.3142,74.07,0.33,13.22,1.32,0.0,0.04,0.15,1.12,9.58,0.17
2907,Basaltic andesite,-122.7398,42.3137,52.97,1.53,17.42,10.76,0.16,4.37,8.9,3.17,0.54,0.19
2908,Andesite,-122.6871,42.3067,57.97,0.92,16.81,7.46,0.14,4.82,7.46,2.98,1.28,0.16
2909,Basalt,-122.727,42.303,51.59,0.92,18.98,8.94,0.17,5.75,10.39,2.76,0.38,0.12
2910,Basaltic andesite,-122.7081,42.297,56.47,1.14,17.58,8.71,0.14,3.6,7.7,3.42,1.07,0.17
2911,Dacite,-122.6346,42.2755,69.16,0.97,13.56,7.1,0.1,0.42,3.49,3.47,1.44,0.28
2912,Dacite,-122.6346,42.2755,69.21,0.97,13.51,7.14,0.1,0.43,3.48,3.45,1.43,0.28
2913,Dacite tuff,-122.6568,42.2735,71.23,0.45,15.11,3.89,0.1,0.79,2.5,2.29,3.53,0.1
2914,Basaltic andesite,-122.6646,42.2695,56.83,1.18,18.53,6.88,0.11,3.46,8.84,3.01,0.94,0.24
2915,Basaltic andesite,-122.6816,42.2679,53.37,1.75,16.57,11.26,0.18,4.11,8.22,3.06,1.12,0.36
2916,Basaltic andesite,-122.6725,42.2661,52.8,1.21,17.93,9.38,0.21,4.31,10.67,2.72,0.48,0.32
2917,Andesite,-122.6658,42.266,58.67,1.36,18.04,9.52,0.16,1.12,7.5,2.68,0.64,0.32
2918,Basaltic andesite,-122.6531,42.2608,55.79,1.15,18.24,10.08,0.16,2.68,8.63,2.4,0.64,0.22
2919,Basaltic andesite,-122.6538,42.2509,53.45,1.72,16.29,10.93,0.2,4.13,8.51,3.29,1.07,0.42
2920,Basalt,-122.5885,42.4954,50.74,1.78,16.84,11.3,0.16,5.43,9.17,3.19,0.85,0.54
2921,Basalt,-122.5081,42.4905,51.41,1.36,17.17,9.72,0.16,6.85,9.24,3.01,0.71,0.37
2922,Basalt,-122.5439,42.4902,49.7,1.19,17.38,10.06,0.17,6.7,11.38,2.72,0.47,0.22
2923,Andesite,-122.6048,42.477,55.17,1.15,18.25,8.87,0.14,2.66,9.14,3.01,1.17,0.43
2924,Dacite tuff,-122.5938,42.4796,67.77,0.85,16.37,4.76,0.08,1.22,3.07,3.35,2.34,0.2
2925,Basalt,-122.5892,42.4801,51.64,1.04,17.69,9.08,0.16,6.69,9.85,2.74,0.87,0.25
2926,Dacite,-122.5842,42.4764,68.22,0.63,15.16,3.99,0.1,1.31,3.68,4.26,2.47,0.19
2927,Basaltic andesite,-122.6115,42.4691,53.71,1.84,14.91,11.73,0.38,3.83,8.87,3.16,1.23,0.34
2928,Andesite,-122.5772,42.4717,59.55,0.91,17.13,6.68,0.11,3.22,6.81,3.8,1.52,0.27
2929,Andesite tuff,-122.5624,42.4532,63.02,1.02,18.38,5.64,0.1,1.63,4.98,3.47,1.55,0.22
2930,Andesite,-122.5581,42.4514,59.64,0.92,17.36,6.49,0.12,3.25,6.72,3.27,1.95,0.28
2931,Basaltic andesite,-122.5011,42.4533,52.66,1.09,17.22,8.79,0.16,6.49,8.37,3.64,1.15,0.43
2932,Basaltic andesite,-122.6132,42.4479,55.14,1.62,16.03,10.99,0.18,3.52,7.82,3.32,1.09,0.3
2933,Basaltic andesite,-122.5395,42.4426,53.68,1.16,18.14,8.85,0.17,4.58,9.02,3.03,0.96,0.41
2934,Basaltic andesite,-122.5156,42.4448,52.71,1.11,17.4,8.64,0.16,6.34,8.44,3.59,1.17,0.42
2935,Andesite,-122.5851,42.4327,57.76,0.77,16.49,7.75,0.13,4.46,8.35,2.71,1.41,0.16
2936,Basaltic andesite,-122.5112,42.4246,53.57,0.83,17.79,7.88,0.14,4.96,11.0,2.75,0.83,0.25
2937,Andesite,-122.5712,42.4183,58.88,0.8,16.79,6.35,0.12,4.5,7.9,3.33,1.07,0.26
2938,Andesite,-122.5439,42.418,58.67,0.79,16.25,7.6,0.15,4.02,7.95,2.89,1.51,0.16
2939,Dacite tuff,-122.5387,42.4186,67.75,0.75,16.3,4.18,0.1,0.88,3.93,3.32,2.61,0.18
2940,Basalt,-122.5216,42.4108,52.38,0.8,18.99,8.7,0.16,4.43,11.58,2.38,0.39,0.19
2941,Basaltic andesite,-122.5735,42.4037,56.28,1.56,15.99,10.06,0.17,2.98,8.02,3.29,1.3,0.34
2942,Dacite tuff,-122.5278,42.3999,69.36,0.66,16.34,3.35,0.09,0.75,3.69,3.05,2.56,0.15
2943,Andesite,-122.5757,42.3932,55.4,1.51,15.48,10.27,0.19,4.12,8.2,3.27,1.22,0.34
2944,Andesite,-122.5094,42.3893,58.7,0.92,19.27,8.05,0.12,1.73,7.74,2.72,0.54,0.2
2945,Rhyolite,-122.6069,42.3798,70.81,0.63,15.18,2.98,0.05,0.29,2.78,4.55,2.59,0.14
2946,Basaltic andesite,-122.5393,42.3819,53.19,1.17,17.97,9.21,0.19,4.22,9.21,3.27,1.13,0.43
2947,Basaltic andesite,-122.509,42.3803,53.4,0.75,18.65,7.82,0.15,5.49,10.24,2.56,0.8,0.12
2970,Andesite,-122.144,44.105,60.31,0.89,17.44,6.02,0.09,3.14,6.07,4.37,1.51,0.15
2971,Andesite,-122.064,44.118,60.99,0.68,18.13,5.2,0.08,2.5,6.08,4.81,1.38,0.15
2972,Basaltic andesite,-122.104,44.141,54.85,1.05,19.81,7.35,0.14,3.83,8.13,3.75,0.76,0.32
2973,Dacite,-122.073,44.13,63.8,0.62,17.44,4.52,0.1,2.08,5.16,4.32,1.8,0.16
2974,Dacite,-122.033,44.043,65.46,0.6,16.75,4.48,0.06,1.68,4.65,4.45,1.71,0.16
2975,Dacite,-122.064,44.112,63.65,0.6,17.2,4.76,0.09,2.42,5.13,3.88,2.1,0.17
2976,Andesite,-122.054,44.08,61.9,0.68,17.27,5.39,0.09,2.71,5.57,4.53,1.61,0.24
2977,Basaltic andesite,-122.109,44.112,57.09,0.95,18.51,6.84,0.12,3.91,7.17,4.19,0.91,0.3
2978,Basalt,-122.118,44.064,49.21,0.71,18.74,8.0,0.14,9.53,11.24,2.13,0.21,0.08
2979,Basalt,-122.065,44.09,51.02,1.01,17.68,8.4,0.15,7.86,10.2,2.91,0.56,0.2
2980,Basalt,-122.104,44.114,52.77,1.34,17.6,9.41,0.16,4.86,7.61,4.15,1.35,0.74
2981,Basalt,-122.043,44.069,49.89,1.01,17.33,9.08,0.16,9.45,9.77,2.57,0.52,0.2
2982,Basalt,-122.071,44.124,53.11,1.05,16.84,7.85,0.14,6.84,8.79,3.41,1.45,0.52
2983,Basalt,-122.029,44.067,50.37,1.16,18.48,9.12,0.16,6.73,9.88,3.23,0.65,0.22
2984,Basalt,-122.022,44.067,51.36,1.27,17.19,8.65,0.17,7.31,10.3,2.92,0.58,0.25
2985,Basalt,-122.018,44.065,50.57,0.97,17.58,8.58,0.15,8.17,10.39,2.85,0.55,0.18
2986,Basalt,-122.113,44.115,49.9,1.5,19.54,10.57,0.19,5.14,7.83,3.81,0.7,0.82
2987,Basalt,-122.049,44.076,53.84,1.41,17.64,8.56,0.15,4.46,7.99,4.12,1.2,0.63
2988,Basalt,-122.067,44.076,52.98,1.18,20.06,7.76,0.14,3.57,9.59,3.68,0.77,0.27
2989,Basalt,-122.11,44.117,51.4,1.22,20.15,8.09,0.13,5.01,9.54,3.43,0.6,0.41
2990,Basaltic andesite,-122.095,44.11,54.98,1.28,17.38,8.39,0.15,4.02,7.88,3.99,1.43,0.51
2991,Basaltic andesite,-122.038,44.166,54.84,1.19,17.38,8.14,0.22,4.16,7.44,4.13,1.67,0.84
2992,Basalt,-122.04,44.167,52.77,1.07,18.33,8.57,0.15,5.75,8.47,3.56,0.87,0.46
2993,Basalt,-122.038,44.162,53.94,1.45,18.24,8.59,0.17,4.04,7.88,3.98,1.03,0.69
2994,Basaltic andesite,-122.013,44.09,54.66,1.15,18.9,7.61,0.14,3.91,8.0,4.24,1.09,0.29
2995,Andesite,-122.011,44.088,60.24,1.16,17.3,6.73,0.11,1.83,5.29,4.88,1.96,0.49
2996,Andesite,-122.065,44.088,61.1,0.95,17.5,5.68,0.15,2.28,5.28,5.12,1.7,0.25
2997,Dacite,-122.038,44.098,68.19,0.64,15.73,3.45,0.09,0.76,2.32,5.58,3.06,0.16
2998,Granodiorite,-122.202,45.787,66.55,0.45,15.88,4.09,0.06,2.41,4.83,3.66,1.96,0.11
2999,Diorite,-122.19,45.742,58.41,0.61,16.64,6.52,0.17,4.97,7.36,3.34,1.85,0.12
3000,Dacite,-122.344,42.034,65.45,0.49,16.69,4.35,0.0,2.31,4.28,3.59,2.74,0.1
3001,Andesite,-122.478,42.11,60.39,0.6,18.08,5.67,0.05,3.24,6.69,3.28,1.89,0.11
3002,Andesite,-122.478,42.096,59.98,0.65,16.92,6.06,0.03,4.32,7.04,3.06,1.8,0.14
3003,Andesite,-122.478,42.064,59.74,0.66,18.81,6.08,0.04,2.79,6.63,3.06,2.05,0.14
3004,Andesite,-122.42,42.041,61.29,0.57,19.85,5.26,0.03,1.59,6.04,3.79,1.4,0.18
3005,Basaltic andesite,-122.492,42.136,55.55,0.89,18.24,7.92,0.07,4.4,8.11,3.0,1.55,0.27
3006,Andesite,-122.44,42.066,58.38,0.68,18.46,6.55,0.03,3.93,7.1,3.21,1.53,0.13
3007,Andesite,-122.481,42.089,58.42,0.73,18.58,6.76,0.05,2.55,7.35,3.32,2.07,0.17
3008,Gabbro,-122.478,42.018,52.32,0.94,20.1,8.85,0.09,4.69,9.45,2.65,0.79,0.12
3009,Basaltic andesite,-122.668,42.036,55.15,0.95,17.09,10.83,0.19,3.8,7.97,3.02,0.8,0.2
3010,Basalt,-122.581,42.04,51.21,2.39,14.51,14.14,0.21,4.01,8.45,3.56,1.12,0.39
3011,Andesite,-122.577,42.007,62.95,0.57,17.94,5.87,0.08,0.84,4.85,4.77,1.81,0.31
3012,Basaltic andesite,-122.58,42.012,53.49,1.26,18.72,9.71,0.15,3.41,8.54,3.65,0.75,0.34
3013,Basaltic andesite,-122.587,42.018,53.29,1.37,18.8,9.06,0.14,3.55,9.37,3.08,1.06,0.28
3014,Basalt,-122.602,42.047,51.73,1.79,16.63,12.27,0.17,3.97,8.59,2.99,1.39,0.47
3015,Andesite,-122.593,42.042,57.05,0.83,15.86,8.05,0.16,4.99,8.72,2.79,1.35,0.18
3016,Basaltic andesite,-122.604,42.05,52.4,1.73,15.63,12.93,0.21,4.09,8.59,3.32,0.84,0.28
3017,Basaltic andesite,-122.589,42.036,53.57,1.23,19.51,7.99,0.65,3.04,8.93,3.71,1.06,0.32
3018,Basaltic andesite,-122.59,42.035,52.16,1.81,16.7,11.63,0.15,4.1,8.38,3.13,1.47,0.47
3019,Basaltic andesite,-122.589,42.035,52.16,1.39,17.18,11.44,0.19,4.04,9.41,3.19,0.77,0.22
3020,Basalt,-122.593,42.029,50.7,1.31,18.72,11.02,0.23,4.0,9.66,3.37,0.79,0.21
3021,Rhyolite,-122.605,42.071,76.24,0.29,14.19,1.78,0.01,0.83,4.12,2.12,0.37,0.05
3022,Andesite,-122.578,42.041,59.6,1.13,15.86,9.03,0.19,2.35,5.33,4.33,1.78,0.4
3023,Basalt,-122.66,42.043,50.63,1.06,17.36,10.01,0.16,7.17,9.54,2.87,0.89,0.31
3024,Basaltic andesite,-122.633,42.022,53.19,0.8,18.75,9.8,0.17,3.9,9.21,3.54,0.51,0.12
3025,Basaltic andesite,-122.631,42.021,54.43,0.95,18.18,8.88,0.15,4.19,9.86,2.8,0.37,0.18
3026,Basaltic andesite,-120.972,46.682,54.98,1.25,18.29,8.52,0.31,3.8,7.96,3.22,1.38,0.27
3027,Basaltic andesite,-121.115,46.701,56.75,1.01,18.35,7.71,0.2,3.63,7.46,3.39,1.23,0.28
3028,Andesite dike,-121.048,46.675,57.68,0.99,18.91,6.87,0.17,2.67,7.05,3.75,1.65,0.25
3029,Andesite dike,-120.958,46.676,58.1,0.89,19.35,6.38,0.16,2.06,7.32,3.68,1.71,0.34
3030,Andesite dike,-120.951,46.687,58.29,0.99,18.39,6.7,0.16,2.62,6.95,3.57,1.92,0.42
3031,Andesite dike,-121.105,46.722,60.95,1.2,19.48,3.86,0.08,2.75,6.34,3.27,1.65,0.41
3032,Rhyolite,-121.144,46.709,73.22,0.38,14.77,2.41,0.04,0.38,1.95,2.98,3.76,0.12
3033,Andesite intrusion,-121.138,46.651,60.68,0.94,17.2,6.5,0.12,2.98,6.1,3.24,2.1,0.14
3034,Basalt,-121.195,47.33,51.56,1.11,16.49,7.6,0.14,3.54,17.04,2.32,0.0,0.2
3035,Dacite,-121.195,47.33,63.34,0.98,16.09,5.02,0.12,2.17,7.22,3.4,1.44,0.2
3036,Dacite tuff,-121.1983,47.33,72.75,0.4,14.27,2.78,0.06,0.73,1.11,4.35,3.44,0.1
3037,Basaltic andesite,-120.5317,47.405,53.18,1.27,15.5,12.8,0.16,5.63,8.7,2.34,0.22,0.2
3038,Basaltic andesite,-121.1617,47.2833,55.34,2.16,13.37,14.09,0.23,2.57,7.61,3.09,0.79,0.74
3039,Basaltic andesite,-120.6967,47.2217,55.98,2.05,14.17,12.66,0.17,3.18,7.19,2.98,1.13,0.47
3040,Andesite,-121.1733,47.2717,58.92,1.45,14.44,10.67,0.17,2.91,7.07,3.01,1.14,0.22
3041,Andesite,-120.905,47.1467,61.5,1.55,13.19,11.46,0.19,1.55,4.94,3.4,1.85,0.38
3042,Basalt,-121.0367,47.0833,49.39,1.63,14.74,11.76,0.21,8.13,11.08,2.44,0.27,0.36
3043,Dacite,-120.995,47.0583,64.91,0.77,13.88,9.15,0.19,0.58,4.49,3.86,1.88,0.28
3044,Dacite,-121.0133,47.1083,62.44,0.56,17.97,4.0,0.08,2.81,5.4,4.36,2.18,0.19
3045,Andesite,-120.9867,47.0633,62.44,1.23,17.69,4.97,0.08,1.75,4.42,5.04,2.06,0.31
3046,Rhyolite tuff,-121.33,47.3617,74.25,0.26,14.79,1.75,0.04,0.08,1.15,3.23,4.37,0.08
3047,Rhyolite,-121.1083,47.1333,73.57,0.42,12.45,4.62,0.08,0.46,0.79,2.76,4.8,0.06
3048,Basalt,-121.295,47.2617,48.17,3.39,17.47,11.31,0.25,5.29,9.42,3.28,0.72,0.69
3049,Basalt,-121.21,47.1183,51.98,2.39,16.95,8.66,0.17,6.65,8.52,3.01,1.14,0.52
3050,Andesite,-121.0783,47.055,52.76,1.03,15.83,10.48,0.25,6.21,10.66,2.28,0.34,0.17
3051,Basalt,-121.18,47.1783,51.78,1.61,16.12,9.52,0.14,7.66,9.77,2.82,0.3,0.28
3052,Basaltic andesite,-121.0867,47.0633,53.24,1.13,15.93,9.49,0.22,6.27,11.0,2.26,0.29,0.17
3053,Basaltic andesite,-121.1517,47.1033,56.6,2.3,14.1,11.96,0.2,2.92,7.62,3.13,0.76,0.41
3054,Andesite,-121.33,47.3617,61.53,0.93,17.49,7.51,0.14,1.2,7.1,3.06,0.69,0.35
3055,Andesite,-121.1783,47.1783,58.55,0.99,17.14,6.55,0.12,3.92,7.74,3.3,1.45,0.23
3056,Andesite,-121.3083,47.3617,58.57,1.33,17.23,8.01,0.16,4.31,5.03,4.92,0.16,0.27
3057,Rhyolite tuff,-121.245,47.2883,73.85,0.4,13.54,3.16,0.02,0.53,2.05,3.18,3.18,0.09
3058,Rhyolite,-121.1867,47.1783,76.02,0.33,13.14,1.75,0.0,0.37,0.55,3.54,4.25,0.05
3059,Rhyolite,-121.1917,47.1433,79.81,0.18,12.04,0.34,0.01,0.01,0.15,3.14,4.25,0.07
3060,Rhyolite,-121.4817,48.0533,76.39,0.26,12.66,2.62,0.04,0.26,0.0,4.46,3.24,0.06
3061,Rhyolite,-121.4717,48.1383,78.26,0.39,13.24,0.91,0.01,0.09,0.0,1.5,5.52,0.07
3062,Rhyolite,-121.49,48.06,76.15,0.22,13.69,1.34,0.0,0.19,0.08,4.5,3.8,0.04
3063,Andesite tuff,-121.4533,48.0433,57.12,1.77,16.26,8.16,0.13,4.38,7.09,3.75,0.95,0.4
3064,Rhyolite tuff,-122.035,47.325,83.1,0.23,9.7,1.2,0.01,0.27,0.21,1.94,3.27,0.06
3065,Rhyolite tuff,-121.7533,48.3567,79.45,0.26,12.82,1.55,0.0,0.16,0.01,2.85,2.85,0.05
3066,Rhyolite tuff,-121.7533,48.3583,79.94,0.23,11.94,1.82,0.01,0.04,0.0,5.57,0.39,0.05
3067,Rhyolite tuff,-121.7933,48.3483,80.8,0.29,11.17,2.17,0.01,0.19,1.45,0.58,3.31,0.03
3068,Dacite tuff,-121.3183,48.1383,64.2,0.92,15.82,6.05,0.07,1.83,6.09,3.85,0.97,0.19
3069,Dacite tuff,-121.3233,48.14,68.67,0.81,14.74,5.21,0.1,0.88,1.82,6.36,1.21,0.2
3070,Rhyolite tuff,-121.33,47.78,75.66,0.31,13.39,2.31,0.06,0.58,1.42,3.75,2.43,0.08
3071,Dacite,-121.4467,48.095,64.14,0.65,17.02,4.51,0.07,3.04,5.37,3.75,1.32,0.13
3072,Dacite,-121.4433,48.0367,65.76,0.68,16.16,4.29,0.07,2.54,4.27,4.68,1.42,0.13
3073,Andesite,-121.9807,44.8092,57.08,1.31,16.99,9.68,0.22,2.41,6.0,4.45,1.35,0.51
3074,Basaltic andesite,-121.9765,44.8115,56.19,1.38,16.92,10.11,0.23,2.46,6.51,4.43,1.25,0.52
3075,Basaltic andesite,-121.9707,44.8107,54.67,1.65,17.71,9.24,0.22,3.15,8.36,3.48,1.19,0.33
3076,Dacite,-121.8833,44.94,66.61,0.76,15.97,4.83,0.09,0.91,3.3,4.32,2.98,0.23
3077,Dacite,-121.9025,44.965,64.09,0.95,16.37,5.55,0.1,1.57,4.16,4.36,2.57,0.28
3078,Andesite,-121.8817,44.9483,57.57,1.33,17.2,7.57,0.12,3.52,6.86,3.97,1.58,0.28
3079,Andesite,-121.9495,44.7765,60.41,0.76,16.83,6.07,0.12,4.08,6.4,3.95,1.24,0.14
3080,Basaltic andesite,-121.8932,44.8858,54.0,1.18,17.6,8.12,0.14,5.72,8.02,3.91,1.01,0.3
3081,Basaltic andesite,-121.9067,44.87,53.89,1.17,17.56,7.91,0.14,6.1,8.1,3.86,0.97,0.3
3082,Basaltic andesite,-121.9032,44.8758,56.17,1.16,17.75,7.42,0.13,4.87,7.25,3.97,1.0,0.28
3083,Basalt,-121.9255,44.7787,50.9,0.97,17.69,9.22,0.17,8.24,10.01,2.26,0.42,0.12
3084,Basalt,-121.9235,44.7785,50.27,1.02,17.76,8.75,0.16,8.88,10.12,2.53,0.36,0.15
3085,Basaltic andesite,-121.922,44.7788,52.78,1.18,20.22,7.69,0.13,5.14,8.9,3.25,0.54,0.17
3086,Basaltic andesite,-121.9198,44.7795,52.31,1.31,17.87,8.95,0.15,6.7,8.39,3.48,0.61,0.23
3087,Basalt,-121.924,44.7785,51.04,1.31,19.48,9.27,0.15,5.95,8.64,3.49,0.37,0.3
3088,Basalt,-121.9105,44.7768,51.6,1.47,18.31,9.74,0.16,6.33,8.07,3.48,0.5,0.34
3089,Basaltic andesite,-121.9157,44.7758,54.36,1.27,17.89,8.35,0.13,5.45,7.65,3.68,0.9,0.32
3090,Basalt,-121.9043,44.7788,51.6,1.14,18.15,8.3,0.15,7.38,10.01,2.87,0.22,0.18
3091,Basaltic andesite,-121.9098,44.7787,52.56,1.19,17.48,7.97,0.14,7.12,9.93,2.89,0.49,0.23
3092,Basaltic andesite,-121.9043,44.7788,53.36,1.17,16.99,7.95,0.14,7.11,9.52,2.94,0.61,0.21
3093,Basaltic andesite,-121.9043,44.7788,53.53,1.37,18.7,8.21,0.14,4.68,8.79,3.65,0.67,0.26
3094,Basaltic andesite,-121.9258,44.7777,53.4,1.34,17.66,8.57,0.14,5.64,8.44,3.56,0.82,0.43
3095,Basaltic andesite,-121.9267,44.7788,52.35,1.41,18.46,8.68,0.15,5.83,8.51,3.57,0.59,0.45
3096,Basaltic andesite,-121.9222,44.7757,53.28,1.42,18.23,9.2,0.14,4.77,7.96,3.67,0.84,0.49
3097,Basaltic andesite,-121.9118,44.7783,53.24,1.51,17.92,8.8,0.15,5.22,8.33,3.56,0.82,0.45
3098,Basaltic andesite,-121.9207,44.7793,56.64,1.01,18.13,7.18,0.13,5.86,6.39,3.27,1.16,0.23
3099,Andesite,-121.9128,44.7758,58.01,0.93,16.83,6.37,0.11,5.51,7.08,3.66,1.29,0.21
3100,Andesite,-122.533,41.723,61.7,0.66,17.6,4.39,0.06,3.34,6.88,4.35,0.81,0.21
3101,Andesite,-122.521,41.698,61.53,0.69,17.65,4.45,0.06,3.13,6.96,4.34,0.96,0.24
3102,Andesite,-122.536,41.711,61.85,0.7,17.44,4.66,0.06,3.41,6.52,4.21,0.9,0.24
3103,Andesite,-122.517,41.656,62.89,0.68,17.84,3.68,0.05,2.45,6.73,4.59,0.82,0.29
3104,Andesite,-122.497,41.667,62.15,0.66,17.73,4.14,0.06,3.02,6.75,4.33,0.91,0.24
3105,Andesite,-122.533,41.723,62.22,0.7,17.51,4.27,0.06,3.1,6.5,4.3,1.1,0.23
3106,Andesite,-122.533,41.723,62.61,0.7,17.45,4.3,0.08,2.99,6.68,4.19,0.77,0.24
3107,Dacite,-122.514,41.714,67.46,0.39,16.89,3.55,0.06,1.24,3.81,4.63,1.75,0.22
3108,Andesite,-121.966,47.437,61.66,0.58,18.48,4.61,0.08,3.48,5.91,4.33,0.72,0.15
3109,Andesite,-121.879,47.278,57.8,1.17,19.23,7.0,0.1,3.29,6.16,4.14,0.84,0.27
3110,Andesite,-121.042,48.141,58.29,0.96,18.41,5.05,0.13,5.16,6.84,3.89,1.05,0.23
3111,Andesite,-121.116,48.149,58.87,0.81,18.59,3.94,0.31,5.06,7.23,3.72,1.24,0.24
3112,Dacite,-121.023,48.151,65.53,0.58,16.43,5.08,0.07,2.35,4.08,3.88,1.84,0.15
3113,Dacite,-122.342,47.072,68.03,0.42,16.45,3.17,0.06,1.41,4.14,4.24,1.92,0.16
3114,Andesite,-122.012,47.128,62.65,0.72,17.19,5.37,0.06,2.64,5.49,4.58,1.12,0.18
3115,Andesite,-122.043,47.047,62.18,0.65,16.82,5.4,0.08,3.53,6.02,3.32,1.87,0.13
3116,Andesite,-122.194,47.008,61.33,0.83,17.77,5.45,0.09,3.25,5.48,4.06,1.73,0.0
3117,Rhyolite,-122.147,47.027,72.55,0.35,15.34,2.07,0.03,0.28,0.53,5.89,2.95,0.0
3118,Andesite,-122.057,47.134,61.29,0.78,19.0,5.05,0.09,2.66,5.72,4.29,1.12,0.0
3119,Dacite,-122.057,47.134,68.24,0.46,16.55,2.66,0.06,1.44,4.42,4.11,2.06,0.0
3120,Basaltic andesite tuff,-122.0586,44.2075,54.52,1.41,17.27,9.14,0.0,4.12,9.34,3.51,0.69,0.0
3121,Basaltic andesite,-122.0672,44.0672,53.39,1.41,17.56,8.48,0.15,5.57,8.13,3.82,0.94,0.54
3122,Basaltic andesite,-122.1131,44.0028,54.39,1.24,17.56,8.58,0.16,4.9,7.41,3.76,1.39,0.61
3123,Basaltic andesite,-122.0897,44.1106,55.17,1.66,16.3,9.48,0.17,3.62,7.43,4.42,1.26,0.49
3124,Basalt,-122.0583,44.2144,50.82,1.72,18.52,9.69,0.17,5.02,8.96,3.77,0.95,0.38
3125,Basaltic andesite,-122.0828,44.2147,53.52,1.29,17.05,8.8,0.16,5.59,7.98,3.85,1.13,0.61
3126,Andesite,-122.0125,44.0906,59.79,1.03,17.65,6.03,0.14,2.63,5.8,4.93,1.75,0.24
3127,Andesite,-122.0722,44.1008,62.06,0.99,16.25,5.48,0.12,2.67,5.05,4.93,2.2,0.25
3128,Andesite,-122.0719,44.1067,62.34,0.98,16.27,5.33,0.12,2.46,4.78,5.19,2.29,0.24
3129,Andesite,-122.0731,44.1058,67.16,0.79,15.97,3.87,0.11,0.8,2.12,6.11,2.85,0.21
3130,Andesite,-122.0092,44.0364,68.01,0.68,15.87,3.15,0.1,0.68,2.43,5.9,3.0,0.16
3131,Basaltic andesite,-122.0828,44.0664,53.7,1.28,19.32,8.04,0.15,3.78,8.47,3.68,1.03,0.54
3132,Basaltic andesite,-122.0636,44.0703,53.37,1.25,18.63,8.39,0.16,4.51,8.68,3.71,0.73,0.56
3134,Basaltic andesite,-122.1903,44.0689,53.68,1.18,19.06,7.56,0.14,3.89,9.04,3.83,1.16,0.44
3135,Basalt,-122.1758,44.0583,51.73,1.4,19.35,8.64,0.16,5.76,7.94,3.9,0.79,0.35
3136,Basalt,-122.1244,44.0672,50.15,1.34,19.05,9.55,0.18,6.17,9.11,3.34,0.57,0.56
3137,Basalt,-122.0808,44.1203,50.13,1.51,20.4,9.41,0.16,4.52,9.39,3.64,0.47,0.36
3138,Basalt,-122.0792,44.1208,50.48,1.61,20.34,9.28,0.15,4.01,9.55,3.64,0.58,0.36
3139,Basalt,-122.0819,44.1217,51.81,1.73,19.24,8.94,0.15,3.75,8.99,4.11,0.91,0.38
3140,Basalt,-122.0819,44.1217,51.57,1.73,19.4,8.91,0.15,3.74,9.03,4.17,0.93,0.38
3141,Basalt,-122.1972,44.2081,49.01,1.09,17.29,9.43,0.18,9.05,10.68,2.51,0.48,0.28
3142,Basalt,-122.2006,44.2086,49.9,1.05,17.35,9.03,0.17,8.37,10.92,2.44,0.45,0.33
3143,Basalt,-122.1858,44.2181,49.16,1.09,17.24,9.64,0.18,8.98,10.51,2.51,0.41,0.29
3144,Basalt,-122.1286,44.2153,50.29,1.39,18.95,9.77,0.17,6.47,8.84,3.26,0.48,0.38
3145,Basalt,-122.1003,44.2117,49.55,1.47,19.0,10.39,0.18,6.51,8.78,3.34,0.36,0.42
3146,Basalt,-122.1003,44.2119,50.37,1.52,16.99,10.35,0.18,7.37,9.1,3.17,0.6,0.36
3147,Basalt,-122.0181,44.0653,50.34,1.21,17.33,9.43,0.17,7.39,10.38,2.93,0.58,0.24
3148,Basaltic andesite,-122.0656,44.0494,52.23,1.22,17.98,8.72,0.16,6.14,8.82,3.54,0.89,0.3
3149,Basalt,-122.0453,44.0558,51.98,1.27,17.77,8.89,0.22,5.97,9.09,3.45,0.88,0.47
3150,Basalt,-122.0361,44.0547,48.77,1.67,16.64,11.51,0.21,8.19,9.3,2.8,0.55,0.36
3151,Basalt,-122.0175,44.055,49.41,1.4,17.11,9.84,0.18,8.64,9.84,2.99,0.3,0.28
3152,Basalt,-122.0133,44.0736,49.66,1.12,17.33,9.21,0.17,8.93,10.57,2.27,0.55,0.19
3153,Basalt,-122.0186,44.0722,51.92,1.55,18.52,9.46,0.18,5.07,8.7,3.43,0.69,0.49
3154,Basaltic andesite,-122.0094,44.0739,52.02,1.23,19.29,8.72,0.17,4.56,9.11,3.79,0.56,0.56
3155,Basalt,-122.0103,44.0786,49.83,1.39,17.95,9.66,0.17,6.55,10.68,2.94,0.6,0.25
3156,Basaltic andesite,-122.0794,44.065,52.91,1.6,18.15,9.41,0.16,4.27,8.12,3.84,0.92,0.62
3157,Basaltic andesite,-122.2153,44.0022,55.34,1.28,17.93,8.21,0.15,4.25,7.11,4.07,1.19,0.46
3158,Basaltic andesite,-122.0708,44.1272,56.78,0.98,18.59,6.9,0.12,3.83,7.26,4.24,0.97,0.33
3159,Basalt,-122.0706,44.1267,50.35,1.03,17.36,8.48,0.16,8.96,10.06,2.87,0.5,0.22
3160,Basaltic andesite,-122.0092,44.0294,52.3,1.27,17.6,9.01,0.17,6.42,8.35,3.55,0.83,0.48
3161,Basalt,-122.2006,44.2092,49.74,1.11,17.25,9.43,0.17,8.23,10.65,2.63,0.48,0.31
3162,Basaltic andesite,-122.0889,44.2178,54.0,1.36,17.21,8.56,0.16,5.04,7.72,3.95,1.29,0.71
3163,Basaltic andesite,-122.0886,44.2392,55.32,0.83,18.84,7.21,0.13,4.63,8.18,3.59,1.04,0.22
3164,Andesite,-122.0831,44.1942,57.66,1.06,17.86,7.02,0.16,3.24,6.69,4.33,1.41,0.57
3165,Andesite,-122.1986,44.2069,58.96,1.03,18.72,6.9,0.12,3.43,5.82,3.77,1.02,0.22
3166,Basalt,-122.2103,44.2153,51.42,1.31,16.49,9.27,0.15,8.5,8.93,3.15,0.54,0.23
3167,Andesite,-122.2022,44.2147,60.31,0.87,18.39,6.22,0.11,2.97,5.74,4.02,1.18,0.19
3168,Andesite,-122.2,44.2156,59.88,0.89,17.91,6.15,0.12,3.23,6.54,3.99,1.07,0.19
3169,Andesite,-122.1828,44.2203,60.12,0.85,18.03,6.01,0.11,2.96,6.19,4.29,1.24,0.19
3170,Basaltic andesite,-122.0386,44.0556,54.97,1.26,17.98,8.15,0.17,4.4,7.58,3.9,1.07,0.5
3171,Basalt,-122.0328,44.0711,51.02,1.36,17.42,9.65,0.16,7.41,8.82,3.12,0.69,0.35
3172,Basalt,-122.0328,44.0711,50.89,1.37,17.41,9.74,0.16,7.42,8.85,3.13,0.68,0.35
3173,Andesite tuff,-122.1756,44.2244,62.29,1.28,16.23,6.48,0.14,2.3,5.15,4.03,1.82,0.28
3174,Andesite,-122.1889,44.2178,58.09,0.91,18.72,7.51,0.13,4.43,5.21,3.44,1.26,0.3
3175,Basaltic andesite,-122.1811,44.2311,56.75,1.35,16.29,8.3,0.16,4.19,8.2,3.72,0.78,0.27
3176,Basaltic andesite,-122.1594,44.2353,54.57,1.23,19.07,8.21,0.16,5.8,6.94,3.32,0.45,0.24
3177,Andesite,-122.1814,44.2378,62.92,1.36,15.68,6.43,0.17,1.77,4.72,4.87,1.59,0.48
3178,Andesite,-122.0681,44.0542,62.0,0.82,17.71,5.41,0.11,2.2,5.43,4.64,1.39,0.28
3179,Andesite,-122.0628,44.0964,61.71,0.75,18.07,5.27,0.12,2.46,5.46,4.29,1.67,0.19
3180,Basaltic andesite,-122.0978,44.145,55.42,0.98,18.33,7.25,0.13,4.69,7.86,4.2,0.88,0.25
3181,Basaltic andesite,-122.0994,44.1436,56.08,1.0,18.08,6.91,0.12,4.31,8.17,4.08,0.99,0.26
3182,Andesite dike,-122.2436,44.17,57.43,1.07,18.37,6.58,0.13,3.39,8.58,3.38,0.86,0.22
3183,Andesite dike,-122.2011,44.2428,57.38,1.2,17.73,7.22,0.14,3.3,7.72,4.04,1.03,0.24
3184,Dacite dike,-122.085,44.0797,67.81,0.71,16.09,3.26,0.09,0.85,2.54,5.74,2.74,0.18
3185,Andesite dike,-122.0994,44.0722,61.43,0.84,17.55,5.67,0.11,2.57,5.77,4.45,1.44,0.17
3186,Andesite tuff,-122.1975,44.2456,62.08,1.36,16.61,7.24,0.16,3.2,6.24,1.58,1.25,0.29
3187,Dacite,-122.2328,44.1897,69.62,0.76,16.17,3.7,0.07,0.59,2.45,4.52,2.0,0.12
3188,Dacite,-122.2414,44.1919,69.44,0.74,15.49,3.64,0.11,0.74,2.22,5.37,2.1,0.15
3189,Dacite,-122.2467,44.2081,67.64,0.79,16.17,3.85,0.11,0.54,3.15,5.4,2.16,0.18
3190,Andesite,-122.2428,44.1831,58.29,1.31,16.22,8.06,0.14,3.48,7.05,4.08,1.14,0.25
3191,Andesite,-122.24,44.1817,58.04,1.37,16.8,7.7,0.16,3.27,7.06,4.22,1.01,0.37
3192,Dacite,-122.2472,44.2469,63.76,1.02,16.61,5.05,0.13,1.76,4.57,5.37,1.45,0.27
3193,Basaltic andesite tuff,-122.2267,44.2222,52.92,1.14,18.72,8.64,0.24,4.83,9.15,3.15,0.98,0.22
3194,Basalt tuff,-122.2447,44.2075,49.81,1.48,15.36,10.46,0.32,6.84,12.48,2.51,0.47,0.28
3195,Basalt tuff,-122.2447,44.2075,49.67,1.49,15.35,10.55,0.32,6.84,12.47,2.55,0.47,0.28
3196,Basalt tuff,-122.2014,44.2336,51.1,1.42,18.29,9.24,0.33,5.18,10.26,3.44,0.43,0.3
3197,Basaltic andesite tuff,-122.2475,44.2214,52.45,1.13,18.32,8.25,0.14,4.91,9.88,3.39,1.34,0.19
3198,Basalt tuff,-122.2444,44.2269,51.59,1.25,17.44,8.88,0.24,6.16,10.38,3.19,0.64,0.24
3199,Andesite tuff,-122.2331,44.2278,60.65,1.15,18.04,6.33,0.18,1.31,3.96,5.68,2.4,0.3
3200,Basaltic andesite,-122.2389,44.1972,52.91,1.22,17.26,9.0,0.2,5.67,9.54,3.15,0.82,0.24
3201,Andesite,-122.2439,44.215,60.04,1.44,16.33,7.65,0.14,2.73,5.95,4.16,1.27,0.29
3202,Basaltic andesite,-122.2289,44.2214,52.83,1.19,16.9,8.63,0.16,5.83,10.53,3.28,0.41,0.22
3203,Basaltic andesite,-122.2425,44.1986,53.38,1.2,16.94,8.63,0.19,5.59,9.77,3.32,0.73,0.23
3204,Basaltic andesite,-122.2519,44.2089,55.85,2.2,14.98,10.94,0.2,3.57,6.84,3.46,1.54,0.41
3205,Basaltic andesite,-122.2486,44.2314,53.01,1.43,17.5,8.66,0.15,5.59,8.26,3.85,1.01,0.55
3206,Dacite,-121.204,46.824,65.57,0.65,16.96,4.1,0.08,1.75,4.71,4.2,1.79,0.19
3207,Andesite,-121.247,46.758,61.13,0.82,17.96,4.79,0.08,2.65,6.73,4.11,1.42,0.31
3208,Andesite,-121.237,46.763,62.89,0.74,17.44,4.91,0.09,2.45,5.7,4.06,1.53,0.19
3209,Basaltic andesite intrusion,-121.944,46.647,54.82,1.06,18.92,8.64,0.15,3.68,9.44,3.02,0.14,0.13
3210,Basaltic andesite intrusion,-121.928,46.524,56.74,1.77,16.97,9.76,0.17,2.86,7.59,3.2,0.71,0.22
3211,Rhyolite intrusion,-121.824,46.579,76.71,0.18,14.17,2.38,0.07,0.05,1.9,2.44,1.97,0.12
3212,Diorite,-121.85,46.528,64.92,0.65,16.26,5.2,0.1,2.66,5.59,3.2,1.29,0.13
3213,Granodiorite,-121.884,46.591,67.74,0.57,15.96,4.61,0.1,1.71,4.4,3.03,1.73,0.15
3214,Basaltic andesite,-121.7953,46.7278,52.03,1.27,16.76,9.65,0.17,5.56,10.96,2.69,0.67,0.24
3215,Andesite,-121.959,46.5364,58.77,1.09,15.81,8.21,0.16,4.2,8.2,3.0,0.4,0.16
3216,Andesite,-121.884,46.505,57.89,1.4,17.12,9.38,0.17,2.62,7.58,2.84,0.78,0.23
3217,Andesite,-121.819,46.517,58.87,1.52,18.05,9.59,0.17,2.63,5.3,3.33,0.43,0.11
3218,Basaltic andesite,-121.374,46.516,52.53,0.94,15.54,8.24,0.11,9.41,9.37,2.68,0.98,0.2
3219,Basaltic andesite,-121.371,46.516,53.2,0.94,15.94,8.09,0.11,8.34,9.57,2.61,1.01,0.19
3220,Basaltic andesite,-121.385,46.515,53.24,1.04,17.21,7.99,0.1,6.06,9.94,3.24,0.98,0.2
3221,Andesite,-121.384,46.521,60.56,0.05,17.58,7.17,0.01,1.7,8.05,2.68,2.18,0.02
3222,Andesite,-121.387,46.512,61.32,0.96,16.15,6.27,0.09,3.48,5.6,3.25,2.66,0.22
3223,Andesite,-121.394,46.512,61.87,1.03,16.96,6.68,0.06,3.16,4.4,2.69,2.92,0.23
3224,Andesite,-121.383,46.512,61.9,1.03,16.78,5.49,0.1,2.65,6.0,3.66,2.17,0.22
3225,Andesite,-121.394,46.512,62.03,1.0,16.52,5.98,0.08,2.6,5.8,3.43,2.32,0.24
3226,Andesite,-121.385,46.512,62.47,0.87,16.64,5.65,0.08,2.77,5.53,3.52,2.29,0.18
3227,Andesite,-121.378,46.52,62.7,0.79,17.44,5.91,0.06,1.73,5.85,3.66,1.61,0.25
3228,Dacite,-121.391,46.513,63.54,0.92,16.35,4.98,0.06,2.61,6.09,3.33,1.91,0.21
3229,Dacite,-121.382,46.512,63.95,0.9,16.87,4.71,0.08,1.51,4.78,4.24,2.75,0.21
3230,Dacite,-121.463,46.713,65.61,0.66,17.47,4.44,0.06,1.76,4.34,4.24,1.26,0.16
3231,Dacite,-121.274,46.698,65.81,0.64,16.48,4.26,0.04,2.4,5.1,3.65,1.45,0.17
3232,Dacite,-121.421,46.841,66.41,0.52,17.57,3.47,0.08,1.61,4.66,4.11,1.42,0.15
3233,Dacite,-121.46,46.726,66.63,0.55,16.78,3.83,0.05,1.66,4.44,4.29,1.61,0.16
3234,Dacite,-121.282,46.701,66.78,0.52,17.06,3.66,0.04,1.41,4.79,3.86,1.73,0.15
3235,Dacite,-121.314,46.743,66.93,0.5,16.66,3.61,0.06,1.64,4.67,4.11,1.66,0.16
3236,Dacite,-121.285,46.749,67.35,0.58,16.3,4.09,0.05,1.78,5.44,3.32,0.89,0.2
3237,Dacite,-121.376,46.516,66.9,0.71,16.13,5.35,0.05,0.58,2.13,3.73,4.25,0.17
3238,Rhyolite,-121.374,46.518,71.83,0.38,14.61,3.13,0.07,0.06,1.0,4.88,3.99,0.05
3239,Rhyolite,-121.376,46.513,72.71,0.37,14.82,1.89,0.02,0.0,1.0,5.23,3.89,0.07
3240,Rhyolite,-121.38,46.522,75.01,0.05,14.24,1.12,0.0,0.08,1.62,3.13,4.73,0.02
3241,Rhyolite,-121.368,46.525,76.74,0.07,13.46,1.16,0.0,0.06,1.01,3.31,4.17,0.02
3242,Rhyolite,-121.384,46.521,78.36,0.05,11.89,1.02,0.01,0.0,0.79,1.64,6.22,0.02
3243,Andesite,-121.577,46.02,59.8,1.23,16.34,8.07,0.18,2.77,7.33,2.23,1.77,0.28
3244,Andesite,-121.59,45.987,58.67,0.78,17.31,9.48,0.25,2.82,6.23,3.15,0.89,0.42
3245,Andesite,-121.666,46.219,61.05,0.8,17.62,7.09,0.0,1.62,5.87,4.25,1.7,0.0
3246,Basaltic andesite,-121.647,46.247,56.33,0.89,17.71,8.9,0.0,4.2,7.8,3.1,1.06,0.0
3247,Andesite,-121.668,46.271,59.66,1.13,16.82,8.0,0.0,2.03,6.69,4.05,1.62,0.0
3248,Andesite,-122.727,45.889,57.73,1.65,15.9,9.37,0.15,3.43,7.24,3.36,0.9,0.27
3249,Andesite,-122.726,45.904,60.79,1.43,15.99,7.78,0.15,2.66,6.64,3.45,0.84,0.26
3250,Andesite,-122.709,45.874,57.56,1.72,16.86,9.24,0.17,3.28,6.8,2.97,1.14,0.26
3251,Basaltic andesite,-122.874,45.991,55.12,1.04,17.42,8.61,0.15,4.62,9.39,2.9,0.54,0.2
3252,Basaltic andesite,-122.754,45.94,56.8,1.37,15.94,9.36,0.17,4.0,7.99,3.4,0.78,0.19
3253,Basaltic andesite,-122.824,46.046,55.22,1.25,17.03,8.21,0.14,5.1,9.16,3.11,0.51,0.25
3254,Andesite,-122.769,45.981,58.06,1.77,15.62,9.93,0.16,3.12,7.1,3.14,0.81,0.29
3255,Andesite,-122.784,45.964,62.18,1.31,15.74,7.78,0.14,2.27,5.49,3.16,1.65,0.28
3274,Basalt,-121.775,46.495,47.5,0.8,16.35,5.74,0.28,4.9,18.13,6.02,0.0,0.28
3275,Gabbro,-121.6085,46.4383,50.01,0.76,20.59,9.13,0.15,5.8,11.04,2.41,0.0,0.11
3276,Gabbro,-121.6707,46.3963,52.09,1.02,21.01,9.2,0.16,4.56,10.84,0.55,0.42,0.15
3277,Basalt,-121.942,46.4992,51.13,1.52,20.1,9.25,0.17,4.26,9.62,3.57,0.15,0.23
3278,Basaltic andesite,-121.7787,46.4907,52.83,1.44,16.57,9.78,0.16,6.21,9.8,2.62,0.37,0.21
3279,Basaltic andesite,-122.007,46.477,53.28,1.22,18.56,8.94,0.15,4.89,9.36,2.79,0.59,0.21
3280,Basaltic andesite,-121.9647,46.4363,53.42,1.14,18.88,8.66,0.19,4.83,9.83,2.71,0.19,0.15
3281,Basaltic andesite,-122.07,46.476,53.59,1.09,18.86,8.23,0.14,4.76,9.81,2.76,0.57,0.18
3282,Basaltic andesite,-121.6667,46.4487,53.92,1.29,16.87,9.46,0.16,5.48,8.11,3.51,1.01,0.18
3283,Basaltic andesite,-121.83,46.48,54.32,1.43,16.97,9.53,0.16,4.91,9.06,2.73,0.67,0.23
3284,Basaltic andesite,-121.9065,46.4847,55.74,1.22,18.28,9.07,0.17,3.7,8.64,2.8,0.23,0.16
3285,Basaltic andesite,-121.9388,46.459,55.93,1.23,18.08,9.0,0.16,3.58,8.55,3.03,0.29,0.16
3286,Basaltic andesite,-121.7078,46.474,56.49,1.45,16.48,9.09,0.16,4.19,8.35,3.18,0.3,0.31
3287,Basaltic andesite intrusion,-121.5288,46.3962,56.61,1.2,15.76,8.74,0.15,5.03,8.66,3.18,0.46,0.21
3288,Basaltic andesite,-121.7398,46.472,56.63,1.23,16.97,8.7,0.14,4.67,7.77,3.0,0.66,0.22
3289,Andesite,-121.925,46.31,57.1,1.65,16.34,9.09,0.17,3.11,6.96,4.07,1.23,0.27
3290,Andesite,-121.8731,46.3428,57.4,1.57,17.28,8.4,0.19,2.09,7.19,4.17,1.34,0.36
3291,Andesite,-121.9335,46.4902,57.3,1.07,17.56,7.84,0.14,4.04,8.21,3.11,0.53,0.18
3292,Andesite,-121.742,46.4043,58.32,1.33,17.67,8.61,0.14,2.56,7.42,3.11,0.6,0.24
3293,Andesite,-121.9455,46.398,58.48,1.12,17.15,7.6,0.15,3.57,7.7,2.8,1.21,0.2
3294,Andesite,-121.6433,46.4528,58.65,1.24,16.07,8.15,0.15,3.83,8.05,2.75,0.89,0.22
3295,Andesite,-121.9605,46.365,59.74,1.21,15.66,8.16,0.13,3.86,7.23,2.6,1.16,0.24
3296,Andesite,-121.7613,46.4305,61.74,1.11,16.66,7.19,0.13,3.07,3.79,4.3,1.72,0.28
3297,Diorite,-121.6342,46.6342,62.43,0.74,16.94,5.48,0.11,3.08,5.86,3.63,1.55,0.18
3298,Dacite vitrophyre,-121.8238,46.4428,64.16,0.88,15.87,7.29,0.14,1.7,5.29,2.93,1.56,0.19
3299,Diorite,-121.6473,46.3375,64.42,0.7,16.54,5.03,0.08,2.71,5.29,3.68,1.38,0.17
3300,Dacite,-121.51,46.49,65.16,1.14,14.69,7.82,0.16,1.12,4.18,3.84,1.51,0.39
3301,Diorite,-121.7378,46.3833,65.12,0.77,16.43,5.14,0.09,2.3,4.79,3.67,1.51,0.17
3302,Diorite,-121.7915,46.4388,65.16,0.73,16.97,5.05,0.08,1.94,4.98,3.86,1.05,0.18
3303,Diorite,-121.742,46.4243,65.8,0.7,16.95,4.95,0.08,1.85,5.07,3.43,1.0,0.17
3304,Dacite sill,-121.615,46.455,65.96,0.63,16.78,4.69,0.09,2.37,4.23,3.85,1.24,0.16
3305,Dacite sill,-121.895,46.446,68.66,0.88,14.59,5.45,0.11,0.93,3.6,3.15,2.42,0.21
3306,Dacite sill,-121.7303,46.332,69.34,0.62,15.44,4.72,0.14,0.72,3.01,3.94,1.9,0.17
3307,Rhyolite intrusion,-121.7297,46.34,77.11,0.11,14.55,0.88,0.08,0.02,1.3,3.03,2.84,0.08
3323,Dacite sill,-122.569,46.482,63.59,0.72,15.19,9.16,0.2,0.62,5.01,3.96,1.3,0.25
3324,Dacite sill,-122.568,46.481,63.43,0.72,15.09,9.39,0.21,0.62,4.88,4.65,0.76,0.23
3325,Basalt sill,-122.61,46.52,48.76,0.9,22.79,8.97,0.17,3.64,10.4,3.24,1.0,0.12
3326,Basalt sill,-122.568,46.453,49.48,1.12,22.76,9.11,0.19,3.44,10.72,3.0,0.05,0.13
3327,Basalt sill,-121.5683,46.446,50.54,1.22,19.58,11.43,0.2,4.08,9.83,2.93,0.05,0.14
3328,Basaltic andesite sill,-122.591,46.454,56.05,1.26,17.36,8.3,0.14,4.07,8.08,3.64,0.88,0.21
3329,Basaltic andesite sill,-122.552,46.458,55.16,1.84,17.37,9.6,0.16,3.31,7.78,3.59,0.87,0.33
3330,Basalt sill,-122.552,46.478,51.72,1.87,15.83,12.79,0.25,4.64,9.86,2.79,0.05,0.2
3331,Basalt sill,-121.549,46.4647,51.4,1.49,17.69,8.9,0.22,6.72,10.38,2.96,0.02,0.22
3332,Basaltic andesite sill,-122.592,46.503,55.43,1.59,16.47,10.78,0.2,3.09,7.45,3.32,1.31,0.37
3333,Basalt sill,-122.551,46.418,49.98,0.85,22.73,7.89,0.13,3.81,11.68,2.8,0.04,0.09
3334,Dacite sill,-122.564,46.494,63.96,0.7,15.41,8.72,0.2,0.54,5.39,3.83,1.03,0.22
3335,Basalt sill,-122.553,46.427,51.55,1.55,18.19,9.89,0.17,5.14,8.84,3.56,0.89,0.22
3336,Basaltic andesite sill,-122.549,46.433,53.11,1.36,19.76,9.14,0.15,3.12,8.46,3.68,1.01,0.2
3337,Basalt sill,-122.558,46.429,49.05,0.74,23.57,7.74,0.13,3.99,11.21,3.27,0.21,0.08
3338,Basaltic andesite sill,-122.585,46.496,56.4,1.52,16.74,10.17,0.2,2.83,5.98,4.21,1.57,0.38
3339,Basalt sill,-122.583,46.512,49.75,0.98,22.26,8.98,0.17,4.3,10.05,3.12,0.26,0.12
3340,Andesite sill,-122.587,46.508,62.48,1.3,14.93,10.37,0.2,1.55,4.27,4.36,0.34,0.19
3341,Andesite sill,-122.586,46.505,58.77,1.29,15.22,11.98,0.23,1.26,5.65,3.61,1.45,0.54
3342,Basalt sill,-122.579,46.484,50.13,1.26,19.81,10.35,0.18,4.36,10.87,2.83,0.05,0.15
3343,Andesite,-122.543,46.354,59.85,1.18,16.12,8.4,0.15,3.37,6.49,2.97,1.21,0.27
3344,Basaltic andesite,-122.805,46.161,55.83,1.61,16.98,9.58,0.15,3.75,7.86,3.26,0.72,0.27
3345,Basaltic andesite,-122.828,46.1,52.49,1.84,15.63,12.31,0.22,4.46,9.09,2.76,0.96,0.26
3346,Basaltic andesite,-122.867,46.304,52.56,1.99,15.78,12.45,0.2,4.02,8.51,3.61,0.58,0.28
3347,Basaltic andesite,-122.836,46.046,54.78,1.2,17.2,8.36,0.13,5.03,9.31,3.21,0.5,0.27
3348,Basaltic andesite,-122.865,46.068,53.42,1.53,16.73,8.71,0.15,5.2,9.97,3.24,0.6,0.43
3349,Andesite,-122.447,46.469,60.62,1.08,16.4,7.08,0.14,3.41,6.69,3.06,1.26,0.25
3350,Basaltic andesite,-122.793,46.178,55.53,1.35,17.67,8.48,0.16,4.37,8.47,3.13,0.55,0.28
3351,Basaltic andesite,-122.875,46.416,55.04,2.19,16.17,9.39,0.18,3.88,8.25,3.72,0.7,0.48
3352,Basaltic andesite,-122.86,46.093,54.94,2.09,15.99,11.19,0.18,3.39,7.59,3.53,0.76,0.33
3353,Basaltic andesite,-122.854,46.093,56.08,1.51,17.66,8.61,0.16,3.45,8.35,3.16,0.74,0.28
3354,Basaltic andesite,-122.915,46.084,52.13,1.2,17.94,9.06,0.12,6.22,10.11,2.77,0.26,0.19
3355,Basalt,-122.645,46.307,50.0,1.5,16.56,10.26,0.21,7.7,10.5,2.61,0.4,0.25
3356,Basaltic andesite,-122.864,46.059,54.03,1.73,16.14,9.7,0.16,4.97,9.06,3.1,0.57,0.52
3357,Andesite,-122.414,46.172,59.61,1.08,16.82,7.31,0.14,3.81,7.08,2.84,1.06,0.24
3358,Andesite,-122.49,46.46,58.93,1.14,17.13,7.17,0.17,3.86,7.3,3.02,1.04,0.24
3359,Andesite,-122.426,46.172,58.29,2.13,15.92,9.33,0.19,2.98,6.51,3.32,0.82,0.51
3360,Basalt,-122.878,46.262,49.79,1.87,16.5,11.15,0.17,5.26,12.19,2.69,0.18,0.2
3361,Andesite,-122.64,46.371,57.5,1.4,17.77,7.56,0.16,3.58,7.13,3.35,1.29,0.26
3362,Basaltic andesite,-122.878,46.266,52.95,1.08,17.69,8.86,0.15,5.25,10.84,2.79,0.23,0.15
3363,Basaltic andesite,-122.767,46.041,56.88,1.53,17.34,8.68,0.17,3.23,7.6,3.66,0.71,0.19
3364,Basaltic andesite,-122.863,46.122,56.48,1.91,16.98,9.65,0.15,2.86,7.2,3.59,0.83,0.34
3365,Basaltic andesite,-122.736,46.028,56.14,1.68,17.01,9.53,0.16,3.12,7.49,3.72,0.86,0.29
3366,Basaltic andesite,-122.755,46.016,54.74,1.28,17.01,9.06,0.15,4.91,9.2,2.84,0.58,0.23
3367,Basalt,-122.848,46.077,51.48,1.16,16.59,9.21,0.15,8.33,9.91,2.81,0.15,0.2
3368,Basaltic andesite,-122.843,46.016,53.09,0.96,18.46,8.23,0.16,4.58,10.77,3.15,0.43,0.15
3369,Basaltic andesite,-122.748,46.177,52.78,1.69,16.68,9.19,0.17,6.91,9.38,2.52,0.39,0.28
3370,Andesite,-122.451,46.458,57.49,1.22,17.41,7.85,0.12,4.16,7.49,2.86,1.12,0.27
3371,Basaltic andesite,-122.755,46.016,55.4,1.03,17.44,7.92,0.14,5.38,8.93,2.73,0.81,0.21
3372,Basaltic andesite,-122.882,46.261,53.67,1.02,17.73,8.18,0.15,5.12,11.16,2.65,0.14,0.18
3373,Basaltic andesite,-122.84,46.014,56.06,1.11,16.91,9.02,0.13,3.92,8.8,3.27,0.59,0.18
3374,Andesite,-122.49,46.46,58.92,1.43,17.08,8.22,0.15,2.68,6.71,3.4,1.11,0.3
3375,Andesite,-122.448,46.458,60.79,1.45,16.08,8.02,0.14,3.06,5.63,2.57,1.98,0.28
3376,Andesite,-122.894,46.064,57.46,1.32,16.41,8.32,0.15,4.13,7.85,3.18,0.77,0.4
3377,Andesite,-122.865,46.155,58.75,1.36,16.51,9.0,0.15,2.19,7.84,3.07,0.85,0.27
3378,Andesite,-122.88,46.234,60.68,1.66,16.1,8.01,0.16,2.43,5.76,3.74,0.97,0.48
3379,Basaltic andesite,-122.905,46.268,53.67,1.89,16.33,10.25,0.17,4.49,9.03,3.31,0.58,0.28
3380,Andesite,-122.385,46.166,58.35,1.23,16.0,8.19,0.16,4.28,7.55,2.93,1.06,0.25
3381,Rhyolite,-121.711,47.148,72.59,0.37,14.34,2.86,0.04,0.47,1.35,2.84,5.1,0.03
3382,Dacite,-121.711,47.148,65.35,0.61,15.59,4.77,0.07,2.96,4.07,3.94,2.57,0.09
3383,Andesite,-121.82,47.1,58.46,0.98,17.19,7.61,0.13,4.0,7.38,3.07,1.03,0.13
3384,Dacite,-121.82,47.1,64.17,0.77,15.99,5.89,0.09,2.53,5.02,3.38,2.01,0.13
3386,Dacite,-121.82,47.1,64.16,0.72,16.25,6.66,0.08,2.4,5.09,3.35,1.13,0.17
3387,Rhyolite,-121.727,47.012,73.34,0.4,12.72,3.68,0.04,0.15,1.21,4.29,4.1,0.06
3388,Rhyolite,-121.727,47.012,74.27,0.48,12.41,3.44,0.04,0.61,2.26,4.24,2.18,0.06
3389,Rhyolite,-121.727,47.012,74.52,0.45,12.23,3.22,0.04,0.29,1.57,4.82,2.83,0.03
3390,Rhyolite,-121.72,47.013,74.7,0.45,12.22,3.15,0.04,0.27,1.3,4.26,3.56,0.06
3391,Rhyolite,-121.72,47.013,76.22,0.4,12.07,2.29,0.02,0.16,1.02,3.06,4.74,0.03
3392,Quartz diorite sill,-121.78,47.1,63.13,0.77,16.73,6.02,0.13,2.41,5.56,3.64,1.52,0.09
3393,Andesite sill,-121.78,47.1,57.65,1.05,17.47,7.97,0.15,3.79,7.83,2.89,0.98,0.22
3394,Granodiorite sill,-121.78,47.1,62.57,0.83,15.33,6.9,0.1,2.95,5.86,3.43,1.85,0.17
3395,Quartz diorite sill,-121.654,47.092,59.86,0.94,17.24,5.85,0.1,3.71,6.74,3.64,1.65,0.28
3396,Monzogranite sill,-121.93,47.01,70.87,0.36,15.33,3.07,0.04,1.09,2.49,2.33,4.33,0.09
3397,Quartz diorite,-121.75,47.04,60.19,1.09,13.24,9.49,0.17,3.88,7.06,3.28,1.35,0.25
3398,Quartz diorite,-121.75,47.04,56.8,1.18,14.52,8.57,0.11,4.63,8.16,4.55,1.23,0.25
3401,Granodiorite,-121.75,47.04,63.76,0.68,16.96,4.8,0.06,2.38,4.75,4.35,2.12,0.13
3402,Granodiorite,-121.75,47.04,66.13,0.74,14.97,5.08,0.1,2.02,4.07,3.58,3.19,0.12
3403,Rhyolite,-122.633,42.022,73.48,0.39,13.51,3.03,0.08,1.03,3.44,4.04,0.94,0.06
3404,Basaltic andesite,-122.633,42.022,54.48,0.81,18.98,8.38,0.19,4.12,8.64,3.89,0.43,0.08
3405,Andesite,-122.668,42.036,57.21,0.84,16.99,8.99,0.17,3.85,7.73,3.18,0.83,0.2
3406,Rhyolite,-122.633,42.022,73.23,0.38,13.85,3.25,0.1,0.52,3.09,4.31,1.23,0.04
3407,Rhyolite,-122.6,42.052,75.62,0.4,12.76,1.27,0.06,0.55,1.71,3.52,4.07,0.04
3408,Basalt intrusion,-121.666,45.809,48.38,1.45,15.32,11.75,0.19,9.18,10.81,2.19,0.48,0.24
3409,Basalt,-121.7,45.839,50.77,1.68,17.01,11.67,0.21,5.37,9.63,2.77,0.71,0.18
3410,Basaltic andesite intrusion,-121.677,45.848,52.18,2.91,14.02,13.98,0.24,4.18,9.02,2.84,0.2,0.42
3411,Basalt intrusion,-121.68,45.853,52.21,2.16,14.72,12.51,0.19,5.06,10.19,2.45,0.25,0.25
3412,Basalt intrusion,-121.687,45.828,52.53,2.24,15.06,12.69,0.2,4.63,9.13,2.54,0.65,0.32
3413,Basalt intrusion,-121.798,45.769,52.66,1.46,18.47,9.29,0.15,5.01,9.26,2.62,0.85,0.22
3414,Basalt,-121.91,45.864,53.06,2.01,16.87,10.97,0.17,4.31,8.58,2.74,0.96,0.33
3415,Basaltic andesite intrusion,-121.761,45.838,54.36,1.45,17.8,8.89,0.15,4.24,9.5,2.82,0.55,0.24
3416,Basaltic andesite,-121.825,45.868,54.72,1.6,15.61,11.08,0.18,4.69,8.75,2.69,0.48,0.2
3417,Basaltic andesite,-122.001,45.973,55.49,1.32,17.09,9.21,0.19,4.31,8.71,2.85,0.6,0.23
3418,Basaltic andesite intrusion,-121.976,45.994,55.04,1.37,16.84,8.62,0.15,4.78,9.45,3.08,0.47,0.2
3419,Basaltic andesite intrusion,-121.918,45.869,55.39,2.42,15.04,11.18,0.18,3.85,7.78,2.54,1.22,0.39
3420,Basaltic andesite intrusion,-121.891,45.837,55.5,1.44,18.05,8.91,0.16,3.88,6.55,4.14,1.14,0.23
3421,Basaltic andesite,-121.813,45.802,55.66,1.35,16.61,9.78,0.18,4.39,8.12,3.24,0.5,0.18
3422,Andesite,-121.976,45.919,55.84,1.34,17.54,8.52,0.16,4.01,8.91,2.69,0.68,0.32
3423,Basaltic andesite intrusion,-121.666,45.842,56.02,2.36,14.71,11.91,0.23,3.07,6.95,3.35,0.82,0.57
3424,Andesite,-121.992,45.945,58.21,1.27,17.37,8.41,0.17,3.09,7.26,2.62,1.37,0.23
3425,Andesite,-121.953,45.906,58.39,1.36,16.76,9.14,0.15,2.95,7.81,2.79,0.38,0.25
3426,Andesite intrusion,-121.888,45.883,58.43,2.03,15.76,9.49,0.16,3.0,6.23,3.11,1.33,0.45
3427,Andesite intrusion,-121.879,45.873,58.77,1.99,15.22,9.8,0.18,3.15,6.49,2.81,1.25,0.34
3428,Andesite intrusion,-121.793,45.824,59.21,1.47,16.67,8.4,0.18,2.8,6.48,3.44,1.03,0.31
3429,Andesite intrusion,-121.95,45.925,59.95,1.32,16.22,8.75,0.16,2.82,6.31,2.67,1.57,0.24
3430,Andesite,-121.7,45.843,60.4,2.34,11.95,12.67,0.17,2.47,4.91,3.55,0.9,0.63
3431,Andesite,-121.986,45.948,61.55,1.16,17.08,8.42,0.12,2.08,5.09,2.61,1.65,0.24
3432,Dacite intrusion,-121.698,45.781,63.65,0.66,18.59,4.65,0.09,1.81,5.7,3.8,0.81,0.23
3433,Dacite intrusion,-121.708,45.78,63.95,0.64,18.73,4.58,0.08,1.73,5.5,3.78,0.79,0.21
3434,Andesite,-121.978,45.927,64.65,0.77,16.5,7.37,0.13,1.29,4.31,2.46,2.27,0.25
3435,Quartz diorite,-121.73,45.705,66.78,0.5,17.29,4.08,0.08,1.58,5.11,3.31,1.1,0.16
3436,Diorite,-121.701,45.792,67.57,0.47,16.69,3.89,0.08,1.4,4.94,3.82,0.99,0.15
3437,Dacite intrusion,-121.896,45.863,67.65,0.48,17.11,3.69,0.08,1.35,4.97,3.62,0.9,0.15
3438,Dacite intrusion,-122.777,46.911,73.05,0.74,14.61,2.79,0.11,0.43,2.34,3.96,1.82,0.16
3439,Dacite intrusion,-122.021,46.6,70.42,0.48,14.49,3.36,0.09,0.88,4.8,3.0,2.39,0.09
3440,Gabbro,-122.716,46.874,53.5,1.57,17.21,9.13,0.14,5.02,9.38,2.96,0.75,0.34
3441,Rhyolite dike,-122.048,46.558,74.62,0.16,14.47,3.3,0.09,0.0,2.19,3.65,1.45,0.08
3442,Andesite,-122.326,46.727,60.18,0.84,18.04,6.79,0.12,2.96,6.58,3.24,1.05,0.2
3443,Andesite,-122.018,46.602,61.29,0.57,17.89,8.57,0.14,1.77,6.05,3.13,0.41,0.18
3444,Andesite,-122.044,46.584,58.39,1.48,16.85,9.13,0.18,2.92,6.61,3.66,0.57,0.22
3445,Andesite dike,-122.447,46.546,59.46,1.63,16.89,8.23,0.16,2.46,6.44,3.58,0.68,0.46
3446,Basaltic andesite,-122.285,46.502,54.13,1.63,17.49,9.52,0.15,4.63,8.69,2.87,0.62,0.27
3447,Basaltic andesite,-122.139,46.899,56.98,1.32,18.48,7.83,0.12,3.02,7.91,3.2,0.89,0.25
3448,Basaltic andesite,-122.162,46.9,55.68,1.09,17.44,7.93,0.13,6.48,7.35,2.93,0.73,0.24
3449,Andesite,-122.146,46.83,60.76,0.8,17.8,5.84,0.1,3.38,7.12,2.87,1.17,0.17
3450,Andesite,-122.46,46.61,58.57,1.22,18.23,7.26,0.12,3.1,7.51,2.91,0.83,0.25
3451,Basaltic andesite,-122.447,46.546,52.53,1.61,17.82,9.12,0.17,5.24,9.87,2.77,0.54,0.33
3452,Basaltic andesite,-122.418,46.54,56.48,1.83,17.78,8.7,0.14,3.01,7.68,3.19,0.83,0.36
3453,Andesite,-122.376,46.538,57.95,1.23,18.61,7.17,0.11,2.86,6.68,4.01,1.14,0.24
3454,Basaltic andesite,-122.293,46.554,55.61,2.02,15.91,10.36,0.17,4.25,7.81,2.76,0.78,0.32
3455,Basaltic andesite,-122.349,46.545,56.73,1.56,18.02,8.19,0.14,3.36,7.05,3.16,1.43,0.34
3456,Andesite,-122.201,46.532,61.18,1.33,15.75,7.96,0.13,2.8,5.72,3.44,1.28,0.4
3457,Basaltic andesite,-122.186,46.51,56.02,1.22,20.82,7.96,0.07,2.41,6.12,4.43,0.73,0.22
3458,Andesite,-122.178,46.512,57.47,1.21,17.2,7.95,0.15,3.83,7.92,2.9,1.08,0.28
3459,Dacite,-122.184,46.514,63.51,1.1,19.11,3.7,0.12,1.08,6.76,3.79,0.57,0.24
3460,Basaltic andesite,-122.593,46.502,55.17,2.06,16.1,10.73,0.17,3.45,7.94,3.12,0.87,0.38
3461,Andesite,-122.314,46.571,57.1,1.3,16.46,8.11,0.13,4.95,8.26,2.94,0.45,0.3
3462,Andesite,-122.716,46.876,58.41,1.47,16.28,9.36,0.17,3.11,6.65,3.53,0.74,0.29
3463,Andesite,-122.791,46.821,59.1,1.59,15.86,8.57,0.13,3.11,6.88,3.28,1.17,0.31
3464,Andesite,-122.736,46.81,61.4,1.47,16.15,7.45,0.16,2.49,5.5,4.17,0.91,0.3
3465,Andesite,-122.733,46.792,57.21,1.84,15.44,10.26,0.17,3.29,6.99,3.57,0.93,0.3
3466,Andesite,-122.47,46.616,62.44,0.79,17.97,6.73,0.13,2.08,5.37,3.3,0.9,0.3
3467,Basaltic andesite,-122.355,46.582,55.05,1.33,17.82,8.57,0.15,4.54,8.66,2.93,0.72,0.23
3468,Basaltic andesite,-122.485,46.537,56.79,1.97,15.92,9.9,0.2,3.3,7.07,3.45,0.98,0.42
3469,Basaltic andesite,-122.423,46.538,53.21,1.12,19.82,7.65,0.14,4.41,9.93,3.17,0.32,0.23
3470,Andesite,-122.245,46.697,57.67,1.26,16.82,7.61,0.12,4.22,7.71,3.22,1.08,0.28
3471,Basaltic andesite aphanite,-121.668,46.92,53.12,1.52,19.73,8.78,0.13,2.65,10.53,2.94,0.38,0.21
3472,Basaltic andesite aphanite,-121.628,46.918,52.98,1.54,19.89,8.77,0.13,2.63,10.47,2.95,0.39,0.24
3473,Basaltic andesite aphanite,-121.656,46.927,55.0,1.24,18.44,7.81,0.19,4.43,9.26,2.57,0.84,0.22
3474,Dacite aphanite,-121.678,46.924,63.4,0.81,18.22,4.77,0.03,2.14,5.31,2.85,2.29,0.18
3475,Dacite aphanite,-121.649,46.929,69.19,0.52,15.69,3.74,0.05,0.83,3.0,3.94,2.9,0.13
3476,Dacite aphanite,-121.65,46.92,71.59,0.66,14.74,2.85,0.08,0.94,4.17,2.52,2.34,0.1
3477,Quartz monzonite,-121.56,46.93,58.32,1.12,18.13,6.77,0.11,3.84,7.18,3.53,0.78,0.22
3478,Quartz monzonite,-121.56,46.93,68.26,0.62,15.32,3.99,0.08,1.38,3.59,3.74,2.9,0.12
3479,Quartz monzonite,-121.56,46.93,67.61,0.65,15.79,4.2,0.08,1.45,3.65,3.84,2.6,0.13
3480,Quartz monzonite,-121.56,46.93,66.97,0.54,16.78,3.68,0.07,1.93,4.46,3.78,1.65,0.15
3481,Quartz monzonite,-121.56,46.93,72.61,0.39,14.56,2.76,0.04,0.47,1.66,3.99,3.44,0.08
3482,Quartz monzonite,-121.56,46.93,71.77,0.39,14.55,3.54,0.06,0.4,2.08,4.17,2.95,0.09
3483,Dacite tuff,-121.605,46.948,67.75,1.03,17.59,3.11,0.06,1.94,2.81,3.64,1.99,0.08
3484,Quartz diorite,-121.61,46.89,67.6,0.5,16.79,3.28,0.04,1.69,4.51,4.07,1.42,0.11
3485,Quartz diorite,-121.61,46.89,67.74,0.54,16.59,3.57,0.07,1.71,4.07,3.68,1.91,0.12
3486,Rhyolite aphanite,-121.3048,46.8114,77.54,0.06,12.28,0.82,0.01,0.0,0.52,3.36,5.4,0.01
3487,Granite,-121.4296,46.869,76.01,0.16,12.83,1.24,0.02,0.14,1.0,3.69,4.88,0.03
3488,Granite,-121.3981,46.861,76.98,0.13,12.74,1.07,0.02,0.42,0.61,2.97,5.05,0.02
3489,Granite,-121.3624,46.8084,77.24,0.11,12.84,0.72,0.01,0.1,0.71,3.05,5.21,0.01
3490,Granite,-121.4028,46.8561,77.51,0.1,12.99,0.47,0.01,0.29,0.47,2.89,5.27,0.01
3491,Granite,-121.3627,46.8015,77.64,0.07,12.29,0.78,0.01,0.0,0.57,3.06,5.57,0.01
3492,Granite,-121.3525,46.8152,77.96,0.09,12.62,0.53,0.02,0.03,0.86,3.51,4.37,0.01
3493,Granite,-121.3579,46.8201,77.99,0.08,12.62,0.48,0.01,0.0,0.55,3.38,4.89,0.01
3494,Granite,-121.4012,46.8596,78.14,0.06,12.6,0.46,0.01,0.0,0.36,3.27,5.1,0.0
3495,Granite,-121.3472,46.805,70.01,0.42,15.45,3.1,0.04,0.72,3.03,4.65,2.47,0.11
3496,Granite,-121.3112,46.7872,70.0,0.32,15.12,3.36,0.04,0.5,3.42,4.43,2.72,0.08
3497,Granite,-121.3644,46.7952,70.36,0.32,14.85,2.92,0.05,1.11,2.57,4.7,3.05,0.08
3498,Granite,-121.3238,46.7848,70.43,0.42,15.51,3.46,0.04,0.63,2.72,4.18,2.51,0.11
3499,Granite,-121.3181,46.7885,70.61,0.4,15.72,2.66,0.04,0.74,2.97,4.42,2.35,0.1
3500,Granite,-121.3493,46.7787,70.62,0.37,15.1,3.2,0.07,1.03,2.61,4.41,2.5,0.09
3501,Granite,-121.428,46.8686,70.63,0.39,14.76,3.09,0.06,0.57,2.21,4.7,3.49,0.1
3502,Granite,-121.3326,46.781,70.71,0.41,14.87,3.37,0.06,0.6,2.74,4.22,2.92,0.1
3503,Granite,-121.2943,46.8219,71.0,0.34,15.03,3.03,0.04,0.45,2.61,4.41,3.0,0.08
3504,Granite,-121.3449,46.7677,71.27,0.32,14.59,3.51,0.06,0.58,2.28,4.12,3.19,0.08
3505,Granite,-121.3641,46.7903,71.35,0.3,15.09,2.56,0.05,0.44,2.49,4.65,3.0,0.07
3506,Granite,-121.3203,46.7898,71.35,0.36,15.25,2.76,0.04,0.59,2.79,4.05,2.72,0.09
3507,Granite,-121.4378,46.836,71.36,0.28,15.09,2.53,0.05,0.97,2.01,3.9,3.75,0.06
3508,Granite,-121.2944,46.803,71.42,0.38,14.95,2.7,0.03,0.74,3.1,3.95,2.64,0.09
3509,Granite,-121.3684,46.7861,71.47,0.31,14.86,3.19,0.04,0.83,1.84,4.15,3.23,0.07
3510,Granite,-121.2912,46.8251,71.63,0.33,15.08,2.72,0.04,0.44,2.58,4.44,2.66,0.08
3511,Granite,-121.314,46.795,71.65,0.32,14.99,2.77,0.04,0.46,2.76,3.95,2.98,0.08
3512,Granite,-121.3657,46.7801,71.66,0.31,14.97,2.64,0.05,0.4,1.98,4.4,3.52,0.07
3513,Granite,-121.3621,46.7969,71.66,0.38,15.41,3.01,0.05,0.39,2.05,4.25,2.71,0.09
3514,Granite,-121.3673,46.7831,71.72,0.31,14.74,3.02,0.04,0.88,1.82,4.28,3.12,0.07
3515,Granite,-121.353,46.8057,71.74,0.29,15.33,1.84,0.03,0.45,2.9,4.0,3.36,0.06
3516,Granite,-121.2879,46.8247,71.91,0.29,14.77,2.72,0.04,0.39,2.35,4.43,3.03,0.07
3517,Granite,-121.2915,46.8221,71.99,0.28,14.84,2.53,0.04,0.45,2.27,4.52,3.02,0.06
3518,Granite,-121.3633,46.7948,72.07,0.3,14.65,2.77,0.04,0.39,2.14,4.22,3.34,0.08
3519,Granite,-121.2935,46.8306,72.09,0.3,14.41,2.92,0.05,0.38,2.25,4.34,3.19,0.07
3520,Granite,-121.3623,46.7882,72.16,0.29,14.86,2.91,0.04,0.38,1.51,4.75,3.04,0.07
3521,Granite,-121.2914,46.8299,72.21,0.31,14.68,2.87,0.04,0.37,2.03,4.27,3.15,0.07
3522,Granite,-121.2954,46.7983,72.21,0.28,14.8,2.69,0.03,0.38,2.54,4.06,2.94,0.07
3523,Granite,-121.3475,46.7638,72.31,0.3,14.37,3.0,0.05,0.36,2.0,4.3,3.24,0.07
3524,Granite,-121.3227,46.7831,72.29,0.34,15.02,2.62,0.03,0.48,2.21,4.04,2.87,0.09
3525,Granite,-121.3625,46.7921,72.35,0.34,15.14,2.67,0.04,0.45,1.94,4.73,2.26,0.08
3526,Granite,-121.2929,46.83,72.42,0.3,14.5,2.71,0.05,0.35,2.26,4.4,2.94,0.07
3527,Granite,-121.4472,46.8958,72.67,0.24,14.69,2.37,0.03,0.61,2.11,3.98,3.24,0.05
3528,Granite,-121.3395,46.817,72.79,0.26,14.51,1.55,0.02,0.87,2.32,4.37,3.25,0.06
3529,Granite,-121.3714,46.8532,72.93,0.19,15.02,1.83,0.03,0.74,1.81,4.03,3.37,0.05
3530,Granite,-121.4489,46.896,73.15,0.24,14.34,2.23,0.04,0.3,2.0,4.26,3.39,0.05
3531,Granite,-121.3447,46.8161,73.22,0.22,14.83,1.67,0.02,0.27,2.37,3.89,3.47,0.05
3532,Granite,-121.4252,46.8353,73.3,0.24,14.12,2.24,0.04,0.38,1.83,4.04,3.75,0.05
3533,Granite,-121.3638,46.7938,73.35,0.23,14.43,1.87,0.04,0.18,1.8,4.26,3.79,0.05
3534,Granite,-121.4383,46.8409,73.38,0.25,14.28,2.03,0.03,0.74,1.97,3.65,3.62,0.05
3535,Granite,-121.3776,46.792,73.45,0.21,14.32,1.9,0.03,0.79,1.83,3.76,3.66,0.05
3536,Granite,-121.3009,46.8103,73.56,0.26,14.47,1.7,0.02,0.45,2.17,4.05,3.26,0.06
3537,Granite,-121.4246,46.8354,73.59,0.22,14.29,1.79,0.04,0.76,1.9,3.85,3.52,0.04
3538,Granite,-121.4264,46.8685,73.72,0.25,13.85,2.04,0.04,0.38,1.78,3.9,3.98,0.06
3539,Granite,-121.3574,46.8178,73.75,0.18,14.71,1.44,0.02,0.14,2.23,4.25,3.25,0.04
3540,Granite,-121.4569,46.8952,73.77,0.23,13.97,2.04,0.03,0.5,1.95,3.82,3.64,0.05
3541,Granite,-121.2933,46.797,73.84,0.25,13.81,2.14,0.03,0.17,1.95,3.86,3.88,0.07
3542,Granite,-121.4408,46.8442,73.85,0.2,14.08,1.81,0.04,0.58,1.68,3.69,4.03,0.04
3543,Granite,-121.3694,46.7974,73.94,0.21,14.09,1.66,0.03,0.83,1.64,3.56,4.0,0.04
3544,Granite,-121.4503,46.86,73.96,0.23,13.83,1.93,0.04,0.49,1.77,3.89,3.81,0.06
3545,Granite,-121.4595,46.8662,73.99,0.29,13.96,1.82,0.02,0.6,2.0,3.84,3.43,0.05
3546,Granite,-121.3524,46.799,73.73,0.29,13.81,3.08,0.03,0.33,1.66,3.92,3.09,0.05
3547,Granite,-121.4564,46.8609,74.05,0.21,14.28,1.66,0.02,0.73,2.06,3.48,3.46,0.05
3548,Granite,-121.3133,46.8015,74.12,0.25,14.69,1.07,0.02,0.27,2.18,4.1,3.25,0.05
3549,Granite,-121.4096,46.8549,74.14,0.28,13.44,2.01,0.04,0.68,1.47,3.3,4.57,0.06
3550,Granite,-121.4552,46.8951,74.15,0.21,13.54,2.08,0.04,0.36,1.78,3.52,4.28,0.04
3551,Granite,-121.4584,46.862,74.18,0.22,13.94,1.99,0.02,0.24,1.74,3.71,3.92,0.05
3552,Granite,-121.305,46.8111,74.26,0.24,13.69,1.98,0.02,0.27,2.11,3.84,3.54,0.05
3553,Granite,-121.457,46.8702,74.28,0.25,14.02,1.58,0.03,0.27,2.05,3.96,3.52,0.05
3554,Granite,-121.3717,46.7888,74.01,0.18,14.16,2.17,0.04,0.84,1.69,3.94,2.92,0.04
3555,Granite,-121.3024,46.8056,74.45,0.22,14.09,1.57,0.02,0.2,2.04,3.75,3.62,0.05
3556,Granite,-121.3479,46.8129,74.5,0.21,14.19,1.22,0.02,0.27,2.1,3.54,3.91,0.04
3557,Granite,-121.3732,46.7996,74.6,0.18,14.28,1.16,0.03,0.74,1.71,3.57,3.69,0.04
3558,Granite,-121.3049,46.8013,74.64,0.2,14.2,1.39,0.02,0.13,2.29,3.94,3.15,0.04
3559,Granite,-121.2898,46.8299,74.66,0.29,13.37,2.11,0.03,0.35,1.97,3.89,3.27,0.07
3560,Granite,-121.3615,46.8016,74.78,0.24,14.05,1.87,0.03,0.3,1.35,3.49,3.84,0.06
3561,Granite,-121.3165,46.7877,75.05,0.18,13.95,1.01,0.02,0.3,1.83,3.63,3.99,0.04
3562,Granite,-121.4005,46.8141,74.33,0.21,13.65,1.76,0.03,0.79,1.6,3.63,3.95,0.04
3563,Granite,-121.3766,46.7905,75.14,0.2,13.49,1.72,0.03,0.21,1.22,3.64,4.32,0.04
3564,Granite,-121.398,46.8125,75.15,0.19,13.29,1.54,0.04,0.21,1.52,3.98,4.03,0.04
3565,Granite,-121.3772,46.7941,75.21,0.15,13.55,1.32,0.03,0.9,1.33,3.31,4.17,0.03
3566,Granite,-121.3629,46.8016,75.27,0.18,13.88,1.63,0.02,0.17,1.66,3.73,3.41,0.04
3567,Granite,-121.4144,46.8615,75.32,0.19,13.05,1.7,0.03,0.25,1.21,3.52,4.7,0.03
3568,Granite,-121.4488,46.8778,75.33,0.22,13.11,1.58,0.02,0.59,1.19,2.74,5.18,0.04
3569,Granite,-121.4471,46.8774,75.03,0.29,13.23,1.78,0.03,0.32,1.48,3.57,4.22,0.05
3570,Granite,-121.3717,46.7988,75.44,0.21,13.85,1.0,0.05,0.16,2.02,4.34,2.9,0.03
3571,Granite,-121.4552,46.8952,75.94,0.12,13.59,1.09,0.02,0.2,1.54,3.38,4.1,0.02
3572,Granite,-121.4239,46.8683,76.18,0.16,13.22,0.76,0.02,0.16,1.41,3.51,4.55,0.03
3573,Granite,-121.3646,46.8119,76.23,0.13,13.06,1.1,0.02,0.36,1.02,3.27,4.78,0.03
3574,Granite,-121.4042,46.8139,76.26,0.15,13.05,1.23,0.02,0.07,1.23,3.43,4.54,0.03
3575,Granite,-121.3555,46.8169,76.3,0.15,13.03,1.21,0.02,0.08,1.05,3.54,4.6,0.02
3576,Granite,-121.3132,46.7947,75.36,0.2,13.8,1.04,0.01,0.1,1.65,3.59,4.21,0.04
3577,Granite,-121.3772,46.8609,75.42,0.17,13.47,1.56,0.02,0.12,1.52,3.73,3.95,0.03
3578,Granite,-121.4148,46.8587,76.78,0.13,12.7,1.13,0.01,0.12,0.95,3.21,4.94,0.03
3579,Granite,-121.3503,46.8093,77.1,0.17,13.2,1.08,0.03,0.7,1.23,3.17,3.3,0.03
3580,Granite,-121.4552,46.8952,77.2,0.1,12.96,0.87,0.02,0.48,0.59,2.84,4.93,0.02
3581,Granite,-121.3033,46.8035,77.28,0.14,12.86,0.68,0.01,0.16,1.61,3.35,3.88,0.03
3582,Granodiorite,-121.2938,46.7979,65.77,0.57,16.43,5.13,0.07,0.94,4.15,4.34,2.44,0.17
3583,Granite,-121.4655,46.8617,76.36,0.16,13.68,0.41,0.01,0.01,1.37,3.42,4.57,0.01
3584,Granite,-121.3629,46.8095,76.43,0.12,12.96,1.1,0.02,0.04,1.0,3.42,4.89,0.02
3585,Granodiorite,-121.4946,46.8897,67.8,0.66,16.48,3.99,0.11,2.06,2.08,4.2,2.45,0.17
3586,Granodiorite,-121.4425,46.8589,68.02,0.52,15.79,4.34,0.05,1.21,2.55,4.41,2.93,0.19
3587,Granodiorite,-121.3135,46.802,68.04,0.48,15.92,4.02,0.06,0.95,3.66,4.4,2.33,0.14
3588,Granodiorite,-121.2928,46.825,68.5,0.46,16.04,2.92,0.05,1.28,3.94,4.5,2.19,0.11
3589,Granodiorite,-121.4874,46.8899,68.64,0.55,15.18,4.17,0.08,1.39,2.96,4.26,2.64,0.13
3590,Granodiorite,-121.4946,46.8915,65.84,0.82,16.6,5.06,0.11,1.67,3.92,4.22,1.52,0.23
3591,Granodiorite,-121.3092,46.7875,65.88,0.63,16.73,4.42,0.07,1.39,4.67,4.37,1.66,0.19
3592,Granodiorite,-121.4016,46.8546,66.52,0.82,17.27,4.9,0.07,2.19,2.51,4.23,1.24,0.24
3593,Granodiorite,-121.317,46.7879,70.04,0.41,15.83,2.81,0.05,0.64,3.23,4.55,2.32,0.11
3594,Granodiorite,-121.457,46.8738,66.71,0.66,15.87,4.72,0.09,1.46,3.6,4.06,2.65,0.19
3595,Granodiorite,-121.4515,46.8787,69.81,0.48,15.05,3.32,0.07,1.46,3.36,3.56,2.78,0.11
3596,Quartz diorite,-121.2933,46.8118,61.9,0.83,16.67,6.91,0.16,2.06,5.11,3.94,2.17,0.25
3597,Granodiorite,-121.2954,46.804,69.34,0.52,15.77,3.6,0.04,0.99,3.59,4.39,1.62,0.14
3598,Granodiorite,-121.3491,46.7721,69.39,0.44,15.32,3.64,0.07,0.76,3.23,4.02,3.01,0.11
3599,Granodiorite,-121.2913,46.8021,69.64,0.43,16.11,3.42,0.04,0.69,3.15,4.78,1.62,0.12
3600,Quartz diorite,-121.2909,46.8018,63.18,0.72,17.38,6.04,0.11,1.29,5.13,4.03,1.87,0.25
3601,Quartz diorite,-121.2874,46.8214,64.04,0.56,17.53,5.54,0.1,0.86,4.65,4.69,1.83,0.19
3602,Quartz diorite,-121.3033,46.8035,64.69,0.58,17.31,5.38,0.09,0.77,4.21,4.46,2.3,0.21
3603,Quartz diorite,-121.2887,46.8218,65.23,0.54,16.89,5.02,0.08,0.68,4.3,4.74,2.33,0.19
3604,Quartz diorite,-121.2946,46.8031,62.69,0.67,18.6,4.68,0.06,1.62,4.34,5.16,1.97,0.21
3605,Quartz diorite,-121.2884,46.8103,62.74,0.81,17.32,6.25,0.08,1.41,4.64,4.87,1.65,0.24
3606,Quartz diorite,-121.4981,46.8963,62.96,1.0,16.9,6.29,0.15,2.01,4.96,4.4,1.06,0.27
3607,Quartz diorite,-121.2865,46.81,63.04,0.73,17.52,5.09,0.11,1.27,5.08,4.71,2.22,0.23
3608,Quartz diorite,-121.2902,46.8248,66.62,0.53,16.71,4.22,0.09,0.81,4.13,4.75,1.98,0.16
3609,Dacite,-121.4006,46.8739,66.26,0.69,18.62,3.92,0.08,0.72,2.9,5.31,1.44,0.05
3610,Monzogranite,-122.4462,44.1157,73.82,0.36,13.65,2.11,0.07,0.42,1.77,4.19,3.54,0.06
3611,Andesite,-122.326,44.2297,58.56,1.0,17.46,6.63,0.12,4.18,7.14,3.56,1.16,0.19
3612,Quartz monzonite,-122.6354,43.6102,67.01,0.72,15.07,4.68,0.13,1.75,4.31,3.72,2.44,0.15
3613,Quartz monzodiorite,-122.3681,44.5868,64.96,0.84,15.75,4.76,0.08,2.71,4.08,4.06,2.61,0.15
3614,Quartz monzodiorite,-122.4619,44.1207,70.64,0.5,15.25,2.45,0.03,0.83,2.64,4.16,3.4,0.1
3615,Quartz monzodiorite,-122.249,44.7165,62.85,0.86,16.73,5.27,0.08,3.04,5.37,4.05,1.55,0.19
3616,Granodiorite,-121.7787,46.7802,66.35,0.67,15.47,4.23,0.06,2.17,4.31,4.03,2.58,0.12
3617,Granodiorite,-121.7263,46.7832,65.62,0.69,15.55,4.46,0.07,2.5,4.73,3.9,2.35,0.12
3618,Granodiorite,-121.7298,46.7907,65.37,0.68,15.84,4.5,0.07,2.27,4.74,4.04,2.34,0.13
3619,Granodiorite,-121.7343,46.7774,65.39,0.71,15.57,4.49,0.07,2.53,4.83,3.92,2.34,0.13
3620,Granodiorite,-121.767,46.7644,67.11,0.66,15.31,4.05,0.08,1.72,3.86,3.82,3.27,0.12
3621,Granodiorite,-121.7163,46.7666,68.73,0.57,14.86,3.66,0.05,1.46,3.36,3.96,3.24,0.11
3622,Granodiorite,-121.7436,46.7732,65.56,0.69,15.67,4.45,0.08,2.44,4.69,3.85,2.45,0.12
3623,Granodiorite,-121.7489,46.7727,65.66,0.7,15.53,4.4,0.07,2.52,4.67,4.02,2.31,0.13
3624,Granodiorite,-121.7105,46.7689,69.79,0.51,14.61,3.07,0.03,1.31,3.08,3.98,3.54,0.09
3625,Granodiorite,-121.6801,46.7704,67.79,0.62,15.22,3.83,0.08,1.56,3.71,3.9,3.16,0.12
3626,Dacite,-121.7457,46.7921,66.1,0.6,16.79,4.06,0.06,2.08,4.14,4.51,1.5,0.16
3627,Granodiorite,-121.7456,46.7922,68.24,0.54,14.98,3.64,0.05,1.85,4.03,3.87,2.7,0.1
3628,Granodiorite,-121.7467,46.7687,65.98,0.66,15.75,4.34,0.07,2.1,4.57,3.93,2.46,0.13
3629,Granodiorite,-121.6957,46.7585,68.24,0.62,15.19,3.57,0.07,1.57,3.41,4.06,3.16,0.11
3630,Granodiorite,-121.7476,46.7571,67.89,0.6,15.06,3.88,0.09,1.56,3.56,3.87,3.38,0.11
3631,Granodiorite,-121.7218,46.7576,68.37,0.67,15.7,2.97,0.03,1.73,3.28,4.0,3.12,0.12
3632,Granodiorite,-121.7827,46.7863,66.68,0.69,15.4,4.12,0.07,2.0,4.25,3.97,2.69,0.12
3633,Dacite,-121.5361,46.8687,63.64,1.0,15.51,6.52,0.18,1.39,4.54,3.98,2.89,0.34
3634,Granodiorite,-121.6092,46.8938,66.49,0.55,16.17,3.86,0.03,1.97,4.83,4.25,1.72,0.13
3635,Granodiorite,-121.5885,46.9174,68.57,0.61,14.89,3.87,0.07,1.36,3.5,4.05,2.97,0.11
3636,Dacite,-122.8381,43.6821,63.48,1.17,15.4,6.81,0.13,1.97,5.03,3.69,2.0,0.31
3637,Rhyolite,-122.8011,43.5532,83.73,0.17,10.28,0.69,0.02,0.25,1.53,2.24,1.08,0.025
3638,Basaltic andesite,-122.8909,43.5281,54.82,1.3,18.69,8.47,0.13,3.69,8.53,3.38,0.73,0.26
3639,Andesite,-121.8033,47.169,60.53,0.94,17.19,6.16,0.13,3.27,7.84,3.08,0.66,0.21
3640,Andesite,-121.8109,47.1792,61.97,0.97,16.55,6.05,0.11,2.92,5.46,3.69,2.09,0.21
3641,Granite,-122.4493,44.1187,73.79,0.38,13.67,2.15,0.06,0.38,1.76,4.4,3.35,0.05
3642,Granite,-122.4413,44.1187,73.9,0.37,13.52,2.27,0.02,0.51,1.31,4.16,3.89,0.04
3643,Basaltic andesite dike,-122.4413,44.1187,54.56,1.26,17.63,8.48,0.17,4.45,7.34,3.81,2.03,0.27
3644,Andesite sill,-122.6852,43.3131,57.96,1.29,18.52,7.95,0.13,1.89,7.35,3.36,1.26,0.28
3645,Basaltic andesite sill,-122.6694,43.3074,56.61,1.44,17.16,9.74,0.19,2.63,7.14,3.64,1.21,0.25
3646,Andesite,-122.4447,43.4397,62.01,1.04,16.66,6.2,0.08,2.41,5.54,3.89,1.93,0.25
3647,Andesite,-122.4524,43.4339,60.26,0.96,17.15,6.44,0.1,3.02,6.52,3.74,1.58,0.22
3648,Dacite tuff,-122.4425,43.3246,68.21,0.86,15.58,3.92,0.16,1.22,3.23,3.94,2.71,0.19
3649,Basaltic andesite,-122.4115,43.3419,53.53,1.27,17.44,8.23,0.14,5.4,8.97,3.6,0.91,0.5
3650,Dacite,-122.5605,43.3476,68.28,0.8,15.24,4.09,0.11,1.18,3.22,4.32,2.57,0.2
3651,Andesite,-122.5232,43.0484,57.41,0.94,17.7,6.6,0.12,4.4,7.66,3.73,1.24,0.2
3652,Andesite,-122.2419,44.0669,58.13,1.04,17.61,6.9,0.12,3.91,7.55,3.4,1.18,0.15
3653,Dacite tuff,-122.2582,44.0957,66.94,1.0,15.58,4.88,0.14,1.68,3.52,4.0,2.04,0.22
3654,Basaltic andesite,-122.0819,43.9691,54.32,1.28,17.43,8.82,0.17,4.52,7.71,3.51,1.46,0.79
3655,Andesite,-122.193,43.9806,60.18,1.34,16.79,7.21,0.14,2.21,5.39,4.3,1.86,0.57
3656,Andesite,-122.2486,43.9864,57.32,1.05,18.67,6.74,0.1,3.11,7.44,3.98,1.31,0.29
3657,Andesite,-122.2411,44.0151,57.15,1.06,19.18,6.54,0.1,3.07,7.7,3.58,1.37,0.25
3658,Andesite,-122.0356,44.0842,62.48,0.76,16.99,5.53,0.1,2.59,5.67,4.01,1.7,0.16
3659,Andesite,-122.1317,44.1475,62.65,0.74,17.17,5.52,0.12,2.28,5.76,4.05,1.56,0.14
3660,Andesite,-122.1317,44.1475,61.24,0.81,17.91,5.62,0.1,2.65,6.31,3.87,1.33,0.16
3661,Andesite,-122.1317,44.1475,60.44,0.86,17.74,6.11,0.1,2.92,6.17,3.97,1.53,0.16
3662,Basaltic andesite dike,-122.0911,44.0784,53.71,1.0,17.98,7.72,0.13,6.72,8.42,3.44,0.72,0.16
3663,Andesite,-122.1631,44.113,62.2,0.85,17.27,5.77,0.09,2.57,5.46,3.74,1.88,0.14
3664,Andesite,-122.0435,44.8035,57.19,1.7,14.73,9.35,0.17,2.61,8.94,3.53,1.41,0.37
3665,Dacite,-122.341,44.792,68.16,0.49,15.43,4.84,0.18,0.56,2.65,5.43,2.12,0.14
3666,Diorite sill,-122.2446,44.7977,56.06,0.92,18.5,6.07,0.1,4.13,10.04,3.11,0.93,0.14
3667,Diorite sill,-122.2285,44.7977,55.4,1.09,18.07,7.33,0.13,4.92,8.84,2.92,1.01,0.28
3668,Andesite sill,-122.2367,44.8092,57.61,1.08,16.69,6.86,0.13,4.65,8.11,3.64,1.02,0.2
3669,Andesite sill,-122.2617,44.8668,59.85,0.84,17.55,6.04,0.1,3.52,6.96,3.41,1.57,0.15
3670,Dacite dike,-122.2932,44.8207,70.28,0.44,15.37,2.88,0.06,1.46,2.98,3.16,3.26,0.1
3671,Basaltic andesite,-122.2932,44.8207,56.52,1.03,17.92,7.12,0.12,4.91,8.16,3.14,0.86,0.22
3672,Diorite sill,-122.1566,44.838,59.5,1.31,20.54,8.11,0.09,2.23,3.85,1.96,2.36,0.05
3673,Dacite,-122.1566,44.838,67.52,0.46,16.57,3.4,0.08,2.0,4.97,3.67,1.26,0.08
3674,Basaltic andesite,-122.1483,44.8207,56.92,0.88,19.13,6.05,0.11,4.1,7.74,4.22,0.7,0.15
3675,Diorite sill,-122.196,44.7747,55.5,1.09,18.48,7.42,0.14,4.43,8.66,3.35,0.6,0.32
3676,Granodiorite stock,-122.3336,44.8323,72.49,0.58,16.79,1.72,0.01,1.79,2.6,2.95,0.99,0.09
3677,Granodiorite dike,-122.3329,44.7862,65.16,0.62,16.71,3.92,0.09,2.48,4.62,3.11,3.15,0.14
3678,Andesite,-122.4261,45.0567,58.49,0.93,17.87,6.7,0.12,3.72,6.87,3.99,1.16,0.15
3679,Rhyolite,-122.3368,45.0279,72.89,0.36,15.68,2.33,0.05,1.02,2.52,1.75,3.32,0.08
3680,Basaltic andesite,-122.2881,45.0164,54.82,0.97,17.66,6.83,0.12,6.38,7.86,4.27,0.86,0.24
3681,Andesite,-122.3287,45.0279,59.54,0.8,18.71,5.71,0.1,3.54,6.33,3.89,1.2,0.18
3682,Rhyolite,-122.1109,45.0509,73.69,0.44,13.9,2.67,0.07,0.42,3.03,2.59,3.14,0.05
3683,Andesite,-122.1111,45.0682,61.63,0.82,17.79,5.68,0.1,2.92,5.6,3.96,1.34,0.15
3684,Dacite dike,-122.1273,45.0682,66.67,0.65,16.64,3.72,0.07,0.9,4.19,4.73,2.26,0.16
3685,Diorite sill,-122.062,45.0106,53.87,0.87,20.71,6.74,0.12,3.77,9.38,3.85,0.57,0.11
3686,Basaltic andesite,-122.0937,44.9646,56.88,1.0,18.52,6.63,0.13,3.93,8.42,3.64,0.69,0.17
3687,Basaltic andesite,-122.1498,44.9301,55.46,0.85,19.06,6.81,0.14,5.29,7.89,3.51,0.83,0.15
3688,Andesite,-122.2306,44.9473,61.23,0.84,17.88,5.52,0.1,2.58,6.5,3.56,1.65,0.13
3689,Andesite dike,-122.2306,44.9473,60.36,0.79,18.59,5.51,0.11,2.93,7.12,3.41,1.03,0.13
3690,Andesite,-122.1993,45.0164,59.51,0.87,18.65,6.21,0.07,3.21,7.53,2.96,0.83,0.16
3691,Rhyolite dike,-122.1923,45.0912,75.61,0.12,13.73,1.5,0.02,0.74,1.14,4.38,2.73,0.03
3692,Andesite,-122.4151,44.8898,60.02,0.87,18.76,6.37,0.11,3.07,5.88,3.32,1.46,0.13
3693,Dacite tuff,-122.4946,44.8323,66.33,0.69,16.54,8.68,0.05,3.0,2.45,1.12,1.02,0.12
3694,Andesite,-122.3222,44.1245,59.29,1.02,17.25,6.57,0.13,3.44,7.32,3.64,1.07,0.27
3695,Basaltic andesite dike,-122.3457,44.1014,54.81,0.97,18.19,6.96,0.13,5.47,9.15,3.26,0.88,0.18
3696,Andesite dike,-122.2898,44.0842,62.18,0.75,17.88,5.38,0.1,3.27,5.38,3.59,1.25,0.21
3697,Andesite dike,-122.3607,44.0497,57.64,1.8,16.05,9.42,0.17,3.44,6.11,3.82,1.23,0.32
3698,Andesite,-122.533,44.3316,57.15,1.76,16.02,9.64,0.24,2.9,7.07,3.68,1.15,0.39
3699,Basalt,-122.589,44.3374,51.87,1.54,20.46,8.56,0.11,3.73,10.13,2.73,0.57,0.28
3700,Basaltic andesite,-122.5332,44.3431,55.02,1.9,15.95,9.64,0.19,4.2,7.97,3.55,1.03,0.55
3701,Dacite,-122.6199,44.2913,64.23,0.75,16.11,7.49,0.2,0.62,4.88,4.39,0.99,0.33
3702,Andesite,-122.4436,44.2396,58.81,1.14,17.51,6.55,0.11,3.17,7.35,3.37,1.75,0.24
3703,Gabbro sill,-122.5931,44.1532,52.08,1.33,20.53,7.7,0.13,3.54,10.8,3.18,0.5,0.21
3704,Andesite sill,-122.5132,44.136,59.06,1.03,17.6,6.47,0.12,3.15,7.46,3.43,1.48,0.2
3705,Rhyolite,-122.5132,44.136,77.37,0.26,12.64,1.36,0.03,0.31,1.44,2.78,3.79,0.03
3706,Granite,-122.4417,44.136,72.43,0.49,14.38,2.67,0.03,0.62,1.35,4.05,3.91,0.07
3707,Andesite,-122.3603,44.0266,59.11,0.74,18.97,5.74,0.11,3.57,7.33,3.46,0.79,0.17
3708,Basaltic andesite,-122.3843,44.0382,56.15,0.98,17.93,7.01,0.15,4.93,8.76,3.21,0.7,0.18
3709,Andesite,-122.2963,43.9921,61.5,0.87,16.7,5.79,0.1,3.19,6.02,4.03,1.64,0.16
3710,Andesite,-122.2884,43.9921,61.33,1.35,16.71,6.58,0.12,1.81,5.03,4.92,1.79,0.37
3711,Andesite,-122.2155,43.8885,61.97,0.63,18.11,5.14,0.1,2.47,6.38,3.88,1.2,0.12
3712,Andesite,-122.2155,43.8885,57.03,0.93,18.61,6.42,0.1,4.56,7.92,3.53,0.77,0.13
3713,Basaltic andesite,-122.2155,43.8885,56.13,0.91,17.14,6.96,0.12,6.34,8.3,3.37,0.6,0.12
3714,Basaltic andesite,-122.2246,43.9691,56.95,1.26,17.55,7.6,0.16,3.49,6.73,4.3,1.39,0.57
3715,Andesite,-122.2324,43.9633,61.17,0.82,18.16,5.68,0.1,2.3,6.13,4.21,1.21,0.22
3716,Andesite,-122.1846,43.9461,59.44,0.83,19.06,5.73,0.12,2.87,7.02,3.87,0.84,0.22
3717,Andesite,-122.1768,43.9518,57.66,1.11,17.71,7.11,0.12,4.03,7.08,3.57,1.35,0.24
3718,Basaltic andesite dike,-122.1849,43.9633,53.27,1.14,17.21,8.37,0.16,6.55,8.99,3.17,0.84,0.29
3719,Andesite,-122.1849,43.9633,61.64,1.12,17.27,6.01,0.15,1.81,5.04,4.94,1.75,0.26
3720,Andesite,-122.1849,43.9633,60.8,1.31,16.66,6.96,0.17,2.02,4.94,5.05,1.7,0.39
3721,Andesite,-122.1137,43.9749,58.22,0.98,17.34,6.75,0.13,3.31,6.62,4.48,1.65,0.52
3722,Basaltic andesite,-122.1137,43.9749,53.45,1.27,17.98,8.79,0.17,4.54,7.67,3.87,1.45,0.81
3723,Basaltic andesite,-122.1137,43.9749,53.86,1.3,17.67,8.88,0.19,4.59,7.66,3.76,1.35,0.74
3724,Basaltic andesite,-122.1137,43.9749,54.49,1.21,17.54,8.4,0.14,4.77,7.84,3.73,1.2,0.67
3725,Basaltic andesite,-122.1137,43.9749,52.01,0.97,17.53,7.77,0.14,6.93,10.82,2.95,0.66,0.21
3726,Basalt,-122.1137,43.9749,49.5,1.1,17.28,9.39,0.18,8.82,10.59,2.32,0.59,0.24
3727,Andesite,-122.2357,44.1878,61.72,1.42,15.98,6.54,0.14,2.33,5.44,4.42,1.41,0.58
3728,Andesite,-122.1961,44.1993,60.05,0.79,17.74,6.35,0.11,3.44,6.33,3.58,1.36,0.26
3729,Andesite,-122.2041,44.205,58.97,1.0,18.36,6.87,0.12,3.2,6.34,3.96,0.99,0.2
3730,Dacite,-122.2041,44.205,65.24,1.25,14.97,6.02,0.14,1.48,4.27,5.03,1.26,0.34
3731,Andesite,-122.2121,44.205,59.31,0.89,18.19,6.4,0.12,3.31,6.33,3.96,1.31,0.17
3732,Andesite,-122.2359,44.205,60.3,0.86,17.62,6.12,0.09,3.12,6.0,4.02,1.51,0.34
3733,Basalt,-122.0769,44.2165,51.48,1.97,17.52,11.42,0.19,4.17,7.49,4.26,1.01,0.49
3734,Andesite,-122.0769,44.2165,58.23,1.0,17.68,6.54,0.1,3.78,7.18,3.79,1.31,0.39
3735,Basalt,-122.0848,44.2165,51.54,1.93,17.21,11.09,0.18,4.29,7.76,4.39,1.1,0.49
3736,Dacite dike,-122.2997,44.2108,63.67,1.1,16.37,5.86,0.15,1.81,6.57,3.48,0.72,0.28
3737,Basaltic andesite sill,-122.2997,44.2108,56.79,1.34,18.43,7.92,0.15,3.07,7.33,3.76,0.95,0.24
3738,Andesite  sill,-122.2997,44.2108,58.29,1.4,17.2,8.14,0.15,3.1,7.05,3.13,1.28,0.26
3739,Basaltic andesite  sill,-122.2997,44.2108,56.97,1.4,17.31,8.2,0.15,3.4,7.5,3.91,0.9,0.26
3740,Basalt dike,-122.5212,44.5445,51.08,0.76,24.48,6.2,0.15,2.23,12.96,1.92,0.14,0.06
3741,Basaltic andesite dike,-122.4742,44.6021,52.62,0.86,18.64,7.34,0.15,5.96,10.77,3.16,0.4,0.12
3742,Andesite,-122.474,44.5906,61.74,0.78,17.01,5.34,0.1,3.25,6.27,3.48,1.88,0.14
3743,Andesite,-122.4738,44.5791,61.18,0.86,16.79,5.56,0.11,3.5,6.7,3.39,1.74,0.16
3744,Dacite,-122.4422,44.6021,63.88,0.72,16.46,4.85,0.09,2.65,5.77,3.55,1.9,0.12
3745,Andesite,-122.4344,44.6193,60.6,0.82,16.92,5.87,0.13,3.63,6.79,3.62,1.47,0.16
3746,Andesite sill,-122.3738,44.3546,59.49,1.12,17.01,6.8,0.15,3.32,6.84,3.86,1.16,0.23
3747,Andesite,-122.3648,44.2913,58.82,1.0,17.46,6.5,0.15,3.67,6.97,3.88,1.32,0.23
3748,Andesite,-122.3489,44.2971,58.84,1.44,16.11,8.6,0.17,2.82,6.3,4.46,0.99,0.26
3749,Basaltic andesite,-122.4457,44.3546,54.54,1.54,17.92,8.68,0.17,3.75,8.88,3.41,0.83,0.28
3750,Andesite,-122.4216,44.3489,59.54,1.3,16.3,7.07,0.13,3.59,6.31,3.72,1.76,0.29
3751,Andesite,-122.4216,44.3489,58.22,1.15,18.05,6.89,0.14,2.86,7.68,3.53,1.25,0.22
3752,Andesite,-122.4288,44.3029,57.85,1.15,17.63,7.0,0.14,3.17,7.38,3.39,1.99,0.31
3753,Diorite sill,-122.3082,44.2453,54.67,0.92,18.74,7.24,0.18,4.98,9.76,3.03,0.32,0.14
3754,Diorite,-122.3163,44.2511,58.47,1.16,16.98,7.19,0.15,3.73,7.47,3.68,0.91,0.25
3755,Basaltic andesite,-122.2849,44.2798,56.88,1.01,17.14,7.05,0.14,5.09,8.69,3.19,0.61,0.2
3756,Basaltic andesite,-122.4876,44.464,53.58,1.29,18.71,7.89,0.16,4.64,9.83,2.96,0.72,0.23
3757,Rhyolite dike,-122.3506,44.4007,74.43,0.29,14.01,2.09,0.07,0.3,1.56,4.81,2.39,0.04
3758,Basaltic andesite tuff,-122.3356,44.4582,55.33,2.1,15.48,10.3,0.18,3.59,7.74,3.42,1.42,0.44
3759,Basaltic andesite,-122.2316,44.4582,52.02,1.48,16.96,7.49,0.14,5.68,9.39,3.47,2.57,0.8
3760,Basaltic andesite,-122.0871,44.4064,49.28,1.36,17.13,10.24,0.18,8.17,10.04,2.92,0.35,0.33
3761,Andesite,-122.1354,44.4352,59.04,1.04,16.91,6.74,0.13,3.84,6.83,3.73,1.55,0.19
3762,Dacite,-122.049,44.5733,67.46,1.02,14.59,5.1,0.08,0.79,3.06,4.28,3.35,0.26
3763,Rhyolite,-122.033,44.5791,72.91,0.4,14.84,1.78,0.04,0.2,1.37,5.15,3.25,0.06
3764,Andesite,-122.0177,44.6424,60.31,0.82,17.73,5.78,0.12,3.27,6.72,4.05,1.05,0.15
3765,Andesite,-122.0419,44.6596,60.08,0.81,17.83,5.85,0.1,3.44,6.81,3.88,1.04,0.15
3766,Dacite,-122.1535,44.6021,63.19,0.68,16.66,4.58,0.07,3.0,5.93,3.85,1.87,0.17
3767,Dacite,-122.1374,44.5906,66.63,0.84,15.35,4.64,0.1,1.4,3.68,4.32,2.84,0.19
3768,Andesite,-122.3785,44.6308,58.27,0.96,17.2,6.72,0.13,4.19,7.72,3.34,1.26,0.2
3769,Basaltic andesite,-122.4512,44.6596,54.23,0.98,19.22,7.85,0.32,4.45,8.76,2.96,1.02,0.21
3770,Basaltic andesite,-122.4432,44.6596,54.45,0.96,19.26,7.09,0.12,4.88,9.15,2.99,0.93,0.16
3771,Dacite,-122.435,44.6481,63.25,0.68,15.92,4.88,0.08,3.9,5.85,3.37,1.96,0.11
3772,Andesite,-122.4268,44.6424,61.39,0.8,16.69,5.28,0.09,3.66,6.69,3.37,1.86,0.16
3773,Andesite,-122.4427,44.6308,60.57,1.0,17.21,6.19,0.14,2.63,6.07,4.33,1.55,0.3
3774,Dacite,-122.3306,44.6424,65.72,0.93,15.13,6.2,0.11,1.4,3.98,3.88,2.49,0.16
3775,Andesite,-122.3306,44.6424,61.82,1.29,16.09,7.66,0.14,2.26,5.24,3.93,1.34,0.23
3776,Andesite,-122.3306,44.6424,62.87,1.18,15.15,7.32,0.18,2.33,5.77,3.71,1.3,0.2
3777,Andesite,-122.3465,44.6366,57.06,1.46,17.28,8.1,0.14,3.56,7.59,3.57,0.94,0.29
3778,Andesite dike,-122.2983,44.6308,60.98,0.87,15.92,5.52,0.09,2.5,8.87,2.85,2.25,0.16
3779,Granodiorite dike,-122.3054,44.5733,60.74,0.95,16.78,6.02,0.1,3.65,5.71,3.77,2.12,0.17
3780,Andesite,-122.1933,44.5791,57.19,1.32,17.73,7.79,0.14,2.93,7.01,4.21,1.46,0.23
3781,Andesite,-122.3557,44.7057,58.79,1.53,17.02,8.19,0.19,2.56,6.19,4.17,1.1,0.24
3782,Basaltic andesite,-122.3396,44.7057,54.78,0.96,17.87,6.74,0.12,5.64,9.13,3.33,1.19,0.23
3783,Basaltic andesite,-122.3474,44.6884,56.38,1.69,17.01,9.06,0.2,3.21,7.45,3.55,1.18,0.27
3784,Andesite,-122.3474,44.6884,57.21,1.13,17.41,7.01,0.16,4.26,7.7,3.72,1.18,0.22
3785,Andesite,-122.0268,44.7459,59.4,0.93,17.11,6.34,0.12,3.88,7.08,3.45,1.51,0.18
3786,Andesite,-122.1078,44.792,59.21,0.78,18.83,5.54,0.09,3.61,6.94,4.11,0.73,0.15
3787,Andesite,-121.9887,44.9473,62.88,0.8,17.36,5.3,0.1,2.41,5.43,4.03,1.53,0.14
3788,Andesite,-122.0132,44.9819,60.73,0.76,18.08,5.16,0.06,3.44,6.87,3.89,0.85,0.17
3789,Diorite intrusion,-121.9653,45.0337,58.7,0.84,18.41,6.22,0.1,3.69,6.96,3.93,0.98,0.16
3791,Granodiorite,-121.7625,46.7817,63.56,0.58,15.95,4.57,0.08,2.13,6.52,4.23,2.26,0.12
3792,Granodiorite,-121.778,46.7926,65.43,0.7,15.75,4.7,0.09,2.57,4.52,3.8,2.3,0.15
3793,Granodiorite,-121.7818,46.7861,66.68,0.59,15.95,3.99,0.07,2.09,3.99,4.03,2.48,0.14
3795,Granodiorite,-121.7269,46.7822,66.38,0.68,15.29,3.89,0.06,2.58,4.27,3.85,2.89,0.11
3798,Granite,-121.7071,46.7884,55.09,0.86,18.22,7.14,0.16,4.35,7.92,3.94,2.13,0.17
3801,Granodiorite,-121.583,46.9194,68.2,0.35,15.59,4.17,0.08,1.42,3.11,4.24,2.7,0.13
3802,Granodiorite,-121.6359,46.9197,68.35,0.47,15.56,3.67,0.06,1.76,4.17,3.87,1.96,0.13
3803,Granodiorite,-121.6034,46.8998,65.33,0.47,16.15,3.76,0.06,1.75,6.03,4.32,2.03,0.11
3804,Granodiorite,-121.5908,46.8921,68.49,0.4,16.3,2.94,0.03,1.52,4.17,4.38,1.65,0.11
3805,Granodiorite,-121.6102,46.8938,67.96,0.5,15.96,3.6,0.04,1.76,4.59,3.91,1.55,0.11
3806,Granite,-121.7107,46.7684,68.95,0.47,15.08,3.25,0.05,1.23,3.06,4.04,3.76,0.11
3808,Granite,-121.6865,46.7706,67.93,0.63,14.9,3.67,0.07,1.86,3.24,4.04,3.54,0.12
3809,Granodiorite,-121.7598,46.7842,65.4,0.6,16.03,4.46,0.08,2.06,4.58,4.11,2.56,0.11
3810,Granodiorite,-121.7786,46.7816,66.74,0.57,15.12,4.28,0.08,2.2,4.37,4.01,2.49,0.13
3811,Granodiorite,-121.7362,46.7699,64.75,0.66,16.33,4.6,0.07,2.43,4.65,3.87,2.49,0.15
3812,Granite,-121.7253,46.7901,66.57,0.75,15.13,4.07,0.08,2.0,3.76,3.92,3.59,0.13
3813,Granodiorite,-121.7515,46.7908,68.56,0.52,15.38,2.95,0.04,1.94,4.05,3.95,2.53,0.09
3814,Granite,-121.7353,46.7566,67.5,0.51,16.08,3.88,0.03,1.53,3.55,4.1,2.72,0.1
3815,Granodiorite,-121.7325,46.7667,66.74,0.44,15.35,4.3,0.08,1.73,3.83,3.88,3.52,0.14
3816,Granite,-121.7018,46.7563,66.63,0.63,15.35,4.49,0.1,1.87,3.76,4.09,2.92,0.15
3817,Granite,-121.7251,46.7642,66.58,0.49,15.89,3.95,0.06,1.67,4.0,4.27,2.97,0.12
3818,Granodiorite,-121.7315,46.7918,66.33,0.61,15.2,2.91,0.06,2.16,5.33,4.14,3.1,0.14
3819,Granite,-121.7202,46.7915,67.07,0.7,15.72,3.84,0.06,1.62,3.6,3.92,3.34,0.13
3820,Granite,-121.7249,46.7934,67.83,0.68,14.91,3.32,0.05,1.97,5.51,4.88,0.7,0.15
3821,Granite,-121.7266,46.793,66.32,0.72,15.65,3.08,0.07,2.12,5.28,3.94,2.67,0.15
3822,Granite,-121.7163,46.7818,66.35,0.71,16.45,4.47,0.08,1.68,3.26,3.91,2.9,0.19
3823,Granite,-121.7215,46.7942,67.98,0.64,15.27,4.15,0.03,0.44,3.61,4.28,3.47,0.13
3824,Granite,-121.7438,46.7546,69.0,0.51,15.39,3.14,0.03,1.77,2.86,3.97,3.21,0.12
3825,Granite,-121.7069,46.7864,62.59,1.03,16.36,5.28,0.07,2.53,5.3,4.19,2.39,0.27
3828,Granodiorite,-121.728,46.7641,66.36,0.69,15.31,4.3,0.09,2.17,3.92,4.19,2.84,0.13
3829,Granodiorite,-121.7255,46.7957,67.93,0.55,15.65,3.66,0.03,1.68,3.8,3.63,2.93,0.13
3832,Granite,-121.7049,46.7537,66.04,0.7,15.3,3.7,0.09,1.86,4.07,4.35,3.76,0.13
3833,Granite,-121.7257,46.7623,68.11,0.64,14.02,3.92,0.07,1.88,3.6,4.15,3.45,0.15
3834,Granite,-121.7106,46.7588,68.04,0.47,15.79,3.84,0.1,1.34,3.38,3.97,2.98,0.1
3835,Granite,-121.7162,46.7668,68.18,0.57,14.81,3.51,0.07,1.84,3.39,4.05,3.39,0.18
3836,Granite,-121.7254,46.7657,68.15,0.5,15.26,3.36,0.06,1.93,3.41,3.87,3.35,0.11
3837,Granite,-121.706,46.7519,66.89,0.74,15.14,3.37,0.04,1.92,4.8,3.93,3.04,0.14
3838,Granodiorite,-121.7103,46.7577,62.48,0.8,16.95,4.73,0.09,2.42,5.1,4.66,2.59,0.18
3839,Granite,-121.7123,46.7633,66.66,0.66,15.03,4.11,0.09,1.97,3.67,4.18,3.51,0.13
3840,Granite,-121.7372,46.7564,69.42,0.62,15.02,2.8,0.03,1.83,3.04,3.96,3.14,0.13
3841,Granodiorite,-121.587,46.9177,66.76,0.6,15.48,3.95,0.05,1.94,3.7,4.24,3.12,0.14
3842,Granite,-121.7293,46.7627,66.76,0.6,15.48,3.95,0.05,1.94,3.7,4.24,3.12,0.14
3843,Granite,-121.7347,46.7557,69.21,0.53,15.22,3.17,0.03,1.46,3.15,3.75,3.37,0.1
3844,Granodiorite,-121.7259,46.7675,66.33,0.75,15.29,4.09,0.09,2.14,3.73,3.88,3.54,0.15
3845,Granite,-121.6907,46.7713,67.42,0.49,15.7,3.56,0.06,1.36,3.6,4.34,3.36,0.12
3846,Granite,-121.6889,46.7736,67.13,0.54,15.81,3.83,0.09,1.44,3.58,4.14,3.34,0.11
3848,Granite,-121.6936,46.7729,70.79,0.48,14.02,2.89,0.04,1.26,2.58,3.76,4.1,0.08
3849,Granite,-121.7033,46.7681,68.75,0.56,14.62,3.17,0.05,1.56,3.56,4.22,3.38,0.12
3851,Andesite tuff,-121.5956,46.9449,60.21,0.79,16.56,6.53,0.12,3.9,7.04,3.47,1.2,0.18
3852,Dacite tuff,-121.6036,46.9399,67.73,0.59,16.35,3.67,0.05,1.36,4.05,3.91,2.18,0.11
3853,Andesite,-121.6705,46.9272,62.05,0.93,16.09,6.76,0.1,2.73,6.11,3.49,1.53,0.21
3856,Andesite,-121.6082,46.94,64.31,0.6,16.63,5.01,0.08,2.67,3.87,4.62,2.02,0.19
3857,Dacite tuff,-121.5943,46.9439,71.79,0.44,14.14,3.26,0.04,0.77,1.82,4.09,3.58,0.09
3858,Granodiorite,-121.5984,46.9398,70.38,0.44,15.09,3.56,0.04,0.95,1.61,4.76,3.06,0.11
3861,Quartz monzonite,-122.4472,44.1278,73.24,0.42,14.48,2.24,0.01,0.59,1.43,3.47,4.08,0.04
3862,Basaltic andesite,-122.4944,44.8292,56.52,1.34,18.46,8.06,0.03,3.71,7.12,3.61,0.85,0.3
3863,Basaltic andesite,-122.4944,44.8292,56.71,1.33,17.64,8.2,0.12,3.9,7.49,3.49,0.83,0.29
3864,Quartz monzonite,-122.45,44.1222,72.84,0.42,14.65,2.4,0.02,0.49,1.54,3.07,4.51,0.06
3865,Granodiorite,-122.2389,45.7,65.58,0.75,15.93,4.86,0.06,1.94,4.09,3.98,2.66,0.15
3866,Granodiorite,-122.2375,45.6917,61.96,0.96,17.17,5.47,0.08,3.15,5.38,3.86,1.83,0.13
3867,Basaltic andesite,-122.75,44.6833,56.41,2.07,13.62,11.44,0.2,3.59,7.33,3.18,1.79,0.37
3868,Dacite tuff,-122.7667,43.2333,68.27,0.88,14.56,4.54,0.13,1.37,3.99,4.37,1.69,0.21
3869,Dacite tuff,-121.0869,46.7969,67.48,1.22,13.8,8.85,0.1,1.92,3.55,1.12,1.73,0.23
3870,Dacite tuff,-121.1458,46.7117,69.92,0.68,16.56,2.88,0.03,1.04,3.36,2.81,2.55,0.16
3871,Dacite tuff,-121.1986,46.9617,63.71,0.7,16.79,10.35,0.18,0.93,3.6,1.89,1.7,0.14
3872,Andesite tuff,-121.1986,46.9617,62.1,1.52,19.3,8.69,0.25,1.08,4.86,1.47,0.64,0.08
3873,Rhyolite tuff,-121.1981,46.9403,73.09,0.29,14.73,2.39,0.06,0.56,3.56,2.81,2.45,0.07
3874,Andesite tuff,-121.2886,46.9892,57.93,1.48,17.39,9.82,0.09,3.92,6.66,1.87,0.66,0.18
3875,Basaltic andesite,-122.8547,46.0347,54.18,1.44,17.89,8.29,0.12,4.6,9.42,3.22,0.57,0.27
3876,Basalt,-122.8764,46.1072,47.95,3.05,13.82,12.12,0.22,7.02,12.64,1.49,0.85,0.85
3877,Andesite tuff,-121.5992,46.5236,61.85,1.42,16.34,8.89,0.19,1.99,4.15,3.78,1.12,0.27
3878,Dacite tuff,-121.5931,46.5186,66.48,1.32,15.96,7.34,0.13,1.23,3.57,2.6,1.1,0.28
3879,Dacite tuff,-121.8925,46.9403,66.97,0.84,16.43,3.78,0.11,1.21,3.67,3.44,3.38,0.17
3880,Rhyolite tuff,-121.2653,46.7742,76.09,0.2,12.99,1.94,0.07,0.3,1.37,3.58,3.4,0.06
3881,Dacite tuff,-121.2597,47.0797,68.44,0.86,15.29,6.24,0.15,2.05,5.12,0.68,0.96,0.21
3882,Dacite tuff,-121.1339,46.6839,64.78,0.84,15.99,5.62,0.13,1.53,4.94,3.3,2.59,0.28
3883,Basalt,-122.5269,46.1131,49.8,1.72,15.98,10.7,0.18,6.76,11.78,2.54,0.34,0.19
3884,Basalt,-122.4736,46.1486,48.44,1.89,16.36,11.16,0.18,7.22,11.88,2.43,0.24,0.22
3885,Basalt,-122.5222,46.1278,49.76,1.9,14.7,12.03,0.22,6.64,11.51,2.69,0.32,0.23
3886,Basalt,-122.525,46.1417,48.27,2.43,15.75,13.07,0.21,5.73,11.05,2.77,0.42,0.3
3887,Basalt,-122.5528,46.1389,49.11,1.7,17.8,10.22,0.18,5.62,12.28,2.62,0.27,0.19
3888,Basalt,-122.5681,46.1403,47.63,0.7,13.55,9.47,0.17,16.68,10.15,1.41,0.16,0.08
3889,Basaltic andesite,-122.575,46.1403,52.12,1.44,17.14,9.01,0.15,6.55,9.46,3.28,0.51,0.34
3890,Basalt,-122.5611,46.1833,48.71,1.4,18.0,9.59,0.18,6.91,12.51,2.28,0.27,0.17
3891,Basalt,-122.5278,46.1972,48.56,2.74,15.37,13.64,0.22,5.32,10.45,2.92,0.46,0.34
3892,Basalt,-122.5375,46.2167,50.92,1.52,16.6,9.65,0.15,8.1,9.32,3.01,0.47,0.26
3893,Basalt,-122.5819,46.2222,45.43,1.57,14.97,10.13,0.19,9.94,13.01,3.3,0.76,0.7
3894,Basalt,-122.5306,46.2306,48.43,1.6,15.87,11.01,0.2,7.99,12.24,2.21,0.29,0.18
3895,Basaltic andesite,-122.5625,46.2486,52.31,1.64,16.78,9.45,0.18,6.21,9.56,3.19,0.32,0.37
3896,Basalt,-122.5667,46.2375,50.5,1.53,16.53,9.79,0.15,8.29,9.57,2.95,0.44,0.25
3897,Basaltic andesite,-122.6111,46.4111,55.29,1.19,16.35,7.97,0.15,6.16,8.17,3.23,1.19,0.3
3898,Basalt,-122.6167,46.3806,50.65,1.48,16.92,9.47,0.17,7.84,9.79,2.87,0.54,0.29
3899,Basalt,-122.6083,46.3944,48.91,2.52,14.78,11.37,0.18,8.39,10.13,2.64,0.75,0.33
3900,Basalt,-122.4583,46.0472,51.92,0.95,19.14,7.82,0.14,5.38,11.4,2.68,0.44,0.14
3901,Basalt,-122.4611,46.0708,49.61,2.63,14.35,14.58,0.25,5.08,9.37,3.19,0.59,0.35
3902,Basalt,-122.4764,46.0819,48.4,1.37,16.61,10.15,0.17,8.72,12.0,2.18,0.24,0.16
3903,Basalt,-122.4944,46.0792,48.37,1.38,16.5,10.05,0.17,8.61,12.19,2.34,0.24,0.15
3904,Basalt,-122.4861,46.1014,48.22,1.25,16.86,9.44,0.16,9.26,12.44,2.07,0.16,0.13
3905,Basalt,-122.4819,46.1403,47.86,2.85,14.77,14.76,0.24,5.54,10.29,2.89,0.46,0.35
3906,Basalt,-122.4875,46.1625,48.32,2.52,15.43,13.25,0.21,5.79,10.96,2.8,0.45,0.28
3907,Basaltic andesite,-122.4403,46.1986,54.17,1.33,16.34,8.22,0.13,6.81,8.76,3.32,0.66,0.26
3908,Dacite dike,-121.4764,46.6042,66.2,0.52,16.97,3.93,0.12,1.8,5.49,2.75,2.06,0.16
3909,Andesite,-121.4475,46.4344,66.86,0.71,15.92,4.02,0.11,1.37,3.21,4.22,3.39,0.2
3910,Andesite,-121.4742,46.4081,61.61,1.12,15.63,7.7,0.1,2.19,4.9,3.8,2.61,0.34
3911,Andesite,-121.4503,46.3919,60.73,0.97,16.97,5.61,0.1,3.39,6.01,3.98,2.0,0.22
3912,Dacite tuff,-121.1008,47.0086,71.36,0.61,15.05,4.2,0.04,1.19,4.44,1.56,1.39,0.13
3913,Dacite tuff,-121.1008,47.0086,71.07,0.6,15.04,4.2,0.04,1.16,4.5,1.59,1.66,0.13
3914,Rhyolite tuff,-121.0536,46.9864,73.92,0.44,14.12,3.45,0.03,0.93,3.6,1.58,1.83,0.09
3915,Rhyolite,-121.0928,47.0264,74.48,0.22,15.89,0.27,0.01,0.15,0.25,1.33,7.41,0.0
3916,Rhyolite,-121.0517,47.0364,79.17,0.2,11.95,1.56,0.01,0.24,0.56,0.74,5.53,0.05
3917,Dacite,-121.1278,47.0161,69.84,0.74,16.17,4.21,0.05,1.43,3.88,2.1,1.42,0.15
3918,Andesite,-121.1483,47.0383,61.11,1.67,17.58,7.48,0.17,2.07,4.89,4.06,0.63,0.33
3919,Dacite tuff,-121.5533,46.4272,69.31,1.38,18.27,3.68,0.06,0.82,2.78,2.64,0.89,0.18
3920,Rhyolite tuff,-121.1489,47.0369,72.97,0.69,15.33,1.51,0.02,0.26,2.08,4.52,2.44,0.17
3921,Andesite tuff,-121.1483,47.0383,59.94,1.24,15.97,8.16,0.11,2.78,6.73,4.29,0.36,0.4
3922,Rhyolite tuff,-121.2597,46.8472,76.28,0.13,13.83,2.0,0.05,0.2,1.52,3.2,2.79,0.0
3923,Rhyolite tuff,-121.1125,47.0064,78.34,0.28,12.38,0.9,0.02,0.0,1.3,4.06,2.64,0.07
3924,Andesite,-121.8236,45.4014,59.17,0.94,16.83,6.37,0.11,4.83,6.63,3.75,1.17,0.2
3925,Andesite,-121.9269,45.3492,62.96,0.66,17.36,4.59,0.07,3.06,6.09,4.01,1.05,0.15
3926,Andesite,-121.8128,45.3175,57.04,1.18,18.34,7.77,0.14,3.49,7.13,3.91,0.73,0.27
3927,Quartz diorite,-121.82,45.27,60.16,0.86,17.04,5.93,0.15,4.16,6.44,3.98,1.09,0.17
3928,Quartz diorite,-121.8378,45.2747,62.78,1.0,16.03,5.76,0.08,3.1,5.29,3.74,1.99,0.23
3929,Andesite,-121.8314,45.3061,59.14,0.86,18.14,6.19,0.1,3.62,7.36,3.73,0.68,0.18
3930,Quartz diorite,-121.8314,45.3061,59.5,0.92,17.61,5.73,0.11,3.98,6.67,4.07,1.2,0.2
3931,Quartz diorite,-121.8211,45.3031,61.7,1.09,16.04,6.02,0.09,3.15,5.61,4.12,1.94,0.26
3932,Andesite,-121.8039,45.2947,56.38,1.21,17.94,7.46,0.12,4.68,6.91,3.66,1.38,0.24
3933,Andesite,-121.8144,45.2939,59.52,1.02,18.11,6.01,0.1,3.58,6.35,3.84,1.26,0.21
3934,Andesite,-121.7989,45.2928,56.49,1.18,17.48,7.51,0.13,4.79,7.11,3.69,1.37,0.25
3935,Andesite,-121.7906,45.29,61.55,1.1,17.04,5.75,0.1,2.47,5.15,4.38,2.15,0.31
3936,Andesite,-121.7928,45.3,57.47,1.13,18.17,6.58,0.11,3.76,7.0,4.1,1.37,0.31
3937,Andesite,-121.8008,45.4269,61.21,0.84,17.46,5.44,0.1,3.15,6.36,3.98,1.28,0.17
3938,Andesite,-121.8247,45.4103,61.3,1.04,16.92,5.87,0.08,3.31,5.67,3.97,1.59,0.24
3939,Andesite,-121.8319,45.4014,59.0,0.97,17.18,6.34,0.09,4.58,6.68,3.77,1.19,0.2
3940,Basaltic andesite,-121.8494,45.3497,54.01,1.27,18.04,7.96,0.13,5.35,7.86,3.77,1.3,0.31
3941,Basalt,-121.7775,45.4019,51.16,1.71,16.74,9.52,0.15,7.67,8.31,3.36,0.98,0.4
3942,Basaltic andesite,-122.6333,46.4,52.68,1.25,15.94,8.69,0.14,7.71,9.5,2.73,0.99,0.36
3943,Basaltic andesite,-122.6333,46.3833,52.91,1.13,15.33,8.8,0.16,9.07,8.98,2.67,0.69,0.25
3944,Basalt,-122.6333,46.3833,49.3,2.09,14.2,10.75,0.17,11.12,8.84,2.44,0.79,0.3
3945,Basalt,-122.65,46.3833,52.0,1.64,16.31,9.27,0.15,6.26,10.3,2.91,0.82,0.34
3946,Basalt,-122.65,46.4,49.58,2.27,15.43,10.86,0.18,7.42,10.43,2.75,0.72,0.37
3947,Basalt,-122.65,46.4,50.27,2.25,15.86,10.64,0.17,6.58,10.37,2.75,0.76,0.36
3948,Basaltic andesite,-122.5833,46.4333,55.62,1.31,16.84,8.32,0.14,4.93,8.2,3.4,0.9,0.35
3949,Basalt,-122.5,46.0833,49.79,2.08,15.16,12.17,0.22,6.14,10.86,2.83,0.48,0.28
3950,Basalt,-122.4667,46.0667,49.81,1.79,16.84,10.38,0.18,5.9,11.84,2.63,0.4,0.22
3951,Basalt,-122.4833,46.15,48.31,2.48,15.8,13.12,0.21,5.55,11.01,2.79,0.42,0.31
3952,Basalt,-122.4833,46.15,48.38,2.54,15.41,13.23,0.22,5.72,10.92,2.8,0.46,0.32
3953,Basalt,-122.4833,46.1167,47.24,2.85,16.95,14.14,0.38,4.45,10.54,2.78,0.29,0.36
3954,Basalt,-122.5,46.0667,49.87,2.64,14.32,14.56,0.26,4.79,9.5,3.18,0.52,0.36
3955,Basalt,-122.3833,46.0333,49.04,1.67,15.66,11.33,0.19,7.47,11.88,2.38,0.19,0.18
3956,Andesite,-122.6167,46.1167,57.04,1.76,16.3,8.74,0.17,3.33,7.24,4.17,0.71,0.55
3957,Basaltic andesite,-122.55,46.2333,52.07,1.66,16.53,9.67,0.15,6.65,9.25,3.18,0.54,0.3
3958,Basalt,-122.5833,46.2167,45.66,1.6,14.87,9.9,0.17,9.81,13.09,3.09,0.96,0.84
3959,Basalt,-122.5833,46.2167,48.32,1.4,15.83,10.46,0.19,9.98,10.59,2.48,0.49,0.26
3960,Basaltic andesite,-122.5833,46.2167,52.12,1.37,17.34,8.86,0.18,6.4,9.8,3.08,0.6,0.26
3961,Basalt,-122.6,46.2333,51.82,1.48,17.03,9.08,0.14,7.11,9.08,3.35,0.61,0.3
3962,Basaltic andesite,-122.5667,46.25,52.6,1.61,16.68,9.26,0.16,6.22,9.39,3.18,0.52,0.38
3963,Basalt,-122.5833,46.25,47.94,1.28,15.22,9.6,0.18,10.87,11.39,2.17,0.96,0.38
3964,Basalt,-122.5833,46.2,48.24,1.34,15.91,10.16,0.17,10.06,10.78,2.51,0.56,0.26
3965,Basaltic andesite,-122.5833,46.2,52.54,1.26,16.45,8.38,0.14,8.16,9.2,3.06,0.57,0.22
3966,Basaltic andesite,-122.5833,46.2,53.25,1.31,16.93,8.48,0.14,6.62,9.24,3.18,0.6,0.25
3967,Basalt,-122.5833,46.2,51.5,1.12,16.04,8.77,0.15,9.49,9.8,2.64,0.33,0.16
3968,Basalt,-122.6,46.2,51.7,1.28,16.96,8.83,0.15,7.54,9.98,2.88,0.46,0.22
3969,Basaltic andesite,-122.6167,46.2,53.64,1.42,17.23,8.73,0.14,5.54,9.15,3.25,0.64,0.27
3970,Basalt,-122.5667,46.1667,48.6,1.29,18.62,9.02,0.18,6.99,12.79,2.14,0.18,0.17
3971,Basaltic andesite,-122.6167,46.15,53.31,1.46,17.53,8.71,0.14,5.65,9.08,3.24,0.59,0.28
3972,Basalt,-122.5,46.1667,48.53,2.45,15.5,13.12,0.21,5.7,10.91,2.81,0.46,0.32
3973,Basaltic andesite,-122.4639,46.3239,53.94,1.19,16.02,8.05,0.13,7.66,8.87,2.9,0.99,0.26
3974,Andesite,-122.5239,46.3797,57.61,1.21,17.64,6.92,0.15,3.75,7.56,3.74,1.1,0.31
3975,Andesite,-122.5356,46.3828,57.65,1.27,17.96,7.19,0.1,3.06,7.37,3.89,1.27,0.26
3976,Andesite,-122.5008,46.3936,53.14,1.36,18.43,8.47,0.22,4.81,9.28,3.41,0.66,0.23
3977,Basaltic andesite intrusion,-121.9672,46.5256,54.31,1.05,17.87,8.64,0.15,5.07,9.16,2.94,0.63,0.19
3978,Andesite intrusion,-121.9967,46.5344,58.31,1.27,16.65,8.76,0.17,2.73,6.99,3.74,1.09,0.3
3979,Diorite,-121.8311,46.5353,63.7,0.65,16.67,4.75,0.09,2.98,5.7,3.83,1.45,0.17
3980,Andesite sill,-121.9919,46.5697,58.49,1.09,18.55,7.03,0.13,2.18,7.16,3.99,1.14,0.25
3981,Andesite,-121.9853,46.5981,57.12,1.07,17.25,7.11,0.25,3.63,8.38,3.49,1.43,0.29
3982,Andesite dike,-121.9994,46.6244,61.14,0.75,17.41,7.27,0.15,2.34,5.1,4.9,0.77,0.17
3983,Basaltic andesite intrusion,-121.9658,46.6106,54.05,1.23,19.23,8.15,0.12,4.48,8.99,3.24,0.26,0.24
3984,Granodiorite,-121.8764,46.58,66.56,0.56,16.26,4.08,0.09,2.01,4.33,4.18,1.74,0.2
3985,Diorite sill,-121.8783,46.6028,50.93,1.36,20.58,9.35,0.17,3.26,11.11,2.77,0.25,0.22
3986,Basalt,-121.8764,46.6239,49.34,0.75,22.88,7.48,0.13,4.06,13.08,1.94,0.22,0.12
3987,Basaltic andesite intrusion,-121.9947,46.5061,53.21,1.04,20.51,7.48,0.14,3.98,10.0,3.12,0.33,0.19
3988,Basaltic andesite tuff,-121.9867,46.5339,54.53,1.2,20.85,7.86,0.11,4.06,7.7,2.9,0.64,0.15
3989,Andesite intrusion,-122.0,46.5417,58.58,0.93,19.42,6.02,0.1,2.35,7.31,4.08,0.96,0.24
3990,Granodiorite,-121.8717,46.5431,64.02,0.64,16.78,4.88,0.11,2.53,5.36,3.94,1.56,0.18
3991,Rhyolite,-121.8861,46.7161,72.57,0.22,14.74,3.18,0.09,0.31,2.72,4.28,1.74,0.15
3992,Andesite,-121.8411,46.5944,56.79,1.34,16.85,8.36,0.16,4.14,7.69,3.41,0.98,0.28
3993,Andesite,-121.8619,46.6117,56.67,1.34,17.45,7.88,0.13,3.66,8.0,3.63,0.95,0.27
3994,Rhyolite,-121.8611,46.6122,74.75,0.18,15.08,1.93,0.07,0.24,5.78,1.38,0.42,0.16
3995,Rhyolite sill,-121.8283,46.5994,74.69,0.19,14.44,1.99,0.06,0.31,2.51,3.68,1.97,0.16
3996,Basaltic andesite dike,-121.86,46.5525,54.51,1.08,18.03,9.08,0.17,4.58,9.02,2.92,0.45,0.16
3997,Diorite sill,-121.8294,46.5972,60.63,1.28,16.54,7.95,0.17,1.8,7.2,3.35,0.83,0.25
3998,Rhyolite sill,-121.8222,46.5756,75.15,0.18,14.05,1.94,0.07,0.28,2.31,4.02,1.83,0.17
3999,Diorite sill,-121.8556,46.6247,56.91,1.54,17.28,9.01,0.17,2.67,7.61,3.69,0.9,0.22
4000,Rhyolite intrusion,-121.8031,46.6061,76.15,0.13,13.99,1.81,0.08,0.19,0.83,4.05,2.62,0.14
4001,Rhyolite tuff,-121.6197,46.4717,74.19,0.34,14.1,2.81,0.07,0.53,4.95,1.67,1.24,0.11
4002,Basaltic andesite,-122.8333,46.35,53.97,1.99,13.88,12.58,0.27,4.41,8.31,2.85,1.38,0.38
4003,Basaltic andesite,-122.8833,46.35,54.41,2.01,14.11,11.88,0.21,4.47,8.37,2.89,1.29,0.36
4004,Basalt,-122.6167,46.3833,51.92,1.39,16.49,8.88,0.14,8.36,8.8,3.02,0.69,0.32
4005,Basaltic andesite,-122.6667,46.25,52.82,1.94,16.19,10.93,0.22,4.24,8.83,3.78,0.62,0.44
4006,Andesite,-122.6333,46.3667,58.58,1.22,16.96,7.44,0.14,3.41,6.78,3.82,1.32,0.32
4007,Basalt,-122.5833,46.2,48.01,1.53,16.45,10.9,0.19,8.68,10.97,2.49,0.51,0.27
4008,Basalt,-122.5,46.1833,48.45,2.44,15.68,13.11,0.21,5.79,10.82,2.75,0.43,0.31
4009,Basaltic andesite,-122.6167,46.2833,54.55,2.1,15.95,10.65,0.14,3.72,7.46,4.23,0.81,0.38
4010,Basalt,-122.7,46.2667,46.96,0.95,16.71,9.41,0.18,11.28,12.2,1.71,0.39,0.19
4011,Basaltic andesite,-122.7333,46.2833,56.07,1.96,15.93,9.65,0.19,3.53,7.18,4.15,0.84,0.5
4012,Basalt,-122.5167,46.2,48.25,2.77,15.71,13.67,0.24,5.2,10.85,2.71,0.26,0.35
4013,Basalt,-122.5333,46.1833,49.29,1.81,16.02,11.72,0.22,7.49,10.54,2.51,0.23,0.19
4014,Basalt,-122.6333,44.4167,51.09,2.05,16.11,12.85,0.26,4.51,9.34,3.08,0.4,0.32
4015,Dacite stock,-122.2833,46.15,68.31,0.5,16.67,3.23,0.06,1.21,3.64,4.35,1.82,0.21
4016,Basaltic andesite,-122.1417,46.0708,52.12,1.41,16.74,9.74,0.14,7.46,8.07,3.13,0.84,0.36
4017,Granodiorite,-122.2,46.325,59.86,0.98,16.64,6.7,0.12,3.35,6.9,3.45,1.83,0.17
4018,Granodiorite,-122.1,46.3667,63.93,0.86,15.98,5.29,0.09,2.51,5.33,3.62,2.21,0.17
4019,Andesite,-122.2667,46.125,58.51,1.23,17.62,7.76,0.15,2.77,6.66,3.69,1.33,0.28
4020,Basaltic andesite,-122.0333,46.2208,54.66,1.63,18.35,9.87,0.17,3.06,8.36,2.96,0.65,0.29
4021,Granodiorite,-122.0667,46.35,59.85,1.06,16.57,6.42,0.12,3.72,6.64,3.84,1.59,0.19
4022,Basaltic andesite,-122.0833,46.5,52.56,1.01,18.5,8.13,0.15,6.2,10.37,2.64,0.27,0.16
4023,Rhyolite tuff,-121.7417,47.7733,73.91,0.37,13.48,2.24,0.11,0.67,2.0,4.11,3.05,0.06
4024,Dacite,-121.6167,47.0633,66.28,0.73,15.96,5.23,0.12,1.16,3.07,4.76,2.54,0.16
4025,Basaltic andesite,-121.6233,47.065,54.98,1.03,17.3,8.0,0.06,5.15,9.37,2.88,1.03,0.2
4026,Rhyolite,-121.33,47.765,73.59,0.26,14.11,2.31,0.12,0.86,2.52,4.03,2.12,0.08
4027,Basaltic andesite,-121.8483,47.0967,54.09,1.2,15.3,7.54,0.16,8.7,7.5,3.6,1.5,0.41
4028,Rhyolite dike,-121.7833,47.09,73.42,0.39,13.72,2.34,0.07,0.71,1.21,3.73,4.34,0.07
4029,Andesite,-121.865,47.285,56.17,1.24,17.14,7.81,0.12,4.54,7.95,3.72,1.03,0.28
4030,Andesite,-121.8117,47.1317,61.73,0.77,17.28,4.91,0.12,3.29,6.07,3.6,2.06,0.16
4031,Rhyolite,-121.745,47.0517,72.92,0.4,13.63,2.33,0.1,0.58,1.73,3.86,4.37,0.07
4032,Rhyolite tuff,-122.8589,42.9675,72.8,0.36,14.15,3.84,0.09,0.32,2.15,4.07,2.17,0.05
4033,Rhyolite tuff,-122.9014,42.8917,77.03,0.13,12.98,1.49,0.02,0.23,1.09,3.35,3.67,0.0
4034,Andesite,-122.25,46.5,61.48,1.03,17.12,6.14,0.06,2.37,4.85,4.85,1.55,0.55
4035,Basaltic andesite,-122.2333,46.4333,52.79,1.54,17.5,9.28,0.13,4.12,9.88,3.4,0.86,0.49
4036,Basaltic andesite,-122.2333,46.2667,52.27,0.96,16.04,8.88,0.18,7.51,10.05,3.25,0.57,0.28
4037,Andesite,-121.3917,47.0367,59.29,1.25,17.46,7.74,0.16,2.61,6.8,3.35,1.05,0.29
4038,Dacite  tuff,-121.9017,47.1317,70.78,0.52,14.59,3.2,0.02,1.74,4.25,1.85,2.94,0.11
4039,Rhyolite,-121.6967,47.1033,74.1,0.41,13.59,2.11,0.04,0.37,1.23,3.58,4.5,0.08
4040,Andesite tuff,-121.6083,47.0317,59.64,0.92,17.02,6.74,0.13,3.86,5.85,3.86,1.78,0.21
4041,Andesite tuff,-121.585,47.06,59.95,1.09,17.32,7.47,0.14,3.66,8.55,1.44,0.13,0.23
4042,Basaltic andesite,-121.76,47.7017,54.37,1.04,17.71,8.21,0.13,5.9,8.7,3.31,0.41,0.21
4043,Basaltic andesite,-121.8683,47.845,55.81,1.37,16.01,11.47,0.22,3.16,6.95,3.79,0.97,0.26
4044,Andesite,-122.03,47.83,60.15,0.68,18.46,5.4,0.13,3.04,6.9,4.26,0.79,0.19
4045,Dacite tuff,-121.7083,47.775,65.85,0.73,17.71,4.58,0.11,1.01,3.16,4.38,2.34,0.13
4046,Andesite tuff,-121.3017,47.0317,61.0,0.89,19.12,4.96,0.1,2.81,6.03,4.05,0.81,0.23
4047,Andesite,-121.375,47.065,61.02,1.52,15.74,7.27,0.14,2.23,5.99,3.65,2.03,0.41
4048,Dacite tuff,-121.6783,47.26,74.28,0.41,13.44,2.63,0.04,1.0,3.11,1.09,3.89,0.11
4049,Basaltic andesite,-121.28,47.13,57.15,1.32,17.9,7.88,0.15,3.15,7.53,3.76,0.89,0.25
4050,Andesite,-121.815,47.4883,60.55,1.01,17.23,6.36,0.13,2.92,6.35,4.03,1.21,0.21
4051,Basaltic andesite,-121.5833,47.2183,56.32,1.22,17.86,7.78,0.14,4.16,7.71,3.25,1.32,0.23
4052,Andesite,-121.8283,47.4167,59.77,0.89,17.03,6.64,0.96,3.67,6.02,3.77,1.02,0.22
4053,Dacite tuff,-121.945,47.0333,71.71,0.41,15.37,3.2,0.46,0.59,2.82,3.24,2.09,0.11
4054,Andesite,-121.9667,46.35,56.37,0.99,16.27,7.73,0.19,5.05,9.35,2.84,1.01,0.18
4055,Basalt,-122.6167,46.4167,48.91,1.28,16.13,9.1,0.15,9.44,11.61,2.31,0.78,0.28
4056,Basalt,-122.35,46.1,49.02,1.67,16.82,10.8,0.18,6.68,12.1,2.29,0.28,0.17
4057,Basalt,-122.3333,46.0667,50.69,1.48,15.98,10.14,0.16,6.66,11.57,2.79,0.34,0.19
4058,Basaltic andesite,-121.8736,46.3481,54.63,1.6,21.16,6.55,0.28,2.46,6.12,5.15,1.67,0.39
4059,Basaltic andesite,-121.8725,46.3461,54.2,1.16,18.51,8.09,0.16,4.21,9.47,3.17,0.82,0.2
4060,Dacite sill,-121.8367,46.2989,64.32,0.71,17.53,4.62,0.07,2.1,5.12,4.11,1.24,0.19
4061,Dacite,-121.9611,46.3842,69.16,0.77,14.38,5.22,0.1,0.97,5.14,3.04,1.07,0.16
4062,Basalt,-122.3667,46.1,48.03,1.44,17.91,10.06,0.18,6.93,12.94,2.19,0.18,0.14
4063,Basalt,-122.3667,46.0833,49.03,2.03,16.59,12.58,0.21,6.03,10.01,2.87,0.42,0.23
4064,Basalt,-122.3667,46.1167,48.63,1.53,17.76,10.04,0.18,6.48,12.91,2.08,0.26,0.15
4065,Andesite,-121.8506,46.2772,60.01,0.99,17.32,6.87,0.13,2.99,6.27,3.81,1.4,0.21
4066,Basaltic andesite,-121.9403,46.5233,54.64,1.48,18.83,8.56,0.14,2.88,8.95,3.6,0.7,0.21
4067,Basaltic andesite,-121.8797,46.5219,54.61,1.27,19.0,9.24,0.17,2.4,8.79,3.45,0.79,0.27
4068,Dacite,-121.9211,46.5172,66.23,0.9,14.23,7.79,0.13,0.68,3.6,4.08,2.07,0.29
4069,Basalt dike,-121.8886,46.5142,51.75,1.0,19.67,8.4,0.15,4.41,11.68,2.56,0.27,0.1
4070,Basaltic andesite dike,-121.8869,46.5078,56.59,1.78,15.36,10.34,0.23,3.22,7.99,3.22,0.97,0.3
4071,Basalt,-122.3669,46.0467,50.94,2.24,15.55,12.98,0.24,4.78,8.82,3.52,0.68,0.28
4072,Andesite dike,-121.8978,46.2758,65.25,0.85,15.75,5.58,0.11,1.56,4.5,3.76,2.41,0.24
4073,Dacite,-121.9217,46.2717,69.32,0.62,15.52,4.38,0.13,0.83,2.86,3.99,2.18,0.17
4074,Dacite dike,-121.8928,46.2828,70.4,0.6,14.68,4.04,0.08,0.88,4.14,2.91,2.13,0.14
4075,Dacite dike,-121.8939,46.2819,52.46,0.99,18.53,7.71,0.15,3.54,13.57,2.38,0.45,0.2
4076,Andesite,-121.9844,46.2683,59.17,1.28,16.92,8.01,0.22,2.41,6.4,4.25,1.12,0.24
4077,Andesite,-121.9903,46.28,59.74,1.27,16.74,8.0,0.22,2.41,6.06,4.18,1.16,0.24
4078,Dacite,-121.9917,46.2883,82.91,0.06,10.47,1.03,0.0,0.13,1.42,0.45,3.53,0.0
4079,Dacite,-121.9906,46.2519,63.11,1.0,15.52,6.8,0.06,2.73,5.49,3.44,1.63,0.21
4080,Rhyolite,-121.9867,46.2536,73.13,0.37,13.57,2.46,0.02,1.22,2.28,3.92,2.96,0.07
4081,Dacite intrusion,-121.8569,46.5072,63.45,1.04,15.79,6.57,0.16,1.76,4.78,4.63,1.5,0.33
4082,Andesite,-121.8453,46.5114,61.04,1.28,15.72,7.45,0.15,2.7,5.81,3.61,1.95,0.29
4083,Basaltic andesite,-121.8497,46.51,54.89,1.44,16.75,9.77,0.24,4.18,7.43,3.32,1.71,0.27
4084,Gabbro,-121.8514,46.5075,52.05,1.53,19.37,8.76,0.14,3.75,10.22,3.31,0.63,0.25
4085,Rhyolite,-121.9936,46.2622,76.04,0.13,13.17,1.83,0.0,0.17,0.64,3.34,4.67,0.0
4086,Basaltic andesite,-121.7678,46.5011,52.91,1.78,16.17,11.42,0.18,4.52,8.92,3.36,0.51,0.21
4087,Andesite,-121.7647,46.5008,59.54,1.65,15.86,8.68,0.2,2.48,5.77,4.52,1.03,0.28
4088,Dacite,-121.8167,46.5039,70.5,0.68,15.32,6.83,0.15,0.14,0.35,4.13,1.7,0.21
4089,Rhyolite,-121.8278,46.505,72.93,0.43,14.94,4.68,0.12,0.0,0.26,4.93,1.64,0.08
4090,Dacite,-121.9231,46.2842,64.55,1.16,15.44,6.15,0.1,1.63,4.32,4.3,2.02,0.33
4091,Rhyolite,-121.9197,46.2872,74.76,0.17,13.91,2.34,0.05,0.45,1.11,4.48,2.72,0.0
4092,Dacite,-121.9153,46.3125,65.64,1.21,14.33,6.13,0.18,0.7,7.19,3.04,1.23,0.36
4093,Basaltic andesite,-121.9425,46.2839,54.59,1.87,15.83,10.5,0.18,3.88,8.37,3.64,0.88,0.26
4094,Diorite,-121.9617,46.2564,56.77,1.28,17.32,8.79,0.17,3.26,6.63,4.47,1.07,0.25
4095,Dacite,-121.9578,46.2553,76.22,0.14,14.72,1.28,0.0,0.21,0.6,2.57,4.26,0.0
4096,Basaltic andesite,-121.9083,46.2672,56.22,2.05,15.55,10.21,0.13,3.64,7.43,3.02,1.38,0.39
4097,Rhyolite,-121.9183,46.2508,76.21,0.45,14.07,2.17,0.05,0.36,1.19,3.2,2.2,0.09
4098,Andesite,-121.8992,46.2642,59.81,1.62,14.87,8.71,0.11,3.18,6.49,3.19,1.6,0.41
4099,Basaltic andesite,-121.9006,46.2708,55.87,1.17,17.64,8.69,0.09,3.6,7.4,3.36,1.95,0.22
4100,Basalt,-122.5025,46.0356,49.89,1.16,15.43,9.63,0.15,11.42,9.56,2.23,0.34,0.19
4101,Basalt,-122.4086,46.1006,48.2,1.45,16.38,10.38,0.18,8.04,12.87,2.11,0.23,0.15
4102,Basalt,-122.5028,46.1025,47.16,1.36,15.89,10.06,0.16,11.17,11.89,2.05,0.1,0.15
4103,Basaltic andesite,-122.4922,46.0322,52.73,1.5,16.93,9.06,0.14,5.86,9.64,3.22,0.51,0.41
4104,Basaltic andesite,-122.4486,46.0475,52.2,2.21,15.1,12.86,0.23,4.48,8.62,3.4,0.61,0.28
4105,Basalt,-122.4917,46.0622,48.89,2.45,14.29,12.77,0.21,6.58,11.64,2.56,0.36,0.26
4106,Basalt,-122.4186,46.0456,51.74,2.19,15.28,12.83,0.23,4.73,8.84,3.31,0.58,0.27
4107,Basaltic andesite,-122.4886,46.0178,55.2,0.97,17.54,7.06,0.1,6.82,8.27,3.34,0.55,0.16
4108,Basalt,-122.3783,46.0156,48.53,1.48,18.61,9.72,0.14,5.94,12.85,2.37,0.2,0.15
4109,Basalt,-122.5006,46.1742,48.13,2.39,15.91,13.04,0.22,5.74,11.14,2.74,0.41,0.28
4110,Basalt,-122.5014,46.1506,48.12,2.43,15.64,13.17,0.21,5.8,11.3,2.64,0.41,0.27
4111,Rhyolite,-121.8928,46.26,71.88,0.36,14.73,3.76,0.09,0.13,0.75,5.61,2.61,0.07
4112,Rhyolite,-121.8761,46.2519,72.51,0.41,14.36,3.27,0.08,0.69,1.25,5.26,2.09,0.08
4113,Andesite dike,-121.8244,46.3281,58.88,0.93,17.29,5.86,0.1,4.21,6.64,4.5,1.3,0.29
4114,Diorite,-121.8481,46.2617,52.67,1.01,17.87,8.45,0.16,6.15,10.27,2.67,0.56,0.18
4115,Diorite dike,-121.7994,46.3578,63.09,0.8,17.77,5.17,0.09,2.37,4.94,4.85,0.67,0.24
4116,Diorite dike,-121.7967,46.3383,62.88,0.8,17.8,6.12,0.2,2.26,5.32,3.96,0.42,0.24
4117,Diorite dike,-121.7892,46.3317,63.69,0.79,17.44,5.7,0.14,2.35,5.33,3.44,0.88,0.24
4118,Quartz diorite,-121.7917,46.3611,66.28,0.58,16.8,4.0,0.08,1.89,4.82,4.35,1.01,0.19
4119,Diorite dike,-121.7694,46.3578,65.36,0.63,16.75,4.2,0.1,2.36,5.0,4.54,0.92,0.15
4120,Diorite,-121.8467,46.2703,62.66,0.82,16.16,5.73,0.1,3.2,5.28,3.23,2.6,0.21
4121,Quartz diorite sill,-121.84,46.28,65.03,0.86,15.54,5.28,0.1,2.39,3.79,3.82,2.98,0.22
4122,Basalt,-122.4711,46.0769,48.03,1.32,16.89,9.8,0.16,9.12,12.21,2.1,0.2,0.16
4123,Basalt,-122.5047,46.075,48.36,1.35,16.81,10.09,0.15,8.73,12.04,2.12,0.22,0.16
4124,Basalt,-122.5294,46.0622,48.54,1.25,17.79,9.44,0.16,7.66,12.44,2.24,0.31,0.14
4125,Basalt,-122.5331,46.075,49.63,3.64,12.84,14.8,0.24,5.09,9.99,2.62,0.65,0.51
4126,Basalt,-122.5042,46.1119,47.89,2.87,14.77,14.86,0.25,5.64,10.36,2.79,0.23,0.35
4127,Basalt,-122.5075,46.0572,48.68,1.3,16.57,9.85,0.17,8.71,12.17,2.22,0.19,0.14
4128,Diorite,-121.4603,46.6864,64.36,0.62,17.22,4.59,0.08,2.2,5.21,4.07,1.46,0.19
4129,Dacite tuff,-121.6361,46.4653,73.61,0.34,14.52,3.08,0.07,0.4,5.89,1.26,0.77,0.07
4130,Andesite sill,-122.125,47.375,58.5,0.18,17.9,7.59,0.1,3.64,7.7,3.54,0.65,0.2
4131,Basalt,-122.7833,42.2833,51.36,0.69,14.49,8.89,0.13,12.89,9.39,1.7,0.36,0.1
4132,Basaltic andesite,-122.5333,42.3667,53.85,0.95,17.75,8.0,0.11,5.27,10.65,2.74,0.54,0.14
4133,Dacite tuff,-122.5333,42.3,71.38,0.61,15.48,3.3,0.03,0.43,2.24,4.18,2.24,0.11
4134,Dacite,-122.5167,42.1167,64.35,1.0,15.86,6.67,0.15,1.41,4.04,4.55,1.62,0.35
4135,Basaltic andesite,-122.4667,42.3833,52.86,0.83,17.65,7.53,0.17,5.51,10.61,2.96,1.63,0.23
4136,Rhyolite,-122.5167,42.3333,71.32,0.56,14.6,2.84,0.07,0.7,2.92,3.55,3.34,0.1
4137,Basaltic andesite,-122.8833,42.7667,53.57,1.13,19.23,7.86,0.13,4.52,9.87,2.67,0.76,0.26
4138,Andesite,-122.7333,42.65,58.43,0.94,18.93,6.11,0.11,2.44,8.04,3.66,1.12,0.21
4139,Rhyolite,-122.55,42.8833,74.81,0.25,14.33,1.46,0.03,0.16,1.33,4.61,2.97,0.05
4140,Andesite,-122.95,42.9167,57.48,1.86,16.1,9.3,0.18,2.89,7.43,3.82,0.69,0.26
4141,Rhyolite tuff,-122.9167,42.9833,76.18,0.15,13.67,1.62,0.03,0.28,1.25,2.71,4.07,0.04
4142,Andesite,-122.5667,42.9167,58.62,1.35,17.61,6.99,0.1,2.49,7.15,4.35,1.02,0.33
4143,Rhyolite tuff,-122.6167,42.6833,70.49,0.7,14.2,3.75,0.17,0.29,2.23,3.35,4.67,0.15
4144,Basaltic andesite,-122.5833,42.7,53.89,1.46,17.06,8.54,0.11,4.89,8.43,3.64,1.35,0.62
4145,Andesite,-121.325,47.2833,57.19,2.18,15.98,10.38,0.19,2.08,6.54,4.05,1.03,0.39
4146,Dacite tuff,-121.315,47.2683,67.41,0.75,15.09,5.45,0.06,1.69,4.22,2.85,2.32,0.16
4147,Dacite,-121.3233,47.235,69.31,0.66,14.8,4.56,0.04,0.77,1.43,5.31,2.96,0.16
4148,Rhyolite tuff,-121.33,47.235,70.78,0.62,14.38,4.4,0.03,0.55,0.62,5.92,2.55,0.15
4149,Basaltic andesite,-121.3483,47.24,54.64,1.41,17.11,9.38,0.14,4.63,8.76,3.12,0.61,0.2
4150,Dacite plug,-121.245,47.1317,66.71,0.51,16.04,4.9,0.11,1.23,4.11,4.21,1.95,0.21
4151,Dacite tuff,-121.3867,47.25,64.12,0.95,15.22,7.6,0.18,1.74,5.43,2.39,2.06,0.3
4152,Basaltic andesite,-121.3733,47.2283,55.49,2.12,15.16,11.59,0.17,3.44,7.48,3.44,0.77,0.34
4153,Dacite plug,-121.44,47.295,67.1,0.56,15.92,3.25,0.04,2.12,4.94,3.22,2.72,0.13
4154,Quartz diorite,-121.7667,47.5,69.86,0.38,14.52,4.27,0.09,1.51,5.14,3.63,0.42,0.17
4155,Andesite,-121.7633,47.3975,58.73,1.62,16.38,9.2,0.22,2.32,5.96,4.14,1.11,0.31
4156,Andesite,-121.7667,47.1836,59.98,0.1,18.66,5.55,0.14,3.08,7.07,3.49,1.74,0.18
4157,Andesite,-121.5653,47.3017,57.65,0.49,18.54,6.88,0.15,3.43,7.86,3.53,1.31,0.15
4158,Dacite,-121.6,47.2675,69.97,0.49,15.04,3.97,0.08,0.38,2.35,5.12,2.46,0.14
4159,Dacite,-121.7633,47.4092,64.97,0.48,17.18,4.98,0.1,1.77,5.62,3.75,0.97,0.19
4160,Andesite,-121.0,47.3017,58.04,1.02,19.41,7.35,0.12,2.04,7.15,3.78,0.81,0.28
4161,Andesite,-121.825,47.1883,61.21,0.66,17.58,5.78,0.1,2.83,5.76,3.54,2.32,0.23
